medium	chm	bytes	queue_set	corpus_dir	pages	state
windows-ce-1.0	sources/windows-ce-1.0/MSDNLIB.HLP	178185			0	unmapped
windows-ce-1.0	sources/windows-ce-1.0/PEGDDK.MVB	405513			0	unmapped
windows-ce-1.0	sources/windows-ce-1.0/PEGSDK.MVB	5353481			0	unmapped
windows-ce-1.0	sources/windows-ce-1.0/RELNOTES.HLP	30504			0	unmapped
windows-ce-3.0	sources/windows-ce-3.0/WindowsCE3.0_DocumentationArchive.zip!WindowsCE3.0_DocumentationArchive.chm	13370824		corpus/chm/windows-ce-3.0/windowsce3.0_documentationarchive	0	unmapped
windows-ce-4.2	sources/windows-ce-4.2/EMULATOR.CHM	58721	windows-ce-4.2	corpus/chm/windows-ce-4.2/emulator	15	extracted
windows-ce-4.2	sources/windows-ce-4.2/REMTOOLS.CHM	486712	windows-ce-4.2	corpus/chm/windows-ce-4.2/remtools	551	extracted
windows-ce-5.0	sources/windows-ce-5.0/P302_wceaccess5.chm	64909	windows-ce-5.0	corpus/chm/windows-ce-5.0/wceaccess5	22	extracted
windows-ce-5.0	sources/windows-ce-5.0/P303_wceacm5.chm	37410	windows-ce-5.0	corpus/chm/windows-ce-5.0/wceacm5	1	extracted
windows-ce-5.0	sources/windows-ce-5.0/P304_wceactsync5.chm	445142	windows-ce-5.0	corpus/chm/windows-ce-5.0/wceactsync5	262	extracted
windows-ce-5.0	sources/windows-ce-5.0/P305_wceasp5.chm	59106	windows-ce-5.0	corpus/chm/windows-ce-5.0/wceasp5	16	extracted
windows-ce-5.0	sources/windows-ce-5.0/P306_wceauthservices5.chm	172802	windows-ce-5.0	corpus/chm/windows-ce-5.0/wceauthservices5	77	extracted
windows-ce-5.0	sources/windows-ce-5.0/P307_wcebluetooth5.chm	365692	windows-ce-5.0	corpus/chm/windows-ce-5.0/wcebluetooth5	279	extracted
windows-ce-5.0	sources/windows-ce-5.0/P308_wcecertificates5.chm	292151	windows-ce-5.0	corpus/chm/windows-ce-5.0/wcecertificates5	121	extracted
windows-ce-5.0	sources/windows-ce-5.0/P309_wcechs5.chm	69603	windows-ce-5.0	corpus/chm/windows-ce-5.0/wcechs5	29	extracted
windows-ce-5.0	sources/windows-ce-5.0/P310_wcecht5.chm	55059	windows-ce-5.0	corpus/chm/windows-ce-5.0/wcecht5	17	extracted
windows-ce-5.0	sources/windows-ce-5.0/P311_wcecmdprocess5.chm	36880	windows-ce-5.0	corpus/chm/windows-ce-5.0/wcecmdprocess5	2	extracted
windows-ce-5.0	sources/windows-ce-5.0/P312_wcecore5.chm	612726	windows-ce-5.0	corpus/chm/windows-ce-5.0/wcecore5	394	extracted
windows-ce-5.0	sources/windows-ce-5.0/P313_wcecredentialmgr5.chm	77877	windows-ce-5.0	corpus/chm/windows-ce-5.0/wcecredentialmgr5	31	extracted
windows-ce-5.0	sources/windows-ce-5.0/P314_wcecrypto5.chm	370369	windows-ce-5.0	corpus/chm/windows-ce-5.0/wcecrypto5	161	extracted
windows-ce-5.0	sources/windows-ce-5.0/P315_wced3dm5.chm	797002	windows-ce-5.0	corpus/chm/windows-ce-5.0/wced3dm5	417	extracted
windows-ce-5.0	sources/windows-ce-5.0/P316_wcedcom5.chm	1237933	windows-ce-5.0	corpus/chm/windows-ce-5.0/wcedcom5	977	extracted
windows-ce-5.0	sources/windows-ce-5.0/P317_wceddraw5.chm	443338	windows-ce-5.0	corpus/chm/windows-ce-5.0/wceddraw5	269	extracted
windows-ce-5.0	sources/windows-ce-5.0/P318_wcedialup5.chm	187230	windows-ce-5.0	corpus/chm/windows-ce-5.0/wcedialup5	105	extracted
windows-ce-5.0	sources/windows-ce-5.0/P319_wcedrm5.chm	68461	windows-ce-5.0	corpus/chm/windows-ce-5.0/wcedrm5	10	extracted
windows-ce-5.0	sources/windows-ce-5.0/P320_wcedshow5.chm	1720299	windows-ce-5.0	corpus/chm/windows-ce-5.0/wcedshow5	1805	extracted
windows-ce-5.0	sources/windows-ce-5.0/P321_wcedvd5.chm	344287	windows-ce-5.0	corpus/chm/windows-ce-5.0/wcedvd5	261	extracted
windows-ce-5.0	sources/windows-ce-5.0/P322_wcedvmgt5.chm	177986	windows-ce-5.0	corpus/chm/windows-ce-5.0/wcedvmgt5	177	extracted
windows-ce-5.0	sources/windows-ce-5.0/P323_wceeap5.chm	101706	windows-ce-5.0	corpus/chm/windows-ce-5.0/wceeap5	42	extracted
windows-ce-5.0	sources/windows-ce-5.0/P324_wceedb5.chm	120749	windows-ce-5.0	corpus/chm/windows-ce-5.0/wceedb5	45	extracted
windows-ce-5.0	sources/windows-ce-5.0/P325_wceexchclient5.chm	103900	windows-ce-5.0	corpus/chm/windows-ce-5.0/wceexchclient5	61	extracted
windows-ce-5.0	sources/windows-ce-5.0/P326_wcefiledb5.chm	114182	windows-ce-5.0	corpus/chm/windows-ce-5.0/wcefiledb5	61	extracted
windows-ce-5.0	sources/windows-ce-5.0/P327_wcefileserver5.chm	62998	windows-ce-5.0	corpus/chm/windows-ce-5.0/wcefileserver5	21	extracted
windows-ce-5.0	sources/windows-ce-5.0/P328_wcefilesystem5.chm	121133	windows-ce-5.0	corpus/chm/windows-ce-5.0/wcefilesystem5	49	extracted
windows-ce-5.0	sources/windows-ce-5.0/P329_wcefirewall5.chm	99061	windows-ce-5.0	corpus/chm/windows-ce-5.0/wcefirewall5	45	extracted
windows-ce-5.0	sources/windows-ce-5.0/P330_wcefonts5.chm	171569	windows-ce-5.0	corpus/chm/windows-ce-5.0/wcefonts5	75	extracted
windows-ce-5.0	sources/windows-ce-5.0/P331_wceftpserver5.chm	60721	windows-ce-5.0	corpus/chm/windows-ce-5.0/wceftpserver5	17	extracted
windows-ce-5.0	sources/windows-ce-5.0/P332_wcehwx5.chm	79907	windows-ce-5.0	corpus/chm/windows-ce-5.0/wcehwx5	32	extracted
windows-ce-5.0	sources/windows-ce-5.0/P333_wceics5.chm	125936	windows-ce-5.0	corpus/chm/windows-ce-5.0/wceics5	47	extracted
windows-ce-5.0	sources/windows-ce-5.0/P334_wceie6.chm	73889	windows-ce-5.0	corpus/chm/windows-ce-5.0/wceie6	16	extracted
windows-ce-5.0	sources/windows-ce-5.0/P335_wceiemlang5.chm	173565	windows-ce-5.0	corpus/chm/windows-ce-5.0/wceiemlang5	129	extracted
windows-ce-5.0	sources/windows-ce-5.0/P336_wceierpc5.chm	36387	windows-ce-5.0	corpus/chm/windows-ce-5.0/wceierpc5	1	extracted
windows-ce-5.0	sources/windows-ce-5.0/P337_wceiexml5.chm	39670	windows-ce-5.0	corpus/chm/windows-ce-5.0/wceiexml5	5	extracted
windows-ce-5.0	sources/windows-ce-5.0/P338_wceimaging5.chm	174952	windows-ce-5.0	corpus/chm/windows-ce-5.0/wceimaging5	120	extracted
windows-ce-5.0	sources/windows-ce-5.0/P339_wceimm5.chm	192149	windows-ce-5.0	corpus/chm/windows-ce-5.0/wceimm5	174	extracted
windows-ce-5.0	sources/windows-ce-5.0/P340_wceinput5.chm	117768	windows-ce-5.0	corpus/chm/windows-ce-5.0/wceinput5	64	extracted
windows-ce-5.0	sources/windows-ce-5.0/P341_wceipsec5.chm	57119	windows-ce-5.0	corpus/chm/windows-ce-5.0/wceipsec5	19	extracted
windows-ce-5.0	sources/windows-ce-5.0/P342_wceipv65.chm	306164	windows-ce-5.0	corpus/chm/windows-ce-5.0/wceipv65	125	extracted
windows-ce-5.0	sources/windows-ce-5.0/P343_wcejpn5.chm	249318	windows-ce-5.0	corpus/chm/windows-ce-5.0/wcejpn5	92	extracted
windows-ce-5.0	sources/windows-ce-5.0/P344_wcejscript5.chm	45528	windows-ce-5.0	corpus/chm/windows-ce-5.0/wcejscript5	8	extracted
windows-ce-5.0	sources/windows-ce-5.0/P345_wcekorea5.chm	65908	windows-ce-5.0	corpus/chm/windows-ce-5.0/wcekorea5	35	extracted
windows-ce-5.0	sources/windows-ce-5.0/P346_wcel2tp5.chm	49686	windows-ce-5.0	corpus/chm/windows-ce-5.0/wcel2tp5	14	extracted
windows-ce-5.0	sources/windows-ce-5.0/P347_wcelass5.chm	62749	windows-ce-5.0	corpus/chm/windows-ce-5.0/wcelass5	24	extracted
windows-ce-5.0	sources/windows-ce-5.0/P348_wceldap5.chm	203268	windows-ce-5.0	corpus/chm/windows-ce-5.0/wceldap5	153	extracted
windows-ce-5.0	sources/windows-ce-5.0/P349_wcemacbridge5.chm	63089	windows-ce-5.0	corpus/chm/windows-ce-5.0/wcemacbridge5	17	extracted
windows-ce-5.0	sources/windows-ce-5.0/P350_wcemouse5.chm	90113	windows-ce-5.0	corpus/chm/windows-ce-5.0/wcemouse5	50	extracted
windows-ce-5.0	sources/windows-ce-5.0/P351_wcemshtml5.chm	10756153	windows-ce-5.0	corpus/chm/windows-ce-5.0/wcemshtml5	6413	extracted
windows-ce-5.0	sources/windows-ce-5.0/P352_wcemsmq5.chm	376458	windows-ce-5.0	corpus/chm/windows-ce-5.0/wcemsmq5	251	extracted
windows-ce-5.0	sources/windows-ce-5.0/P353_wcemui5.chm	75119	windows-ce-5.0	corpus/chm/windows-ce-5.0/wcemui5	32	extracted
windows-ce-5.0	sources/windows-ce-5.0/P354_wcemultimon5.chm	74971	windows-ce-5.0	corpus/chm/windows-ce-5.0/wcemultimon5	28	extracted
windows-ce-5.0	sources/windows-ce-5.0/P355_wcenetapi5.chm	49280	windows-ce-5.0	corpus/chm/windows-ce-5.0/wcenetapi5	14	extracted
windows-ce-5.0	sources/windows-ce-5.0/P356_wcenetlog5.chm	41989	windows-ce-5.0	corpus/chm/windows-ce-5.0/wcenetlog5	7	extracted
windows-ce-5.0	sources/windows-ce-5.0/P357_wcenetui5.chm	68678	windows-ce-5.0	corpus/chm/windows-ce-5.0/wcenetui5	33	extracted
windows-ce-5.0	sources/windows-ce-5.0/P358_wcenetutils5.chm	57632	windows-ce-5.0	corpus/chm/windows-ce-5.0/wcenetutils5	12	extracted
windows-ce-5.0	sources/windows-ce-5.0/P359_wcenls5.chm	163817	windows-ce-5.0	corpus/chm/windows-ce-5.0/wcenls5	61	extracted
windows-ce-5.0	sources/windows-ce-5.0/P360_wceobex5.chm	133311	windows-ce-5.0	corpus/chm/windows-ce-5.0/wceobex5	89	extracted
windows-ce-5.0	sources/windows-ce-5.0/P361_wceoverview5.chm	44996	windows-ce-5.0	corpus/chm/windows-ce-5.0/wceoverview5	1	extracted
windows-ce-5.0	sources/windows-ce-5.0/P362_wcep2p5.chm	110533	windows-ce-5.0	corpus/chm/windows-ce-5.0/wcep2p5	58	extracted
windows-ce-5.0	sources/windows-ce-5.0/P363_wcepcauthentication5.chm	62970	windows-ce-5.0	corpus/chm/windows-ce-5.0/wcepcauthentication5	24	extracted
windows-ce-5.0	sources/windows-ce-5.0/P364_wcephoneime5.chm	38686	windows-ce-5.0	corpus/chm/windows-ce-5.0/wcephoneime5	5	extracted
windows-ce-5.0	sources/windows-ce-5.0/P365_wcepie5.chm	54972	windows-ce-5.0	corpus/chm/windows-ce-5.0/wcepie5	12	extracted
windows-ce-5.0	sources/windows-ce-5.0/P366_wcepoom5.chm	137972	windows-ce-5.0	corpus/chm/windows-ce-5.0/wcepoom5	93	extracted
windows-ce-5.0	sources/windows-ce-5.0/P367_wcepppoe5.chm	42154	windows-ce-5.0	corpus/chm/windows-ce-5.0/wcepppoe5	7	extracted
windows-ce-5.0	sources/windows-ce-5.0/P368_wceprint5.chm	42829	windows-ce-5.0	corpus/chm/windows-ce-5.0/wceprint5	11	extracted
windows-ce-5.0	sources/windows-ce-5.0/P369_wceprintserver5.chm	45781	windows-ce-5.0	corpus/chm/windows-ce-5.0/wceprintserver5	8	extracted
windows-ce-5.0	sources/windows-ce-5.0/P370_wceras5.chm	63892	windows-ce-5.0	corpus/chm/windows-ce-5.0/wceras5	24	extracted
windows-ce-5.0	sources/windows-ce-5.0/P371_wcerdp5.chm	205090	windows-ce-5.0	corpus/chm/windows-ce-5.0/wcerdp5	133	extracted
windows-ce-5.0	sources/windows-ce-5.0/P372_wceredir5.chm	93857	windows-ce-5.0	corpus/chm/windows-ce-5.0/wceredir5	42	extracted
windows-ce-5.0	sources/windows-ce-5.0/P373_wceregistry5.chm	63303	windows-ce-5.0	corpus/chm/windows-ce-5.0/wceregistry5	18	extracted
windows-ce-5.0	sources/windows-ce-5.0/P374_wceremoteconifg5.chm	78339	windows-ce-5.0	corpus/chm/windows-ce-5.0/wceremoteconifg5	50	extracted
windows-ce-5.0	sources/windows-ce-5.0/P375_wcertc5.chm	503202	windows-ce-5.0	corpus/chm/windows-ce-5.0/wcertc5	504	extracted
windows-ce-5.0	sources/windows-ce-5.0/P376_wcesapi5.chm	583728	windows-ce-5.0	corpus/chm/windows-ce-5.0/wcesapi5	492	extracted
windows-ce-5.0	sources/windows-ce-5.0/P377_wceserial5.chm	62136	windows-ce-5.0	corpus/chm/windows-ce-5.0/wceserial5	13	extracted
windows-ce-5.0	sources/windows-ce-5.0/P378_wceservdotexe5.chm	110722	windows-ce-5.0	corpus/chm/windows-ce-5.0/wceservdotexe5	64	extracted
windows-ce-5.0	sources/windows-ce-5.0/P379_wceshdocvw5.chm	3125718	windows-ce-5.0	corpus/chm/windows-ce-5.0/wceshdocvw5	213	extracted
windows-ce-5.0	sources/windows-ce-5.0/P380_wcesmartcard5.chm	117227	windows-ce-5.0	corpus/chm/windows-ce-5.0/wcesmartcard5	59	extracted
windows-ce-5.0	sources/windows-ce-5.0/P381_wcesnmp5.chm	188881	windows-ce-5.0	corpus/chm/windows-ce-5.0/wcesnmp5	103	extracted
windows-ce-5.0	sources/windows-ce-5.0/P382_wcesoap5.chm	214854	windows-ce-5.0	corpus/chm/windows-ce-5.0/wcesoap5	166	extracted
windows-ce-5.0	sources/windows-ce-5.0/P383_wcestoragemgr5.chm	54465	windows-ce-5.0	corpus/chm/windows-ce-5.0/wcestoragemgr5	30	extracted
windows-ce-5.0	sources/windows-ce-5.0/P384_wcestylus5.chm	92103	windows-ce-5.0	corpus/chm/windows-ce-5.0/wcestylus5	23	extracted
windows-ce-5.0	sources/windows-ce-5.0/P385_wcesystempassword5.chm	40952	windows-ce-5.0	corpus/chm/windows-ce-5.0/wcesystempassword5	8	extracted
windows-ce-5.0	sources/windows-ce-5.0/P386_wcetapi5.chm	680791	windows-ce-5.0	corpus/chm/windows-ce-5.0/wcetapi5	356	extracted
windows-ce-5.0	sources/windows-ce-5.0/P387_wcetcpip5.chm	362961	windows-ce-5.0	corpus/chm/windows-ce-5.0/wcetcpip5	236	extracted
windows-ce-5.0	sources/windows-ce-5.0/P388_wcetelnet5.chm	47658	windows-ce-5.0	corpus/chm/windows-ce-5.0/wcetelnet5	9	extracted
windows-ce-5.0	sources/windows-ce-5.0/P389_wcetui5.chm	109662	windows-ce-5.0	corpus/chm/windows-ce-5.0/wcetui5	49	extracted
windows-ce-5.0	sources/windows-ce-5.0/P390_wcetvlens5.chm	62588	windows-ce-5.0	corpus/chm/windows-ce-5.0/wcetvlens5	27	extracted
windows-ce-5.0	sources/windows-ce-5.0/P391_wceui5.chm	2728721	windows-ce-5.0	corpus/chm/windows-ce-5.0/wceui5	2518	extracted
windows-ce-5.0	sources/windows-ce-5.0/P392_wceuniscribe5.chm	133868	windows-ce-5.0	corpus/chm/windows-ce-5.0/wceuniscribe5	63	extracted
windows-ce-5.0	sources/windows-ce-5.0/P393_wceunisdk5.chm	40224	windows-ce-5.0	corpus/chm/windows-ce-5.0/wceunisdk5	2	extracted
windows-ce-5.0	sources/windows-ce-5.0/P394_wceupnp5.chm	342433	windows-ce-5.0	corpus/chm/windows-ce-5.0/wceupnp5	316	extracted
windows-ce-5.0	sources/windows-ce-5.0/P395_wceurlmon5.chm	238875	windows-ce-5.0	corpus/chm/windows-ce-5.0/wceurlmon5	211	extracted
windows-ce-5.0	sources/windows-ce-5.0/P396_wcevail5.chm	224447	windows-ce-5.0	corpus/chm/windows-ce-5.0/wcevail5	184	extracted
windows-ce-5.0	sources/windows-ce-5.0/P397_wcevbscript5.chm	44607	windows-ce-5.0	corpus/chm/windows-ce-5.0/wcevbscript5	8	extracted
windows-ce-5.0	sources/windows-ce-5.0/P398_wcevpn5.chm	47152	windows-ce-5.0	corpus/chm/windows-ce-5.0/wcevpn5	10	extracted
windows-ce-5.0	sources/windows-ce-5.0/P399_wcewave5.chm	178959	windows-ce-5.0	corpus/chm/windows-ce-5.0/wcewave5	115	extracted
