medium	artifact	kind	state	evidence
README.md	README.md	markdown	in-corpus	corpus/win32 (fetch-upstream)
microsoftdocs	microsoftdocs/PROVENANCE.md	markdown	in-corpus	corpus/win32 (fetch-upstream)
microsoftdocs	microsoftdocs/sdk-api-c12073e417d5-md.tar.gz	tar	extracted	corpus/win32/api (fetch-upstream.py subset)
microsoftdocs	microsoftdocs/sdk-api/LICENSE	other	excluded	licence of the upstream snapshot
microsoftdocs	microsoftdocs/sdk-api/LICENSE-CODE	other	excluded	licence of the upstream snapshot
microsoftdocs	microsoftdocs/win32/LICENSE	other	excluded	licence of the upstream snapshot
microsoftdocs	microsoftdocs/win32/LICENSE-CODE	other	excluded	licence of the upstream snapshot
windows-ce-1.0	windows-ce-1.0/MSDNLIB.HLP	hlp	extracted	corpus/mvb (extract-mvb.py)
windows-ce-1.0	windows-ce-1.0/PEGDDK.AUX	helpbook-index	extracted	corpus/mvb (help-book index files)
windows-ce-1.0	windows-ce-1.0/PEGDDK.CAC	helpbook-index	extracted	corpus/mvb (help-book index files)
windows-ce-1.0	windows-ce-1.0/PEGDDK.IDX	helpbook-index	extracted	corpus/mvb (help-book index files)
windows-ce-1.0	windows-ce-1.0/PEGDDK.KWD	helpbook-index	extracted	corpus/mvb (help-book index files)
windows-ce-1.0	windows-ce-1.0/PEGDDK.MVB	mvb	extracted	corpus/mvb/windows-ce-1.0
windows-ce-1.0	windows-ce-1.0/PEGSDK.AUX	helpbook-index	extracted	corpus/mvb (help-book index files)
windows-ce-1.0	windows-ce-1.0/PEGSDK.CAC	helpbook-index	extracted	corpus/mvb (help-book index files)
windows-ce-1.0	windows-ce-1.0/PEGSDK.IDX	helpbook-index	extracted	corpus/mvb (help-book index files)
windows-ce-1.0	windows-ce-1.0/PEGSDK.KWD	helpbook-index	extracted	corpus/mvb (help-book index files)
windows-ce-1.0	windows-ce-1.0/PEGSDK.MVB	mvb	extracted	corpus/mvb/windows-ce-1.0
windows-ce-1.0	windows-ce-1.0/PROVENANCE.md	markdown	in-corpus	corpus/win32 (fetch-upstream)
windows-ce-1.0	windows-ce-1.0/RELNOTES.HLP	hlp	extracted	corpus/mvb/windows-ce-1.0
windows-ce-2.0	windows-ce-2.0/PROVENANCE.md	markdown	in-corpus	corpus/win32 (fetch-upstream)
windows-ce-2.0	windows-ce-2.0/developer/default.htm	html-tree	in-corpus	corpus/site/windows-ce-2.0
windows-ce-2.0	windows-ce-2.0/developer/embedpr.htm	html-tree	in-corpus	corpus/site/windows-ce-2.0
windows-ce-2.0	windows-ce-2.0/developer/launchnews.htm	html-tree	in-corpus	corpus/site/windows-ce-2.0
windows-ce-2.0	windows-ce-2.0/developer/readme.html	html-tree	in-corpus	corpus/site/windows-ce-2.0
windows-ce-2.0	windows-ce-2.0/developer/vbbedpr.htm	html-tree	in-corpus	corpus/site/windows-ce-2.0
windows-ce-2.0	windows-ce-2.0/developer/download/betainfo.htm	html-tree	in-corpus	corpus/site/windows-ce-2.0
windows-ce-2.0	windows-ce-2.0/developer/download/default.htm	html-tree	in-corpus	corpus/site/windows-ce-2.0
windows-ce-2.0	windows-ce-2.0/developer/embedded/default.htm	html-tree	in-corpus	corpus/site/windows-ce-2.0
windows-ce-2.0	windows-ce-2.0/developer/feedback/default.htm	html-tree	in-corpus	corpus/site/windows-ce-2.0
windows-ce-2.0	windows-ce-2.0/developer/prodinfo/default.htm	html-tree	in-corpus	corpus/site/windows-ce-2.0
windows-ce-2.0	windows-ce-2.0/developer/prodinfo/v1order.htm	html-tree	in-corpus	corpus/site/windows-ce-2.0
windows-ce-2.0	windows-ce-2.0/developer/prodinfo/v1revguide.htm	html-tree	in-corpus	corpus/site/windows-ce-2.0
windows-ce-2.0	windows-ce-2.0/developer/prodinfo/vbce.htm	html-tree	in-corpus	corpus/site/windows-ce-2.0
windows-ce-2.0	windows-ce-2.0/developer/prodinfo/vbcedata.htm	html-tree	in-corpus	corpus/site/windows-ce-2.0
windows-ce-2.0	windows-ce-2.0/developer/prodinfo/vcce.htm	html-tree	in-corpus	corpus/site/windows-ce-2.0
windows-ce-2.0	windows-ce-2.0/developer/prodinfo/vcce_v1.htm	html-tree	in-corpus	corpus/site/windows-ce-2.0
windows-ce-2.0	windows-ce-2.0/developer/prodinfo/vccedata.htm	html-tree	in-corpus	corpus/site/windows-ce-2.0
windows-ce-2.0	windows-ce-2.0/developer/prodinfo/vcceembed.htm	html-tree	in-corpus	corpus/site/windows-ce-2.0
windows-ce-2.0	windows-ce-2.0/developer/prodinfo/vccembeddata.htm	html-tree	in-corpus	corpus/site/windows-ce-2.0
windows-ce-2.0	windows-ce-2.0/developer/prodinfo/vjce.htm	html-tree	in-corpus	corpus/site/windows-ce-2.0
windows-ce-2.0	windows-ce-2.0/developer/programs/default.htm	html-tree	in-corpus	corpus/site/windows-ce-2.0
windows-ce-2.0	windows-ce-2.0/developer/programs/hwassist.htm	html-tree	in-corpus	corpus/site/windows-ce-2.0
windows-ce-2.0	windows-ce-2.0/developer/programs/wcelogo.htm	html-tree	in-corpus	corpus/site/windows-ce-2.0
windows-ce-2.0	windows-ce-2.0/developer/programs/weblogo.htm	html-tree	in-corpus	corpus/site/windows-ce-2.0
windows-ce-2.0	windows-ce-2.0/developer/programs/~hsB154.htm	html-tree	in-corpus	corpus/site/windows-ce-2.0
windows-ce-2.0	windows-ce-2.0/developer/purchase/default.htm	html-tree	in-corpus	corpus/site/windows-ce-2.0
windows-ce-2.0	windows-ce-2.0/developer/resources/cases.htm	html-tree	in-corpus	corpus/site/windows-ce-2.0
windows-ce-2.0	windows-ce-2.0/developer/resources/default.htm	html-tree	in-corpus	corpus/site/windows-ce-2.0
windows-ce-2.0	windows-ce-2.0/developer/resources/hmr.htm	html-tree	in-corpus	corpus/site/windows-ce-2.0
windows-ce-2.0	windows-ce-2.0/developer/resources/lw.htm	html-tree	in-corpus	corpus/site/windows-ce-2.0
windows-ce-2.0	windows-ce-2.0/developer/resources/techpart.htm	html-tree	in-corpus	corpus/site/windows-ce-2.0
windows-ce-2.0	windows-ce-2.0/developer/resources/techsupp.htm	html-tree	in-corpus	corpus/site/windows-ce-2.0
windows-ce-2.0	windows-ce-2.0/developer/technical/comm_mod.htm	html-tree	in-corpus	corpus/site/windows-ce-2.0
windows-ce-2.0	windows-ce-2.0/developer/technical/default.htm	html-tree	in-corpus	corpus/site/windows-ce-2.0
windows-ce-2.0	windows-ce-2.0/developer/technical/mgdidft1.htm	html-tree	in-corpus	corpus/site/windows-ce-2.0
windows-ce-2.0	windows-ce-2.0/developer/technical/mgdiview.htm	html-tree	in-corpus	corpus/site/windows-ce-2.0
windows-ce-2.0	windows-ce-2.0/developer/technical/porting.htm	html-tree	in-corpus	corpus/site/windows-ce-2.0
windows-ce-2.0	windows-ce-2.0/developer/technical/rtdraft5.htm	html-tree	in-corpus	corpus/site/windows-ce-2.0
windows-ce-2.0	windows-ce-2.0/developer/technical/vcceembo.htm	html-tree	in-corpus	corpus/site/windows-ce-2.0
windows-ce-2.0	windows-ce-2.0/developer/technical/w32model.htm	html-tree	in-corpus	corpus/site/windows-ce-2.0
windows-ce-3.0	windows-ce-3.0/Important_ReadMe.txt	text	excluded	medium ReadMe, not a documentation page
windows-ce-3.0	windows-ce-3.0/PROVENANCE.md	markdown	in-corpus	corpus/win32 (fetch-upstream)
windows-ce-3.0	windows-ce-3.0/WindowsCE3.0_DocumentationArchive.zip	zip	extracted	corpus/chm/windows-ce-3.0
windows-ce-4.2	windows-ce-4.2/EMULATOR.CHM	chm	extracted	corpus/chm/windows-ce-4.2
windows-ce-4.2	windows-ce-4.2/PROVENANCE.md	markdown	in-corpus	corpus/win32 (fetch-upstream)
windows-ce-4.2	windows-ce-4.2/REMTOOLS.CHM	chm	extracted	corpus/chm/windows-ce-4.2
windows-ce-4.2	windows-ce-4.2/release notes.htm	html-tree	in-corpus	corpus/site/windows-ce-4.2
windows-ce-4.2	windows-ce-4.2/whatsnew.html	html-tree	in-corpus	corpus/site/windows-ce-4.2
windows-ce-5.0	windows-ce-5.0/P302_wceaccess5.chm	chm	extracted	corpus/chm (extract-chm.py)
windows-ce-5.0	windows-ce-5.0/P303_wceacm5.chm	chm	extracted	corpus/chm (extract-chm.py)
windows-ce-5.0	windows-ce-5.0/P304_wceactsync5.chm	chm	extracted	corpus/chm (extract-chm.py)
windows-ce-5.0	windows-ce-5.0/P305_wceasp5.chm	chm	extracted	corpus/chm (extract-chm.py)
windows-ce-5.0	windows-ce-5.0/P306_wceauthservices5.chm	chm	extracted	corpus/chm (extract-chm.py)
windows-ce-5.0	windows-ce-5.0/P307_wcebluetooth5.chm	chm	extracted	corpus/chm (extract-chm.py)
windows-ce-5.0	windows-ce-5.0/P308_wcecertificates5.chm	chm	extracted	corpus/chm (extract-chm.py)
windows-ce-5.0	windows-ce-5.0/P309_wcechs5.chm	chm	extracted	corpus/chm (extract-chm.py)
windows-ce-5.0	windows-ce-5.0/P310_wcecht5.chm	chm	extracted	corpus/chm (extract-chm.py)
windows-ce-5.0	windows-ce-5.0/P311_wcecmdprocess5.chm	chm	extracted	corpus/chm (extract-chm.py)
windows-ce-5.0	windows-ce-5.0/P312_wcecore5.chm	chm	extracted	corpus/chm (extract-chm.py)
windows-ce-5.0	windows-ce-5.0/P313_wcecredentialmgr5.chm	chm	extracted	corpus/chm (extract-chm.py)
windows-ce-5.0	windows-ce-5.0/P314_wcecrypto5.chm	chm	extracted	corpus/chm (extract-chm.py)
windows-ce-5.0	windows-ce-5.0/P315_wced3dm5.chm	chm	extracted	corpus/chm (extract-chm.py)
windows-ce-5.0	windows-ce-5.0/P316_wcedcom5.chm	chm	extracted	corpus/chm (extract-chm.py)
windows-ce-5.0	windows-ce-5.0/P317_wceddraw5.chm	chm	extracted	corpus/chm (extract-chm.py)
windows-ce-5.0	windows-ce-5.0/P318_wcedialup5.chm	chm	extracted	corpus/chm (extract-chm.py)
windows-ce-5.0	windows-ce-5.0/P319_wcedrm5.chm	chm	extracted	corpus/chm (extract-chm.py)
windows-ce-5.0	windows-ce-5.0/P320_wcedshow5.chm	chm	extracted	corpus/chm (extract-chm.py)
windows-ce-5.0	windows-ce-5.0/P321_wcedvd5.chm	chm	extracted	corpus/chm (extract-chm.py)
windows-ce-5.0	windows-ce-5.0/P322_wcedvmgt5.chm	chm	extracted	corpus/chm (extract-chm.py)
windows-ce-5.0	windows-ce-5.0/P323_wceeap5.chm	chm	extracted	corpus/chm (extract-chm.py)
windows-ce-5.0	windows-ce-5.0/P324_wceedb5.chm	chm	extracted	corpus/chm (extract-chm.py)
windows-ce-5.0	windows-ce-5.0/P325_wceexchclient5.chm	chm	extracted	corpus/chm (extract-chm.py)
windows-ce-5.0	windows-ce-5.0/P326_wcefiledb5.chm	chm	extracted	corpus/chm (extract-chm.py)
windows-ce-5.0	windows-ce-5.0/P327_wcefileserver5.chm	chm	extracted	corpus/chm (extract-chm.py)
windows-ce-5.0	windows-ce-5.0/P328_wcefilesystem5.chm	chm	extracted	corpus/chm (extract-chm.py)
windows-ce-5.0	windows-ce-5.0/P329_wcefirewall5.chm	chm	extracted	corpus/chm (extract-chm.py)
windows-ce-5.0	windows-ce-5.0/P330_wcefonts5.chm	chm	extracted	corpus/chm (extract-chm.py)
windows-ce-5.0	windows-ce-5.0/P331_wceftpserver5.chm	chm	extracted	corpus/chm (extract-chm.py)
windows-ce-5.0	windows-ce-5.0/P332_wcehwx5.chm	chm	extracted	corpus/chm (extract-chm.py)
windows-ce-5.0	windows-ce-5.0/P333_wceics5.chm	chm	extracted	corpus/chm (extract-chm.py)
windows-ce-5.0	windows-ce-5.0/P334_wceie6.chm	chm	extracted	corpus/chm (extract-chm.py)
windows-ce-5.0	windows-ce-5.0/P335_wceiemlang5.chm	chm	extracted	corpus/chm (extract-chm.py)
windows-ce-5.0	windows-ce-5.0/P336_wceierpc5.chm	chm	extracted	corpus/chm (extract-chm.py)
windows-ce-5.0	windows-ce-5.0/P337_wceiexml5.chm	chm	extracted	corpus/chm (extract-chm.py)
windows-ce-5.0	windows-ce-5.0/P338_wceimaging5.chm	chm	extracted	corpus/chm (extract-chm.py)
windows-ce-5.0	windows-ce-5.0/P339_wceimm5.chm	chm	extracted	corpus/chm (extract-chm.py)
windows-ce-5.0	windows-ce-5.0/P340_wceinput5.chm	chm	extracted	corpus/chm (extract-chm.py)
windows-ce-5.0	windows-ce-5.0/P341_wceipsec5.chm	chm	extracted	corpus/chm (extract-chm.py)
windows-ce-5.0	windows-ce-5.0/P342_wceipv65.chm	chm	extracted	corpus/chm (extract-chm.py)
windows-ce-5.0	windows-ce-5.0/P343_wcejpn5.chm	chm	extracted	corpus/chm (extract-chm.py)
windows-ce-5.0	windows-ce-5.0/P344_wcejscript5.chm	chm	extracted	corpus/chm (extract-chm.py)
windows-ce-5.0	windows-ce-5.0/P345_wcekorea5.chm	chm	extracted	corpus/chm (extract-chm.py)
windows-ce-5.0	windows-ce-5.0/P346_wcel2tp5.chm	chm	extracted	corpus/chm (extract-chm.py)
windows-ce-5.0	windows-ce-5.0/P347_wcelass5.chm	chm	extracted	corpus/chm (extract-chm.py)
windows-ce-5.0	windows-ce-5.0/P348_wceldap5.chm	chm	extracted	corpus/chm (extract-chm.py)
windows-ce-5.0	windows-ce-5.0/P349_wcemacbridge5.chm	chm	extracted	corpus/chm (extract-chm.py)
windows-ce-5.0	windows-ce-5.0/P350_wcemouse5.chm	chm	extracted	corpus/chm (extract-chm.py)
windows-ce-5.0	windows-ce-5.0/P351_wcemshtml5.chm	chm	extracted	corpus/chm (extract-chm.py)
windows-ce-5.0	windows-ce-5.0/P352_wcemsmq5.chm	chm	extracted	corpus/chm (extract-chm.py)
windows-ce-5.0	windows-ce-5.0/P353_wcemui5.chm	chm	extracted	corpus/chm (extract-chm.py)
windows-ce-5.0	windows-ce-5.0/P354_wcemultimon5.chm	chm	extracted	corpus/chm (extract-chm.py)
windows-ce-5.0	windows-ce-5.0/P355_wcenetapi5.chm	chm	extracted	corpus/chm (extract-chm.py)
windows-ce-5.0	windows-ce-5.0/P356_wcenetlog5.chm	chm	extracted	corpus/chm (extract-chm.py)
windows-ce-5.0	windows-ce-5.0/P357_wcenetui5.chm	chm	extracted	corpus/chm (extract-chm.py)
windows-ce-5.0	windows-ce-5.0/P358_wcenetutils5.chm	chm	extracted	corpus/chm (extract-chm.py)
windows-ce-5.0	windows-ce-5.0/P359_wcenls5.chm	chm	extracted	corpus/chm (extract-chm.py)
windows-ce-5.0	windows-ce-5.0/P360_wceobex5.chm	chm	extracted	corpus/chm (extract-chm.py)
windows-ce-5.0	windows-ce-5.0/P361_wceoverview5.chm	chm	extracted	corpus/chm (extract-chm.py)
windows-ce-5.0	windows-ce-5.0/P362_wcep2p5.chm	chm	extracted	corpus/chm (extract-chm.py)
windows-ce-5.0	windows-ce-5.0/P363_wcepcauthentication5.chm	chm	extracted	corpus/chm (extract-chm.py)
windows-ce-5.0	windows-ce-5.0/P364_wcephoneime5.chm	chm	extracted	corpus/chm (extract-chm.py)
windows-ce-5.0	windows-ce-5.0/P365_wcepie5.chm	chm	extracted	corpus/chm (extract-chm.py)
windows-ce-5.0	windows-ce-5.0/P366_wcepoom5.chm	chm	extracted	corpus/chm (extract-chm.py)
windows-ce-5.0	windows-ce-5.0/P367_wcepppoe5.chm	chm	extracted	corpus/chm (extract-chm.py)
windows-ce-5.0	windows-ce-5.0/P368_wceprint5.chm	chm	extracted	corpus/chm (extract-chm.py)
windows-ce-5.0	windows-ce-5.0/P369_wceprintserver5.chm	chm	extracted	corpus/chm (extract-chm.py)
windows-ce-5.0	windows-ce-5.0/P370_wceras5.chm	chm	extracted	corpus/chm (extract-chm.py)
windows-ce-5.0	windows-ce-5.0/P371_wcerdp5.chm	chm	extracted	corpus/chm (extract-chm.py)
windows-ce-5.0	windows-ce-5.0/P372_wceredir5.chm	chm	extracted	corpus/chm (extract-chm.py)
windows-ce-5.0	windows-ce-5.0/P373_wceregistry5.chm	chm	extracted	corpus/chm (extract-chm.py)
windows-ce-5.0	windows-ce-5.0/P374_wceremoteconifg5.chm	chm	extracted	corpus/chm (extract-chm.py)
windows-ce-5.0	windows-ce-5.0/P375_wcertc5.chm	chm	extracted	corpus/chm (extract-chm.py)
windows-ce-5.0	windows-ce-5.0/P376_wcesapi5.chm	chm	extracted	corpus/chm (extract-chm.py)
windows-ce-5.0	windows-ce-5.0/P377_wceserial5.chm	chm	extracted	corpus/chm (extract-chm.py)
windows-ce-5.0	windows-ce-5.0/P378_wceservdotexe5.chm	chm	extracted	corpus/chm (extract-chm.py)
windows-ce-5.0	windows-ce-5.0/P379_wceshdocvw5.chm	chm	extracted	corpus/chm (extract-chm.py)
windows-ce-5.0	windows-ce-5.0/P380_wcesmartcard5.chm	chm	extracted	corpus/chm (extract-chm.py)
windows-ce-5.0	windows-ce-5.0/P381_wcesnmp5.chm	chm	extracted	corpus/chm (extract-chm.py)
windows-ce-5.0	windows-ce-5.0/P382_wcesoap5.chm	chm	extracted	corpus/chm (extract-chm.py)
windows-ce-5.0	windows-ce-5.0/P383_wcestoragemgr5.chm	chm	extracted	corpus/chm (extract-chm.py)
windows-ce-5.0	windows-ce-5.0/P384_wcestylus5.chm	chm	extracted	corpus/chm (extract-chm.py)
windows-ce-5.0	windows-ce-5.0/P385_wcesystempassword5.chm	chm	extracted	corpus/chm (extract-chm.py)
windows-ce-5.0	windows-ce-5.0/P386_wcetapi5.chm	chm	extracted	corpus/chm (extract-chm.py)
windows-ce-5.0	windows-ce-5.0/P387_wcetcpip5.chm	chm	extracted	corpus/chm (extract-chm.py)
windows-ce-5.0	windows-ce-5.0/P388_wcetelnet5.chm	chm	extracted	corpus/chm (extract-chm.py)
windows-ce-5.0	windows-ce-5.0/P389_wcetui5.chm	chm	extracted	corpus/chm (extract-chm.py)
windows-ce-5.0	windows-ce-5.0/P390_wcetvlens5.chm	chm	extracted	corpus/chm (extract-chm.py)
windows-ce-5.0	windows-ce-5.0/P391_wceui5.chm	chm	extracted	corpus/chm (extract-chm.py)
windows-ce-5.0	windows-ce-5.0/P392_wceuniscribe5.chm	chm	extracted	corpus/chm (extract-chm.py)
windows-ce-5.0	windows-ce-5.0/P393_wceunisdk5.chm	chm	extracted	corpus/chm (extract-chm.py)
windows-ce-5.0	windows-ce-5.0/P394_wceupnp5.chm	chm	extracted	corpus/chm (extract-chm.py)
windows-ce-5.0	windows-ce-5.0/P395_wceurlmon5.chm	chm	extracted	corpus/chm (extract-chm.py)
windows-ce-5.0	windows-ce-5.0/P396_wcevail5.chm	chm	extracted	corpus/chm (extract-chm.py)
windows-ce-5.0	windows-ce-5.0/P397_wcevbscript5.chm	chm	extracted	corpus/chm (extract-chm.py)
windows-ce-5.0	windows-ce-5.0/P398_wcevpn5.chm	chm	extracted	corpus/chm (extract-chm.py)
windows-ce-5.0	windows-ce-5.0/P399_wcewave5.chm	chm	extracted	corpus/chm (extract-chm.py)
windows-ce-5.0	windows-ce-5.0/PROVENANCE.md	markdown	in-corpus	corpus/win32 (fetch-upstream)
windows-ce-5.0	windows-ce-5.0/release notes.htm	html-tree	in-corpus	corpus/site/windows-ce-5.0
windows-ce-5.0	windows-ce-5.0/whatsnew.html	html-tree	in-corpus	corpus/site/windows-ce-5.0
windows-ce-6.0	windows-ce-6.0/PROVENANCE.md	markdown	in-corpus	corpus/win32 (fetch-upstream)
windows-ce-6.0	windows-ce-6.0/release notes.htm	html-tree	in-corpus	corpus/site/windows-ce-6.0
