kind	path
empty	corpus/msdn-library/2010-05/unclassified/0a35t2xb.html
empty	corpus/msdn-library/2010-05/unclassified/0d77a662.html
empty	corpus/msdn-library/2010-05/unclassified/0fkw8e0a.html
empty	corpus/msdn-library/2010-05/unclassified/12hzbdxy.html
empty	corpus/msdn-library/2010-05/unclassified/17s1a46b.html
empty	corpus/msdn-library/2010-05/unclassified/197fa73c.html
empty	corpus/msdn-library/2010-05/unclassified/1981e88h.html
empty	corpus/msdn-library/2010-05/unclassified/1ah6ekaf.html
empty	corpus/msdn-library/2010-05/unclassified/1beth6ct.html
empty	corpus/msdn-library/2010-05/unclassified/1dk8thk3.html
empty	corpus/msdn-library/2010-05/unclassified/1f1h9xds.html
empty	corpus/msdn-library/2010-05/unclassified/1xef4h42.html
empty	corpus/msdn-library/2010-05/unclassified/241d9c30.html
empty	corpus/msdn-library/2010-05/unclassified/243ay404.html
empty	corpus/msdn-library/2010-05/unclassified/25b6w0zd.html
empty	corpus/msdn-library/2010-05/unclassified/286was7f.html
empty	corpus/msdn-library/2010-05/unclassified/29zkaw56.html
empty	corpus/msdn-library/2010-05/unclassified/2atywzky.html
empty	corpus/msdn-library/2010-05/unclassified/2edhwdhk.html
empty	corpus/msdn-library/2010-05/unclassified/2k3d6e7y.html
empty	corpus/msdn-library/2010-05/unclassified/2w7bcfwh.html
