md5	size	n	paths
24fbdf32945a7a21fe6ef85f18e32aba	1560	97	corpus/chm/windows-ce-5.0/wceaccess5/html/topicnotfound.html	corpus/chm/windows-ce-5.0/wceacm5/html/topicnotfound.html	corpus/chm/windows-ce-5.0/wceactsync5/html/topicnotfound.html	corpus/chm/windows-ce-5.0/wceasp5/html/topicnotfound.html	corpus/chm/windows-ce-5.0/wceauthservices5/html/topicnotfound.html	corpus/chm/windows-ce-5.0/wcebluetooth5/html/topicnotfound.html	corpus/chm/windows-ce-5.0/wcecertificates5/html/topicnotfound.html	corpus/chm/windows-ce-5.0/wcechs5/html/topicnotfound.html	corpus/chm/windows-ce-5.0/wcecht5/html/topicnotfound.html	corpus/chm/windows-ce-5.0/wcecmdprocess5/html/topicnotfound.html	corpus/chm/windows-ce-5.0/wcecore5/html/topicnotfound.html	corpus/chm/windows-ce-5.0/wcecredentialmgr5/html/topicnotfound.html	corpus/chm/windows-ce-5.0/wcecrypto5/html/topicnotfound.html	corpus/chm/windows-ce-5.0/wced3dm5/html/topicnotfound.html	corpus/chm/windows-ce-5.0/wcedcom5/html/topicnotfound.html	corpus/chm/windows-ce-5.0/wceddraw5/html/topicnotfound.html	corpus/chm/windows-ce-5.0/wcedialup5/html/topicnotfound.html	corpus/chm/windows-ce-5.0/wcedrm5/html/topicnotfound.html	corpus/chm/windows-ce-5.0/wcedshow5/html/topicnotfound.html	corpus/chm/windows-ce-5.0/wcedvd5/html/topicnotfound.html	corpus/chm/windows-ce-5.0/wcedvmgt5/html/topicnotfound.html	corpus/chm/windows-ce-5.0/wceeap5/html/topicnotfound.html	corpus/chm/windows-ce-5.0/wceedb5/html/topicnotfound.html	corpus/chm/windows-ce-5.0/wceexchclient5/html/topicnotfound.html	corpus/chm/windows-ce-5.0/wcefiledb5/html/topicnotfound.html	corpus/chm/windows-ce-5.0/wcefileserver5/html/topicnotfound.html	corpus/chm/windows-ce-5.0/wcefilesystem5/html/topicnotfound.html	corpus/chm/windows-ce-5.0/wcefirewall5/html/topicnotfound.html	corpus/chm/windows-ce-5.0/wcefonts5/html/topicnotfound.html	corpus/chm/windows-ce-5.0/wceftpserver5/html/topicnotfound.html	corpus/chm/windows-ce-5.0/wcehwx5/html/topicnotfound.html	corpus/chm/windows-ce-5.0/wceics5/html/topicnotfound.html	corpus/chm/windows-ce-5.0/wceie6/html/topicnotfound.html	corpus/chm/windows-ce-5.0/wceiemlang5/html/topicnotfound.html	corpus/chm/windows-ce-5.0/wceierpc5/html/topicnotfound.html	corpus/chm/windows-ce-5.0/wceiexml5/html/topicnotfound.html	corpus/chm/windows-ce-5.0/wceimaging5/html/topicnotfound.html	corpus/chm/windows-ce-5.0/wceimm5/html/topicnotfound.html	corpus/chm/windows-ce-5.0/wceinput5/html/topicnotfound.html	corpus/chm/windows-ce-5.0/wceipsec5/html/topicnotfound.html	corpus/chm/windows-ce-5.0/wceipv65/html/topicnotfound.html	corpus/chm/windows-ce-5.0/wcejpn5/html/topicnotfound.html	corpus/chm/windows-ce-5.0/wcejscript5/html/topicnotfound.html	corpus/chm/windows-ce-5.0/wcekorea5/html/topicnotfound.html	corpus/chm/windows-ce-5.0/wcel2tp5/html/topicnotfound.html	corpus/chm/windows-ce-5.0/wcelass5/html/topicnotfound.html	corpus/chm/windows-ce-5.0/wceldap5/html/topicnotfound.html	corpus/chm/windows-ce-5.0/wcemacbridge5/html/topicnotfound.html	corpus/chm/windows-ce-5.0/wcemouse5/html/topicnotfound.html	corpus/chm/windows-ce-5.0/wcemshtml5/html/topicnotfound.html	corpus/chm/windows-ce-5.0/wcemsmq5/html/topicnotfound.html	corpus/chm/windows-ce-5.0/wcemui5/html/topicnotfound.html	corpus/chm/windows-ce-5.0/wcemultimon5/html/topicnotfound.html	corpus/chm/windows-ce-5.0/wcenetapi5/html/topicnotfound.html	corpus/chm/windows-ce-5.0/wcenetlog5/html/topicnotfound.html	corpus/chm/windows-ce-5.0/wcenetui5/html/topicnotfound.html	corpus/chm/windows-ce-5.0/wcenetutils5/html/topicnotfound.html	corpus/chm/windows-ce-5.0/wcenls5/html/topicnotfound.html	corpus/chm/windows-ce-5.0/wceobex5/html/topicnotfound.html	corpus/chm/windows-ce-5.0/wcep2p5/html/topicnotfound.html	corpus/chm/windows-ce-5.0/wcepcauthentication5/html/topicnotfound.html	corpus/chm/windows-ce-5.0/wcephoneime5/html/topicnotfound.html	corpus/chm/windows-ce-5.0/wcepie5/html/topicnotfound.html	corpus/chm/windows-ce-5.0/wcepoom5/html/topicnotfound.html	corpus/chm/windows-ce-5.0/wcepppoe5/html/topicnotfound.html	corpus/chm/windows-ce-5.0/wceprint5/html/topicnotfound.html	corpus/chm/windows-ce-5.0/wceprintserver5/html/topicnotfound.html	corpus/chm/windows-ce-5.0/wceras5/html/topicnotfound.html	corpus/chm/windows-ce-5.0/wcerdp5/html/topicnotfound.html	corpus/chm/windows-ce-5.0/wceredir5/html/topicnotfound.html	corpus/chm/windows-ce-5.0/wceregistry5/html/topicnotfound.html	corpus/chm/windows-ce-5.0/wceremoteconifg5/html/topicnotfound.html	corpus/chm/windows-ce-5.0/wcertc5/html/topicnotfound.html	corpus/chm/windows-ce-5.0/wcesapi5/html/topicnotfound.html	corpus/chm/windows-ce-5.0/wceserial5/html/topicnotfound.html	corpus/chm/windows-ce-5.0/wceservdotexe5/html/topicnotfound.html	corpus/chm/windows-ce-5.0/wceshdocvw5/html/topicnotfound.html	corpus/chm/windows-ce-5.0/wcesmartcard5/html/topicnotfound.html	corpus/chm/windows-ce-5.0/wcesnmp5/html/topicnotfound.html	corpus/chm/windows-ce-5.0/wcesoap5/html/topicnotfound.html	corpus/chm/windows-ce-5.0/wcestoragemgr5/html/topicnotfound.html	corpus/chm/windows-ce-5.0/wcestylus5/html/topicnotfound.html	corpus/chm/windows-ce-5.0/wcesystempassword5/html/topicnotfound.html	corpus/chm/windows-ce-5.0/wcetapi5/html/topicnotfound.html	corpus/chm/windows-ce-5.0/wcetcpip5/html/topicnotfound.html	corpus/chm/windows-ce-5.0/wcetelnet5/html/topicnotfound.html	corpus/chm/windows-ce-5.0/wcetui5/html/topicnotfound.html	corpus/chm/windows-ce-5.0/wcetvlens5/html/topicnotfound.html	corpus/chm/windows-ce-5.0/wceui5/html/topicnotfound.html	corpus/chm/windows-ce-5.0/wceuniscribe5/html/topicnotfound.html	corpus/chm/windows-ce-5.0/wceunisdk5/html/topicnotfound.html	corpus/chm/windows-ce-5.0/wceupnp5/html/topicnotfound.html	corpus/chm/windows-ce-5.0/wceurlmon5/html/topicnotfound.html	corpus/chm/windows-ce-5.0/wcevail5/html/topicnotfound.html	corpus/chm/windows-ce-5.0/wcevbscript5/html/topicnotfound.html	corpus/chm/windows-ce-5.0/wcevpn5/html/topicnotfound.html	corpus/chm/windows-ce-5.0/wcewave5/html/topicnotfound.html
03d2d8a369985d45fedba7bb30fea9c0	4082	2	corpus/chm/windows-ce-5.0/wcemouse5/html/wce50lrfWMLBUTTONDOWN.html	corpus/chm/windows-ce-5.0/wcestylus5/html/wce50lrfWMLBUTTONDOWN.html
05cfdb2741abce3cb63298ecaacc0de4	3320	2	corpus/chm/windows-ce-5.0/wcemouse5/html/wce50lrfWMGETICON.html	corpus/chm/windows-ce-5.0/wcestylus5/html/wce50lrfWMGETICON.html
099214f64ce9cde165170230fe665b59	4921	2	corpus/chm/windows-ce-5.0/wcemouse5/html/wce50lrfWMLBUTTONDBLCLK.html	corpus/chm/windows-ce-5.0/wcestylus5/html/wce50lrfWMLBUTTONDBLCLK.html
0f31f8481832fb3b46af67667cc6b475	4999	2	corpus/chm/windows-ce-5.0/wcemouse5/html/wce50lrfLoadAnimatedCursor.html	corpus/chm/windows-ce-5.0/wcestylus5/html/wce50lrfLoadAnimatedCursor.html
19b8bb5045de4dbc9f1862f362355329	3578	2	corpus/chm/windows-ce-5.0/wcemouse5/html/wce50lrfWMMOUSEMOVE.html	corpus/chm/windows-ce-5.0/wcestylus5/html/wce50lrfWMMOUSEMOVE.html
1a2a22159fe797fc11e9c79e53b97c97	3818	2	corpus/chm/windows-ce-5.0/wcemouse5/html/wce50lrfWMLBUTTONUP.html	corpus/chm/windows-ce-5.0/wcestylus5/html/wce50lrfWMLBUTTONUP.html
1ea643c3b0ab37ff443ad03042f10a6d	3199	2	corpus/chm/windows-ce-5.0/wcemouse5/html/wce50lrfGetCursorPos.html	corpus/chm/windows-ce-5.0/wcestylus5/html/wce50lrfGetCursorPos.html
20d75d7d4bd7475842789e358ac94cb9	4043	2	corpus/chm/windows-ce-5.0/wcemouse5/html/wce50lrfGetMouseMovePoints.html	corpus/chm/windows-ce-5.0/wcestylus5/html/wce50lrfGetMouseMovePoints.html
229f013826465bfe0ee814ac419d9f01	4688	2	corpus/chm/windows-ce-5.0/wcemouse5/html/wce50lrfSetCursor.html	corpus/chm/windows-ce-5.0/wcestylus5/html/wce50lrfSetCursor.html
25e2d4c9d988fbb656670a0afaf68ebd	3653	2	corpus/chm/windows-ce-5.0/wcemouse5/html/wce50lrfClipCursor.html	corpus/chm/windows-ce-5.0/wcestylus5/html/wce50lrfClipCursor.html
2d9a7624f9950464c87ce97964e4bd19	3452	2	corpus/chm/windows-ce-5.0/wcemouse5/html/wce50lrfGetClipCursor.html	corpus/chm/windows-ce-5.0/wcestylus5/html/wce50lrfGetClipCursor.html
33eb56a2193be0ac5e591d630a513889	2958	2	corpus/chm/windows-ce-5.0/wcemouse5/html/wce50lrfShowCursor.html	corpus/chm/windows-ce-5.0/wcestylus5/html/wce50lrfShowCursor.html
428b10e2fdf027de92f0379b008f2a13	3295	2	corpus/chm/windows-ce-5.0/wcemouse5/html/wce50lrfDestroyIcon.html	corpus/chm/windows-ce-5.0/wcestylus5/html/wce50lrfDestroyIcon.html
42fa13327b0313aff657ad943af2b4f3	4013	2	corpus/chm/windows-ce-5.0/wcemouse5/html/wce50lrfLoadIcon.html	corpus/chm/windows-ce-5.0/wcestylus5/html/wce50lrfLoadIcon.html
44a17d108b7727843e167c6b4b0e34dd	2422	2	corpus/chm/windows-ce-5.0/wcemouse5/html/wce50lrfGetCursor.html	corpus/chm/windows-ce-5.0/wcestylus5/html/wce50lrfGetCursor.html
65a69dbfef31a71eb268598da8bd4b75	3958	2	corpus/chm/windows-ce-5.0/wcemouse5/html/wce50lrfICONINFO.html	corpus/chm/windows-ce-5.0/wcestylus5/html/wce50lrfICONINFO.html
6b648dbe8edadea11a00d56f9b2725e1	2262	2	corpus/chm/windows-ce-5.0/wcemouse5/html/wce50lrfGetDoubleClickTime.html	corpus/chm/windows-ce-5.0/wcestylus5/html/wce50lrfGetDoubleClickTime.html
70a56d2e8b2045ffd889575d8967a047	3788	2	corpus/chm/windows-ce-5.0/wcemouse5/html/wce50lrfDrawIcon.html	corpus/chm/windows-ce-5.0/wcestylus5/html/wce50lrfDrawIcon.html
77c8367ee12791be6b07aee06b6fd9fe	3652	2	corpus/chm/windows-ce-5.0/wcemouse5/html/wce50lrfWMSETCURSOR.html	corpus/chm/windows-ce-5.0/wcestylus5/html/wce50lrfWMSETCURSOR.html
77d90d9a9a31aefc6817ca8d716d7695	5063	2	corpus/chm/windows-ce-5.0/wcemouse5/html/wce50lrfExtractIconEx.html	corpus/chm/windows-ce-5.0/wcestylus5/html/wce50lrfExtractIconEx.html
787b5982e250d9085fb7de1f7704faf1	1395	2	corpus/mvb/windows-ce-1.0/PEGSDK/AB30G.html	corpus/mvb/windows-ce-1.0/PEGSDK/AB93G.html
884e99dce9382234b5750d68371d071f	2743	2	corpus/chm/windows-ce-5.0/wcemouse5/html/wce50lrfWMCAPTURECHANGED.html	corpus/chm/windows-ce-5.0/wcestylus5/html/wce50lrfWMCAPTURECHANGED.html
93aacde2e6cb9076d42319d656799e3d	6812	2	corpus/chm/windows-ce-5.0/wcemouse5/html/wce50lrfLoadCursor.html	corpus/chm/windows-ce-5.0/wcestylus5/html/wce50lrfLoadCursor.html
94aeb603a8920da9ff6d787b1a57de25	3665	2	corpus/chm/windows-ce-5.0/wcemouse5/html/wce50lrfSetCapture.html	corpus/chm/windows-ce-5.0/wcestylus5/html/wce50lrfSetCapture.html
a4da708f7c355a09869eee119db17339	3964	2	corpus/chm/windows-ce-5.0/wcemouse5/html/wce50lrfCreateIconIndirect.html	corpus/chm/windows-ce-5.0/wcestylus5/html/wce50lrfCreateIconIndirect.html
ac1661e059b8ea7c8b6af9435efafb54	4533	2	corpus/chm/windows-ce-5.0/wceaccess5/html/wce50conAccessibilityHotKeys.html	corpus/chm/windows-ce-5.0/wceui5/html/wce50conAccessibilityHotKeys.html
bcb622c1426b18c1e3758ffda297d2f1	3456	2	corpus/chm/windows-ce-5.0/wcemouse5/html/wce50lrfWMSETICON.html	corpus/chm/windows-ce-5.0/wcestylus5/html/wce50lrfWMSETICON.html
c7b55af4e2ff05811c7c26433b72a5d1	2691	2	corpus/chm/windows-ce-5.0/wcemouse5/html/wce50lrfGetCapture.html	corpus/chm/windows-ce-5.0/wcestylus5/html/wce50lrfGetCapture.html
e521313d1acad74a0e20a0d3548ef319	8033	2	corpus/chm/windows-ce-5.0/wcemouse5/html/wce50lrfmouseevent.html	corpus/chm/windows-ce-5.0/wcestylus5/html/wce50lrfmouseevent.html
fe9413b5579ef156c540de96b9ea9b19	3530	2	corpus/chm/windows-ce-5.0/wcemouse5/html/wce50lrfSetCursorPos.html	corpus/chm/windows-ce-5.0/wcestylus5/html/wce50lrfSetCursorPos.html
ff7c03754c96e37ac41d29b29ee91a15	3387	2	corpus/chm/windows-ce-5.0/wcemouse5/html/wce50lrfReleaseCapture.html	corpus/chm/windows-ce-5.0/wcestylus5/html/wce50lrfReleaseCapture.html
