name	source	corpus_path	title
windows-ce-2.0	readme.html	corpus/site/windows-ce-2.0/readme.html	Thank you for your interest in developing for the Windows CE operating system
windows-ce-2.0	embedded/default.htm	corpus/site/windows-ce-2.0/embedded/default.html	Windows CE Embedded Development
windows-ce-2.0	prodinfo/default.htm	corpus/site/windows-ce-2.0/prodinfo/default.html	WinCE Product Information
windows-ce-2.0	prodinfo/v1revguide.htm	corpus/site/windows-ce-2.0/prodinfo/v1revguide.html	VisualC++ Toolkit for Windows CE Reviewer's Guide
windows-ce-2.0	prodinfo/vbce.htm	corpus/site/windows-ce-2.0/prodinfo/vbce.html	Windows CE Toolkit for Visual Basic 5.0
windows-ce-2.0	prodinfo/vbcedata.htm	corpus/site/windows-ce-2.0/prodinfo/vbcedata.html	Windows CE Toolkit for Visual Basic 5.0
windows-ce-2.0	prodinfo/vcce.htm	corpus/site/windows-ce-2.0/prodinfo/vcce.html	Windows CE Toolkit for Visual C++ 5.0
windows-ce-2.0	prodinfo/vcce_v1.htm	corpus/site/windows-ce-2.0/prodinfo/vcce_v1.html	VisualC++ for Windows CE
windows-ce-2.0	prodinfo/vccedata.htm	corpus/site/windows-ce-2.0/prodinfo/vccedata.html	Windows CE Toolkit for Visual C++ 5.0
windows-ce-2.0	prodinfo/vcceembed.htm	corpus/site/windows-ce-2.0/prodinfo/vcceembed.html	Windows CE Embedded Toolkit for Visual C++ 5.0
windows-ce-2.0	prodinfo/vccembeddata.htm	corpus/site/windows-ce-2.0/prodinfo/vccembeddata.html	Windows CE Embedded Toolkit for Visual C++ 5.0
windows-ce-2.0	prodinfo/vjce.htm	corpus/site/windows-ce-2.0/prodinfo/vjce.html	Windows CE Toolkit for Visual J++ 1.1
windows-ce-2.0	technical/comm_mod.htm	corpus/site/windows-ce-2.0/technical/comm_mod.html	The Windows CE Communications Model
windows-ce-2.0	technical/default.htm	corpus/site/windows-ce-2.0/technical/default.html	Windows CE Technical Materials
windows-ce-2.0	technical/mgdidft1.htm	corpus/site/windows-ce-2.0/technical/mgdidft1.html	Windows CE Graphics Features
windows-ce-2.0	technical/mgdiview.htm	corpus/site/windows-ce-2.0/technical/mgdiview.html	Windows CE Display Drivers & Hardware
windows-ce-2.0	technical/porting.htm	corpus/site/windows-ce-2.0/technical/porting.html	Porting Windows 95 Programs to Windows CE
windows-ce-2.0	technical/rtdraft5.htm	corpus/site/windows-ce-2.0/technical/rtdraft5.html	Real Time Systems with Microsoft Windows CE
windows-ce-2.0	technical/vcceembo.htm	corpus/site/windows-ce-2.0/technical/vcceembo.html	Introducing the Windows CE Embedded Toolkit for Visual Basic 5.0
windows-ce-2.0	technical/w32model.htm	corpus/site/windows-ce-2.0/technical/w32model.html	VisualC++ Toolkit for WinCE
windows-ce-4.2	release notes.htm	corpus/site/windows-ce-4.2/release notes.html	Microsoft Windows CE .NET with Microsoft Platform Builder 4.2 Release Notes
windows-ce-4.2	whatsnew.html	corpus/site/windows-ce-4.2/whatsnew.html	What's New
windows-ce-5.0	release notes.htm	corpus/site/windows-ce-5.0/release notes.html	Microsoft Windows CE 5.0 Release Notes
windows-ce-5.0	whatsnew.html	corpus/site/windows-ce-5.0/whatsnew.html	What's New in Windows CE
windows-ce-6.0	release notes.htm	corpus/site/windows-ce-6.0/release notes.html	Windows Embedded CE 6.0 Release Notes
