name	source	reason
windows-ce-2.0	default.htm	refused by the tree's exclude regex
windows-ce-2.0	download/betainfo.htm	refused by the tree's exclude regex
windows-ce-2.0	download/default.htm	refused by the tree's exclude regex
windows-ce-2.0	embedpr.htm	refused by the tree's exclude regex
windows-ce-2.0	feedback/default.htm	refused by the tree's exclude regex
windows-ce-2.0	launchnews.htm	refused by the tree's exclude regex
windows-ce-2.0	prodinfo/v1order.htm	refused by the tree's exclude regex
windows-ce-2.0	programs/default.htm	refused by the tree's exclude regex
windows-ce-2.0	programs/hwassist.htm	refused by the tree's exclude regex
windows-ce-2.0	programs/wcelogo.htm	refused by the tree's exclude regex
windows-ce-2.0	programs/weblogo.htm	refused by the tree's exclude regex
windows-ce-2.0	programs/~hsB154.htm	refused by the tree's exclude regex
windows-ce-2.0	purchase/default.htm	refused by the tree's exclude regex
windows-ce-2.0	resources/cases.htm	refused by the tree's exclude regex
windows-ce-2.0	resources/default.htm	refused by the tree's exclude regex
windows-ce-2.0	resources/hmr.htm	refused by the tree's exclude regex
windows-ce-2.0	resources/lw.htm	refused by the tree's exclude regex
windows-ce-2.0	resources/techpart.htm	refused by the tree's exclude regex
windows-ce-2.0	resources/techsupp.htm	refused by the tree's exclude regex
windows-ce-2.0	vbbedpr.htm	refused by the tree's exclude regex
