#shard	records	path
acmdrv	19	devsurface/data/symbols/acmdrv.jsonl
addauto	6	devsurface/data/symbols/addauto.jsonl
advbacklight	2	devsurface/data/symbols/advbacklight.jsonl
af_irda	6	devsurface/data/symbols/af_irda.jsonl
appauto	2	devsurface/data/symbols/appauto.jsonl
appdefs	8	devsurface/data/symbols/appdefs.jsonl
armintr	97	devsurface/data/symbols/armintr.jsonl
atapi2	2	devsurface/data/symbols/atapi2.jsonl
autodial	10	devsurface/data/symbols/autodial.jsonl
autoras	2	devsurface/data/symbols/autoras.jsonl
av_upnp	140	devsurface/data/symbols/av_upnp.jsonl
avc_stream	50	devsurface/data/symbols/avc_stream.jsonl
avc_unit	34	devsurface/data/symbols/avc_unit.jsonl
avc_vcr	31	devsurface/data/symbols/avc_vcr.jsonl
avc_vvcr	28	devsurface/data/symbols/avc_vvcr.jsonl
aygshell	51	devsurface/data/symbols/aygshell.jsonl
battery	23	devsurface/data/symbols/battery.jsonl
battimpl	16	devsurface/data/symbols/battimpl.jsonl
blcommon	33	devsurface/data/symbols/blcommon.jsonl
bootabledevice	9	devsurface/data/symbols/bootabledevice.jsonl
bootpart	8	devsurface/data/symbols/bootpart.jsonl
bt_api	106	devsurface/data/symbols/bt_api.jsonl
bt_buffer	2	devsurface/data/symbols/bt_buffer.jsonl
bt_ddi	69	devsurface/data/symbols/bt_ddi.jsonl
bt_hcip	24	devsurface/data/symbols/bt_hcip.jsonl
btagnetwork	2	devsurface/data/symbols/btagnetwork.jsonl
btagpub	28	devsurface/data/symbols/btagpub.jsonl
bthapi	70	devsurface/data/symbols/bthapi.jsonl
bthid	2	devsurface/data/symbols/bthid.jsonl
bthsdpdef	18	devsurface/data/symbols/bthsdpdef.jsonl
buttonview	20	devsurface/data/symbols/buttonview.jsonl
cache.s	2	devsurface/data/symbols/cache.s.jsonl
calibrat.c	3	devsurface/data/symbols/calibrat.c.jsonl
calibrui	18	devsurface/data/symbols/calibrui.jsonl
cardserv	52	devsurface/data/symbols/cardserv.jsonl
cardsv2	42	devsurface/data/symbols/cardsv2.jsonl
ccbootstrap	7	devsurface/data/symbols/ccbootstrap.jsonl
ccceshcb	4	devsurface/data/symbols/ccceshcb.jsonl
cccommon	7	devsurface/data/symbols/cccommon.jsonl
ccconnection	27	devsurface/data/symbols/ccconnection.jsonl
ccdatastore	66	devsurface/data/symbols/ccdatastore.jsonl
ccdbgmsgcb	2	devsurface/data/symbols/ccdbgmsgcb.jsonl
cchannel	24	devsurface/data/symbols/cchannel.jsonl
cckitl	5	devsurface/data/symbols/cckitl.jsonl
ccserver	6	devsurface/data/symbols/ccserver.jsonl
ccservice	11	devsurface/data/symbols/ccservice.jsonl
ccservicecb	3	devsurface/data/symbols/ccservicecb.jsonl
ccserviceconfigure	5	devsurface/data/symbols/ccserviceconfigure.jsonl
ccsvchost	5	devsurface/data/symbols/ccsvchost.jsonl
cctransport	15	devsurface/data/symbols/cctransport.jsonl
cdioctl	38	devsurface/data/symbols/cdioctl.jsonl
ce_setup	6	devsurface/data/symbols/ce_setup.jsonl
cecap	8	devsurface/data/symbols/cecap.jsonl
ceddk	125	devsurface/data/symbols/ceddk.jsonl
celog	188	devsurface/data/symbols/celog.jsonl
cemgr	1	devsurface/data/symbols/cemgr.jsonl
cepubsub.h-for-development-workstation	12	devsurface/data/symbols/cepubsub.h-for-development-workstation.jsonl
cesync	159	devsurface/data/symbols/cesync.jsonl
ceutil	34	devsurface/data/symbols/ceutil.jsonl
cfwp2.c	8	devsurface/data/symbols/cfwp2.c.jsonl
client.c	1	devsurface/data/symbols/client.c.jsonl
cmnintr	8	devsurface/data/symbols/cmnintr.jsonl
cmnintrin	77	devsurface/data/symbols/cmnintrin.jsonl
comboboxview	6	devsurface/data/symbols/comboboxview.jsonl
comcat	26	devsurface/data/symbols/comcat.jsonl
commctrl	1515	devsurface/data/symbols/commctrl.jsonl
commctrl.h.se	1	devsurface/data/symbols/commctrl.h.se.jsonl
commctrlview	3	devsurface/data/symbols/commctrlview.jsonl
commdlg	38	devsurface/data/symbols/commdlg.jsonl
condio	2	devsurface/data/symbols/condio.jsonl
conman	8	devsurface/data/symbols/conman.jsonl
connection	20	devsurface/data/symbols/connection.jsonl
connectionstream	5	devsurface/data/symbols/connectionstream.jsonl
console	2	devsurface/data/symbols/console.jsonl
cpl	17	devsurface/data/symbols/cpl.jsonl
cpu	10	devsurface/data/symbols/cpu.jsonl
cred	6	devsurface/data/symbols/cred.jsonl
cred_prov	5	devsurface/data/symbols/cred_prov.jsonl
credmgr	4	devsurface/data/symbols/credmgr.jsonl
ctblt	2	devsurface/data/symbols/ctblt.jsonl
d3d8	131	devsurface/data/symbols/d3d8.jsonl
d3d8types	49	devsurface/data/symbols/d3d8types.jsonl
d3dcaps	3	devsurface/data/symbols/d3dcaps.jsonl
d3dhal	45	devsurface/data/symbols/d3dhal.jsonl
d3dm	115	devsurface/data/symbols/d3dm.jsonl
d3dmcaps	1	devsurface/data/symbols/d3dmcaps.jsonl
d3dmddk	67	devsurface/data/symbols/d3dmddk.jsonl
d3dmtypes	56	devsurface/data/symbols/d3dmtypes.jsonl
d3dtypes	3	devsurface/data/symbols/d3dtypes.jsonl
d3dx8math	34	devsurface/data/symbols/d3dx8math.jsonl
d3dx8tex	10	devsurface/data/symbols/d3dx8tex.jsonl
dbgapi	25	devsurface/data/symbols/dbgapi.jsonl
dccole	37	devsurface/data/symbols/dccole.jsonl
ddgpe	80	devsurface/data/symbols/ddgpe.jsonl
ddhal	2	devsurface/data/symbols/ddhal.jsonl
ddkreg	7	devsurface/data/symbols/ddkreg.jsonl
ddraw	313	devsurface/data/symbols/ddraw.jsonl
ddrawi	136	devsurface/data/symbols/ddrawi.jsonl
ddrawip	2	devsurface/data/symbols/ddrawip.jsonl
ddvdata	2	devsurface/data/symbols/ddvdata.jsonl
defragdisk	5	devsurface/data/symbols/defragdisk.jsonl
developer-defined	122	devsurface/data/symbols/developer-defined.jsonl
developer-implemented	13	devsurface/data/symbols/developer-implemented.jsonl
device	26	devsurface/data/symbols/device.jsonl
devload	6	devsurface/data/symbols/devload.jsonl
devmgmt	14	devsurface/data/symbols/devmgmt.jsonl
dinput	3	devsurface/data/symbols/dinput.jsonl
discodlg	1	devsurface/data/symbols/discodlg.jsonl
discodlg.h.-mstsax	149	devsurface/data/symbols/discodlg.h.-mstsax.jsonl
diskio	31	devsurface/data/symbols/diskio.jsonl
dmdls	8	devsurface/data/symbols/dmdls.jsonl
dmo	125	devsurface/data/symbols/dmo.jsonl
dmodshow	1	devsurface/data/symbols/dmodshow.jsonl
dmoimpl	15	devsurface/data/symbols/dmoimpl.jsonl
dmoreg	2	devsurface/data/symbols/dmoreg.jsonl
dmusicc	52	devsurface/data/symbols/dmusicc.jsonl
dmusicf	3	devsurface/data/symbols/dmusicf.jsonl
dmusici	106	devsurface/data/symbols/dmusici.jsonl
docobj	5	devsurface/data/symbols/docobj.jsonl
download	10	devsurface/data/symbols/download.jsonl
drmoutputleveltypes	1	devsurface/data/symbols/drmoutputleveltypes.jsonl
dsdriver	19	devsurface/data/symbols/dsdriver.jsonl
dsgetdc	3	devsurface/data/symbols/dsgetdc.jsonl
dshow	41	devsurface/data/symbols/dshow.jsonl
dsound	112	devsurface/data/symbols/dsound.jsonl
dvdata	315	devsurface/data/symbols/dvdata.jsonl
dvdcss	26	devsurface/data/symbols/dvdcss.jsonl
dvddata	4	devsurface/data/symbols/dvddata.jsonl
dvddrvr	82	devsurface/data/symbols/dvddrvr.jsonl
dvdioctl	2	devsurface/data/symbols/dvdioctl.jsonl
dvdmedia	1	devsurface/data/symbols/dvdmedia.jsonl
dvdnav	98	devsurface/data/symbols/dvdnav.jsonl
dvp	78	devsurface/data/symbols/dvp.jsonl
dwcedump	16	devsurface/data/symbols/dwcedump.jsonl
efilter	1	devsurface/data/symbols/efilter.jsonl
enumvariant	3	devsurface/data/symbols/enumvariant.jsonl
errorrep	1	devsurface/data/symbols/errorrep.jsonl
ethdbg	13	devsurface/data/symbols/ethdbg.jsonl
excpt	8	devsurface/data/symbols/excpt.jsonl
exdi	62	devsurface/data/symbols/exdi.jsonl
exdi2	150	devsurface/data/symbols/exdi2.jsonl
externs	20	devsurface/data/symbols/externs.jsonl
extfile	4	devsurface/data/symbols/extfile.jsonl
fatui	3	devsurface/data/symbols/fatui.jsonl
fatutil	7	devsurface/data/symbols/fatutil.jsonl
flexipmtinfo	8	devsurface/data/symbols/flexipmtinfo.jsonl
float	3	devsurface/data/symbols/float.jsonl
fmd	34	devsurface/data/symbols/fmd.jsonl
formatdisk	3	devsurface/data/symbols/formatdisk.jsonl
fsdmgr	125	devsurface/data/symbols/fsdmgr.jsonl
fsioctl	14	devsurface/data/symbols/fsioctl.jsonl
fwapi	40	devsurface/data/symbols/fwapi.jsonl
fwpc.c	11	devsurface/data/symbols/fwpc.c.jsonl
gcacheview	9	devsurface/data/symbols/gcacheview.jsonl
gdcfg.c	10	devsurface/data/symbols/gdcfg.c.jsonl
gdi	204	devsurface/data/symbols/gdi.jsonl
giisr	2	devsurface/data/symbols/giisr.jsonl
gpe	33	devsurface/data/symbols/gpe.jsonl
gwebypasscoredllthunk	120	devsurface/data/symbols/gwebypasscoredllthunk.jsonl
halether	37	devsurface/data/symbols/halether.jsonl
hcdddsi.h-or-ohcdddsi	19	devsurface/data/symbols/hcdddsi.h-or-ohcdddsi.jsonl
headerview	7	devsurface/data/symbols/headerview.jsonl
hiddi	13	devsurface/data/symbols/hiddi.jsonl
hidparse	1	devsurface/data/symbols/hidparse.jsonl
hidpddi	4	devsurface/data/symbols/hidpddi.jsonl
hidpi	77	devsurface/data/symbols/hidpi.jsonl
htmlctrl	20	devsurface/data/symbols/htmlctrl.jsonl
httpext	19	devsurface/data/symbols/httpext.jsonl
httpfilt	28	devsurface/data/symbols/httpfilt.jsonl
iaccess	13	devsurface/data/symbols/iaccess.jsonl
icmpapi	19	devsurface/data/symbols/icmpapi.jsonl
iexchangeclient	46	devsurface/data/symbols/iexchangeclient.jsonl
iflexiptminfo	1	devsurface/data/symbols/iflexiptminfo.jsonl
iltiming	3	devsurface/data/symbols/iltiming.jsonl
imaging	93	devsurface/data/symbols/imaging.jsonl
imjpskin	73	devsurface/data/symbols/imjpskin.jsonl
imm	338	devsurface/data/symbols/imm.jsonl
interned	1	devsurface/data/symbols/interned.jsonl
interned.h	2	devsurface/data/symbols/interned.h.jsonl
iosaccess	2	devsurface/data/symbols/iosaccess.jsonl
ipexport	10	devsurface/data/symbols/ipexport.jsonl
iphlpapi	96	devsurface/data/symbols/iphlpapi.jsonl
iprtrmib	38	devsurface/data/symbols/iprtrmib.jsonl
ipsec_api	8	devsurface/data/symbols/ipsec_api.jsonl
iptypes	30	devsurface/data/symbols/iptypes.jsonl
kato	66	devsurface/data/symbols/kato.jsonl
kernel	9	devsurface/data/symbols/kernel.jsonl
kerninst.c	5	devsurface/data/symbols/kerninst.c.jsonl
keybd	3	devsurface/data/symbols/keybd.jsonl
keybddr	24	devsurface/data/symbols/keybddr.jsonl
keybdmdd.cpp	6	devsurface/data/symbols/keybdmdd.cpp.jsonl
keybdpdd	5	devsurface/data/symbols/keybdpdd.jsonl
kfuncs	18	devsurface/data/symbols/kfuncs.jsonl
kitl	41	devsurface/data/symbols/kitl.jsonl
kitlclnt	7	devsurface/data/symbols/kitlclnt.jsonl
kitltran	30	devsurface/data/symbols/kitltran.jsonl
kmisc.c	2	devsurface/data/symbols/kmisc.c.jsonl
koreanimeui	28	devsurface/data/symbols/koreanimeui.jsonl
ktimer.c	1	devsurface/data/symbols/ktimer.c.jsonl
kwin32	1	devsurface/data/symbols/kwin32.jsonl
kxarm	9	devsurface/data/symbols/kxarm.jsonl
kxmips	5	devsurface/data/symbols/kxmips.jsonl
kxshx	8	devsurface/data/symbols/kxshx.jsonl
lap	10	devsurface/data/symbols/lap.jsonl
lass	1	devsurface/data/symbols/lass.jsonl
led_drvr	12	devsurface/data/symbols/led_drvr.jsonl
listboxview	3	devsurface/data/symbols/listboxview.jsonl
loadauth	4	devsurface/data/symbols/loadauth.jsonl
lockmgr	1	devsurface/data/symbols/lockmgr.jsonl
lockmgrhelp	3	devsurface/data/symbols/lockmgrhelp.jsonl
lockmgrtypes	1	devsurface/data/symbols/lockmgrtypes.jsonl
lt2pcfg	1	devsurface/data/symbols/lt2pcfg.jsonl
malloc	2	devsurface/data/symbols/malloc.jsonl
mdd.c	9	devsurface/data/symbols/mdd.c.jsonl
mediaqueryengine	48	devsurface/data/symbols/mediaqueryengine.jsonl
mem_arm	1	devsurface/data/symbols/mem_arm.jsonl
minish	10	devsurface/data/symbols/minish.jsonl
mipsintr	205	devsurface/data/symbols/mipsintr.jsonl
mkfuncs	5	devsurface/data/symbols/mkfuncs.jsonl
mlang	207	devsurface/data/symbols/mlang.jsonl
mmddk	48	devsurface/data/symbols/mmddk.jsonl
mmsystem	157	devsurface/data/symbols/mmsystem.jsonl
mq	160	devsurface/data/symbols/mq.jsonl
mqmgmt	2	devsurface/data/symbols/mqmgmt.jsonl
mqoai	41	devsurface/data/symbols/mqoai.jsonl
msacmdrv	29	devsurface/data/symbols/msacmdrv.jsonl
msgqueue	8	devsurface/data/symbols/msgqueue.jsonl
mshtmhst	5	devsurface/data/symbols/mshtmhst.jsonl
mshtml	25	devsurface/data/symbols/mshtml.jsonl
msime	148	devsurface/data/symbols/msime.jsonl
msimeui	2	devsurface/data/symbols/msimeui.jsonl
mspyime	3	devsurface/data/symbols/mspyime.jsonl
msr	2	devsurface/data/symbols/msr.jsonl
mssoap	156	devsurface/data/symbols/mssoap.jsonl
msxml2	249	devsurface/data/symbols/msxml2.jsonl
mwinreg	1	devsurface/data/symbols/mwinreg.jsonl
n-a.	1	devsurface/data/symbols/n-a..jsonl
natedit	36	devsurface/data/symbols/natedit.jsonl
nclientview	18	devsurface/data/symbols/nclientview.jsonl
ndis	870	devsurface/data/symbols/ndis.jsonl
ndistapi	2	devsurface/data/symbols/ndistapi.jsonl
netui	58	devsurface/data/symbols/netui.jsonl
new	2	devsurface/data/symbols/new.jsonl
newmenu	6	devsurface/data/symbols/newmenu.jsonl
nkarm	2	devsurface/data/symbols/nkarm.jsonl
nkintr	76	devsurface/data/symbols/nkintr.jsonl
nled	9	devsurface/data/symbols/nled.jsonl
nleddrv.cpp	1	devsurface/data/symbols/nleddrv.cpp.jsonl
no-public-definition	2	devsurface/data/symbols/no-public-definition.jsonl
not-applicable.	81	devsurface/data/symbols/not-applicable..jsonl
notifext	58	devsurface/data/symbols/notifext.jsonl
notifext.cxx	3	devsurface/data/symbols/notifext.cxx.jsonl
notify	24	devsurface/data/symbols/notify.jsonl
ntcompat	10	devsurface/data/symbols/ntcompat.jsonl
ntddndis	200	devsurface/data/symbols/ntddndis.jsonl
ntddndis.h-and-ndistapi	137	devsurface/data/symbols/ntddndis.h-and-ndistapi.jsonl
ntlmssp	10	devsurface/data/symbols/ntlmssp.jsonl
ntlmssp.dll	3	devsurface/data/symbols/ntlmssp.dll.jsonl
nuiouser	30	devsurface/data/symbols/nuiouser.jsonl
oaidl	480	devsurface/data/symbols/oaidl.jsonl
oal_args	2	devsurface/data/symbols/oal_args.jsonl
oal_cache	17	devsurface/data/symbols/oal_cache.jsonl
oal_ilt	3	devsurface/data/symbols/oal_ilt.jsonl
oal_intr	37	devsurface/data/symbols/oal_intr.jsonl
oal_io	71	devsurface/data/symbols/oal_io.jsonl
oal_ioctl	20	devsurface/data/symbols/oal_ioctl.jsonl
oal_kitl	54	devsurface/data/symbols/oal_kitl.jsonl
oal_log	11	devsurface/data/symbols/oal_log.jsonl
oal_memory	8	devsurface/data/symbols/oal_memory.jsonl
oal_pci	33	devsurface/data/symbols/oal_pci.jsonl
oal_timer	14	devsurface/data/symbols/oal_timer.jsonl
oalintr	4	devsurface/data/symbols/oalintr.jsonl
obex	103	devsurface/data/symbols/obex.jsonl
obexserver	4	devsurface/data/symbols/obexserver.jsonl
objbase	273	devsurface/data/symbols/objbase.jsonl
objidl	458	devsurface/data/symbols/objidl.jsonl
objsafe	5	devsurface/data/symbols/objsafe.jsonl
ocidl	129	devsurface/data/symbols/ocidl.jsonl
oem-defined	1	devsurface/data/symbols/oem-defined.jsonl
oemboot.c	1	devsurface/data/symbols/oemboot.c.jsonl
oeminit.asm	1	devsurface/data/symbols/oeminit.asm.jsonl
oemioctl.c	4	devsurface/data/symbols/oemioctl.c.jsonl
oemwake	12	devsurface/data/symbols/oemwake.jsonl
ohcdddsi	17	devsurface/data/symbols/ohcdddsi.jsonl
ohcdddsi.h-or-uhcdddsi	18	devsurface/data/symbols/ohcdddsi.h-or-uhcdddsi.jsonl
ole2	51	devsurface/data/symbols/ole2.jsonl
oleauto	680	devsurface/data/symbols/oleauto.jsonl
olectl	6	devsurface/data/symbols/olectl.jsonl
oleidl	204	devsurface/data/symbols/oleidl.jsonl
oomui	36	devsurface/data/symbols/oomui.jsonl
os	6	devsurface/data/symbols/os.jsonl
osaccess	67	devsurface/data/symbols/osaccess.jsonl
osacess	10	devsurface/data/symbols/osacess.jsonl
osaxs	1	devsurface/data/symbols/osaxs.jsonl
p2p	20	devsurface/data/symbols/p2p.jsonl
package	10	devsurface/data/symbols/package.jsonl
packagefile	14	devsurface/data/symbols/packagefile.jsonl
partdrv	19	devsurface/data/symbols/partdrv.jsonl
pchannel	4	devsurface/data/symbols/pchannel.jsonl
pcibus	2	devsurface/data/symbols/pcibus.jsonl
pcireg	10	devsurface/data/symbols/pcireg.jsonl
pcirsrc	2	devsurface/data/symbols/pcirsrc.jsonl
pcommctr	4	devsurface/data/symbols/pcommctr.jsonl
pcommctrl	5	devsurface/data/symbols/pcommctrl.jsonl
pegdser	71	devsurface/data/symbols/pegdser.jsonl
pimstore	132	devsurface/data/symbols/pimstore.jsonl
pkfuncs	275	devsurface/data/symbols/pkfuncs.jsonl
platform	63	devsurface/data/symbols/platform.jsonl
platform-oal	12	devsurface/data/symbols/platform-oal.jsonl
platman	69	devsurface/data/symbols/platman.jsonl
playlist	16	devsurface/data/symbols/playlist.jsonl
pm	39	devsurface/data/symbols/pm.jsonl
pmimpl	14	devsurface/data/symbols/pmimpl.jsonl
pmpolicy	1	devsurface/data/symbols/pmpolicy.jsonl
pnp	1	devsurface/data/symbols/pnp.jsonl
pnrpdef	3	devsurface/data/symbols/pnrpdef.jsonl
pnrpns	3	devsurface/data/symbols/pnrpns.jsonl
prnport	11	devsurface/data/symbols/prnport.jsonl
profiler	15	devsurface/data/symbols/profiler.jsonl
progressview	4	devsurface/data/symbols/progressview.jsonl
property	19	devsurface/data/symbols/property.jsonl
propinfo	7	devsurface/data/symbols/propinfo.jsonl
proto	5	devsurface/data/symbols/proto.jsonl
proxy	2	devsurface/data/symbols/proxy.jsonl
prsht	64	devsurface/data/symbols/prsht.jsonl
psapi	2	devsurface/data/symbols/psapi.jsonl
pwinbase	4	devsurface/data/symbols/pwinbase.jsonl
pwindbas	21	devsurface/data/symbols/pwindbas.jsonl
pwingdi	3	devsurface/data/symbols/pwingdi.jsonl
pwinreg	24	devsurface/data/symbols/pwinreg.jsonl
pwinuser	28	devsurface/data/symbols/pwinuser.jsonl
rapi	174	devsurface/data/symbols/rapi.jsonl
rapitypes	7	devsurface/data/symbols/rapitypes.jsonl
ras	111	devsurface/data/symbols/ras.jsonl
ras.h	2	devsurface/data/symbols/ras.h.jsonl
rascustomscriptexecute-is-exported-from-the-custom-scripting-dll	2	devsurface/data/symbols/rascustomscriptexecute-is-exported-from-the-custom-scripting-dll.jsonl
raseapif	23	devsurface/data/symbols/raseapif.jsonl
rebarview	6	devsurface/data/symbols/rebarview.jsonl
recog	48	devsurface/data/symbols/recog.jsonl
remoteui	23	devsurface/data/symbols/remoteui.jsonl
replfilt	74	devsurface/data/symbols/replfilt.jsonl
rndis	38	devsurface/data/symbols/rndis.jsonl
rndismini	22	devsurface/data/symbols/rndismini.jsonl
romldr	5	devsurface/data/symbols/romldr.jsonl
routprot	2	devsurface/data/symbols/routprot.jsonl
rpcdce	2	devsurface/data/symbols/rpcdce.jsonl
rtccore	659	devsurface/data/symbols/rtccore.jsonl
rtccore.h.-rtccore	1	devsurface/data/symbols/rtccore.h.-rtccore.jsonl
rtcerr	4	devsurface/data/symbols/rtcerr.jsonl
rules	2	devsurface/data/symbols/rules.jsonl
sapi	505	devsurface/data/symbols/sapi.jsonl
sapiddk	177	devsurface/data/symbols/sapiddk.jsonl
scandisk	4	devsurface/data/symbols/scandisk.jsonl
schedlog	6	devsurface/data/symbols/schedlog.jsonl
schedule.c	1	devsurface/data/symbols/schedule.c.jsonl
schnlsp	7	devsurface/data/symbols/schnlsp.jsonl
scrollview	14	devsurface/data/symbols/scrollview.jsonl
sdcard	5	devsurface/data/symbols/sdcard.jsonl
sdcardddk	34	devsurface/data/symbols/sdcardddk.jsonl
sdmem	2	devsurface/data/symbols/sdmem.jsonl
security	15	devsurface/data/symbols/security.jsonl
see-remarks	11	devsurface/data/symbols/see-remarks.jsonl
serhw	110	devsurface/data/symbols/serhw.jsonl
service	65	devsurface/data/symbols/service.jsonl
servicecategory	15	devsurface/data/symbols/servicecategory.jsonl
serviceinfo	7	devsurface/data/symbols/serviceinfo.jsonl
shellapi	32	devsurface/data/symbols/shellapi.jsonl
shellcb	4	devsurface/data/symbols/shellcb.jsonl
shellsdk	1	devsurface/data/symbols/shellsdk.jsonl
shelwapi	1	devsurface/data/symbols/shelwapi.jsonl
shintr	43	devsurface/data/symbols/shintr.jsonl
shlobj	19	devsurface/data/symbols/shlobj.jsonl
shobjidl	37	devsurface/data/symbols/shobjidl.jsonl
shobjvidl	1	devsurface/data/symbols/shobjvidl.jsonl
shtypes	2	devsurface/data/symbols/shtypes.jsonl
sip	74	devsurface/data/symbols/sip.jsonl
sipapi	22	devsurface/data/symbols/sipapi.jsonl
smbconfig	5	devsurface/data/symbols/smbconfig.jsonl
smcce	2	devsurface/data/symbols/smcce.jsonl
smclib	37	devsurface/data/symbols/smclib.jsonl
snmp	113	devsurface/data/symbols/snmp.jsonl
snmpapi	2	devsurface/data/symbols/snmpapi.jsonl
snmpexts	9	devsurface/data/symbols/snmpexts.jsonl
sockserv	23	devsurface/data/symbols/sockserv.jsonl
socksv2	17	devsurface/data/symbols/socksv2.jsonl
sphelper	56	devsurface/data/symbols/sphelper.jsonl
splapi	32	devsurface/data/symbols/splapi.jsonl
sspi	41	devsurface/data/symbols/sspi.jsonl
startui	18	devsurface/data/symbols/startui.jsonl
startupserver	3	devsurface/data/symbols/startupserver.jsonl
statctlview	8	devsurface/data/symbols/statctlview.jsonl
stdio	3	devsurface/data/symbols/stdio.jsonl
stdlib	55	devsurface/data/symbols/stdlib.jsonl
stdlib.h-and-search	1	devsurface/data/symbols/stdlib.h-and-search.jsonl
stdlib.h-and-wchar_ship	1	devsurface/data/symbols/stdlib.h-and-wchar_ship.jsonl
stlib	1	devsurface/data/symbols/stlib.jsonl
storemgr	27	devsurface/data/symbols/storemgr.jsonl
stressutils	24	devsurface/data/symbols/stressutils.jsonl
strmif	26	devsurface/data/symbols/strmif.jsonl
strsafe	30	devsurface/data/symbols/strsafe.jsonl
sysgen	883	devsurface/data/symbols/sysgen.jsonl
tabview	3	devsurface/data/symbols/tabview.jsonl
tapi	533	devsurface/data/symbols/tapi.jsonl
tapicomn	210	devsurface/data/symbols/tapicomn.jsonl
tchaud	1	devsurface/data/symbols/tchaud.jsonl
tchddi	25	devsurface/data/symbols/tchddi.jsonl
tchddsi	16	devsurface/data/symbols/tchddsi.jsonl
this-structure-was-created-solely-to-depict-the-organization-of-data-in-a-version-resource-and-does-not-appear-in-any-of-the-header-files-shipped-with-an-sdk-for-a-windows-ce-os	1	devsurface/data/symbols/this-structure-was-created-solely-to-depict-the-organization-of-data-in-a-version-resource-and-does-not-appear-in-any-of-the-header-files-shipped-with-an-sdk-for-a-windows-ce-os.jsonl
timer.c	1	devsurface/data/symbols/timer.c.jsonl
tl	14	devsurface/data/symbols/tl.jsonl
tlhelp	4	devsurface/data/symbols/tlhelp.jsonl
tlhelp32	31	devsurface/data/symbols/tlhelp32.jsonl
toolbarview	15	devsurface/data/symbols/toolbarview.jsonl
trackbarview	9	devsurface/data/symbols/trackbarview.jsonl
trans	9	devsurface/data/symbols/trans.jsonl
transport	3	devsurface/data/symbols/transport.jsonl
tspi	1	devsurface/data/symbols/tspi.jsonl
tuple	6	devsurface/data/symbols/tuple.jsonl
tux	46	devsurface/data/symbols/tux.jsonl
tvout	1	devsurface/data/symbols/tvout.jsonl
uhcdddsi	1	devsurface/data/symbols/uhcdddsi.jsonl
unimodem	6	devsurface/data/symbols/unimodem.jsonl
unknown-header	6546	devsurface/data/symbols/unknown-header.part-01.jsonl
unknown-header	6563	devsurface/data/symbols/unknown-header.part-02.jsonl
unknown-header	6532	devsurface/data/symbols/unknown-header.part-03.jsonl
unknown-header	97	devsurface/data/symbols/unknown-header.part-04.jsonl
unknwn	11	devsurface/data/symbols/unknwn.jsonl
updownview	4	devsurface/data/symbols/updownview.jsonl
upnp	109	devsurface/data/symbols/upnp.jsonl
upnpdevapi	32	devsurface/data/symbols/upnpdevapi.jsonl
upnphost	29	devsurface/data/symbols/upnphost.jsonl
urlmon	326	devsurface/data/symbols/urlmon.jsonl
urlmonui	2	devsurface/data/symbols/urlmonui.jsonl
usb100	6	devsurface/data/symbols/usb100.jsonl
usbclient	22	devsurface/data/symbols/usbclient.jsonl
usbd	24	devsurface/data/symbols/usbd.jsonl
usbddrv.cpp	2	devsurface/data/symbols/usbddrv.cpp.jsonl
usbdi	56	devsurface/data/symbols/usbdi.jsonl
usbfntypes	1	devsurface/data/symbols/usbfntypes.jsonl
usbmsc	2	devsurface/data/symbols/usbmsc.jsonl
usbtypes	6	devsurface/data/symbols/usbtypes.jsonl
user-defined	1	devsurface/data/symbols/user-defined.jsonl
usp10	45	devsurface/data/symbols/usp10.jsonl
uxtheme	8	devsurface/data/symbols/uxtheme.jsonl
voipconfigurationdatastore	9	devsurface/data/symbols/voipconfigurationdatastore.jsonl
voiperrorcodes	4	devsurface/data/symbols/voiperrorcodes.jsonl
voiplap	5	devsurface/data/symbols/voiplap.jsonl
voipmanager	115	devsurface/data/symbols/voipmanager.jsonl
voipmediamanager	42	devsurface/data/symbols/voipmediamanager.jsonl
voipprov	7	devsurface/data/symbols/voipprov.jsonl
voipstore	80	devsurface/data/symbols/voipstore.jsonl
waveddsi	44	devsurface/data/symbols/waveddsi.jsonl
wavedev	4	devsurface/data/symbols/wavedev.jsonl
wavemdd	10	devsurface/data/symbols/wavemdd.jsonl
waveui.c	4	devsurface/data/symbols/waveui.c.jsonl
wceemul	3	devsurface/data/symbols/wceemul.jsonl
wdbgexts	19	devsurface/data/symbols/wdbgexts.jsonl
wdbgexts_ce	20	devsurface/data/symbols/wdbgexts_ce.jsonl
wdm.h-or-ntddk	2	devsurface/data/symbols/wdm.h-or-ntddk.jsonl
webproxy	9	devsurface/data/symbols/webproxy.jsonl
webvw	68	devsurface/data/symbols/webvw.jsonl
winbase	512	devsurface/data/symbols/winbase.jsonl
winber	26	devsurface/data/symbols/winber.jsonl
wincrypt	530	devsurface/data/symbols/wincrypt.jsonl
windbase	208	devsurface/data/symbols/windbase.jsonl
winddi	78	devsurface/data/symbols/winddi.jsonl
windef	16	devsurface/data/symbols/windef.jsonl
windev	4	devsurface/data/symbols/windev.jsonl
windns	32	devsurface/data/symbols/windns.jsonl
windot11	101	devsurface/data/symbols/windot11.jsonl
windows	318	devsurface/data/symbols/windows.jsonl
windows-embedded-ce	24	devsurface/data/symbols/windows-embedded-ce.jsonl
windowsx	6	devsurface/data/symbols/windowsx.jsonl
wingdi	156	devsurface/data/symbols/wingdi.jsonl
wininet	163	devsurface/data/symbols/wininet.jsonl
wininetui	4	devsurface/data/symbols/wininetui.jsonl
winldap	153	devsurface/data/symbols/winldap.jsonl
winnetwk	48	devsurface/data/symbols/winnetwk.jsonl
winnls	104	devsurface/data/symbols/winnls.jsonl
winnt	45	devsurface/data/symbols/winnt.jsonl
winreg	25	devsurface/data/symbols/winreg.jsonl
winscard	87	devsurface/data/symbols/winscard.jsonl
winsmcrd	22	devsurface/data/symbols/winsmcrd.jsonl
winsock	39	devsurface/data/symbols/winsock.jsonl
winsock2	178	devsurface/data/symbols/winsock2.jsonl
winuser	881	devsurface/data/symbols/winuser.jsonl
wmdrm10nd	8	devsurface/data/symbols/wmdrm10nd.jsonl
ws2bth	15	devsurface/data/symbols/ws2bth.jsonl
ws2spi	56	devsurface/data/symbols/ws2spi.jsonl
ws2tcpip	10	devsurface/data/symbols/ws2tcpip.jsonl
wtype	1	devsurface/data/symbols/wtype.jsonl
wtypes	15	devsurface/data/symbols/wtypes.jsonl
wzcsapi	21	devsurface/data/symbols/wzcsapi.jsonl
