# old_prefix	new_prefix	note  (restructure of 2026-10-01; old tree = git tag pre-restructure-20261001)
docs/mslearn/	corpus/learn/	product dirs unchanged; "uncategorized" -> "unclassified"; 468 .NET Micro Framework pages -> dotnet-micro-framework (see path-renames.tsv)
docs/wayback-msdn/2010-05/	corpus/wayback/msdn-2010-05/	
docs/chm/	corpus/chm-extracted/	
archives/	corpus/archives/	file names with spaces/colons sanitised (see path-renames.tsv)
supplementary/windows-mobile-6.5/	corpus/learn/windows-mobile-6.5/	":" in file names replaced by "_"
data/catalogs/	meta/catalogs/	
data/rows/	meta/rows/	
data/manifests/	meta/manifests/	
data/index/INDEX.tsv	meta/index/INDEX.tsv	
data/index/corpus.sqlite3	(release asset index-latest: corpus.sqlite3.gz)	no longer tracked in git
pagesgap/	meta/gaps/	
urls/mslearn-embedded.txt	queues/sources/learn-legacy-embedded-toc.txt	
urls/to-fetch-mslearn.txt	queues/sources/learn-legacy-to-fetch.txt	
urls/wayback-msdn-2010.txt	queues/sources/wayback-legacy-msdn-2010.txt	
urls/url.txt	sources/reference-links.txt	reference only, never harvested
tools/harvest.py	tools/harvest.py	rewritten
tools/make-index.py, tools/build-index-sql.py	tools/build_index.py	merged
