#page_id	source_id	path	title	page_class	symbol_count	kind	symbol	declaration_origin	header	library	os_versions_raw	declaration_status	duplicate_of	source_url
01c3x0ze	wayback-msdn-2010-05	docs/wayback-msdn/2010-05/01c3x0ze.html	EditorBrowsableAttribute Constructor (EditorBrowsableState) (System.ComponentModel)	out_of_scope_managed_surface	0			none				not_attempted		https://web.archive.org/web/20110420045706/http://msdn.microsoft.com/en-us/library/01c3x0ze.aspx
07ebee0c	wayback-msdn-2010-05	docs/wayback-msdn/2010-05/07ebee0c.html	HashAlgorithm.Dispose Method (Boolean) (System.Security.Cryptography)	out_of_scope_managed_surface	0			none				not_attempted		https://web.archive.org/web/2011/07ebee0c
07wt70x2	wayback-msdn-2010-05	docs/wayback-msdn/2010-05/07wt70x2.html	Directory.GetFiles Method (String) (System.IO)	out_of_scope_managed_surface	0			none				not_attempted		https://web.archive.org/web/2011/07wt70x2
09d0kyb3	wayback-msdn-2010-05	docs/wayback-msdn/2010-05/09d0kyb3.html	SymmetricAlgorithm.CreateEncryptor Method (System.Security.Cryptography)	out_of_scope_managed_surface	0			none				not_attempted		https://web.archive.org/web/2011/09d0kyb3
0a35t2xb	wayback-msdn-2010-05	docs/wayback-msdn/2010-05/0a35t2xb.html		concept_or_overview	0			none				no_candidate		https://web.archive.org/web/2011/0a35t2xb
0aa3d588	wayback-msdn-2010-05	docs/wayback-msdn/2010-05/0aa3d588.html	WebRequest.Create Method (Uri) (System.Net)	out_of_scope_managed_surface	0			none				not_attempted		https://web.archive.org/web/2011/0aa3d588
0d77a662	wayback-msdn-2010-05	docs/wayback-msdn/2010-05/0d77a662.html		concept_or_overview	0			none				no_candidate		https://web.archive.org/web/2011/0d77a662
0fkw8e0a	wayback-msdn-2010-05	docs/wayback-msdn/2010-05/0fkw8e0a.html		concept_or_overview	0			none				no_candidate		https://web.archive.org/web/2011/0fkw8e0a
0tkeaex1	wayback-msdn-2010-05	docs/wayback-msdn/2010-05/0tkeaex1.html	Path.ChangeExtension Method (System.IO)	out_of_scope_managed_surface	0			none				not_attempted		https://web.archive.org/web/20110504140922/http://msdn.microsoft.com/en-us/library/system.io.path.changeextension.aspx
0wet9by6	wayback-msdn-2010-05	docs/wayback-msdn/2010-05/0wet9by6.html	HttpWebResponse.ResponseUri Property (System.Net)	out_of_scope_managed_surface	0			none				not_attempted		https://web.archive.org/web/20110317131538/http://msdn.microsoft.com/en-us/library/system.net.httpwebresponse.responseuri.aspx
12hzbdxy	wayback-msdn-2010-05	docs/wayback-msdn/2010-05/12hzbdxy.html		concept_or_overview	0			none				no_candidate		https://web.archive.org/web/2011/12hzbdxy
18bx7wa5	wayback-msdn-2010-05	docs/wayback-msdn/2010-05/18bx7wa5.html	WebProxy Constructor (Uri, Boolean) (System.Net)	out_of_scope_managed_surface	0			none				not_attempted		https://web.archive.org/web/2011/18bx7wa5
197fa73c	wayback-msdn-2010-05	docs/wayback-msdn/2010-05/197fa73c.html		concept_or_overview	0			none				no_candidate		https://web.archive.org/web/2011/197fa73c
1981e88h	wayback-msdn-2010-05	docs/wayback-msdn/2010-05/1981e88h.html		concept_or_overview	0			none				no_candidate		https://web.archive.org/web/2011/1981e88h
1ah6ekaf	wayback-msdn-2010-05	docs/wayback-msdn/2010-05/1ah6ekaf.html		concept_or_overview	0			none				no_candidate		https://web.archive.org/web/2011/1ah6ekaf
1beth6ct	wayback-msdn-2010-05	docs/wayback-msdn/2010-05/1beth6ct.html		concept_or_overview	0			none				no_candidate		https://web.archive.org/web/2011/1beth6ct
1dk8thk3	wayback-msdn-2010-05	docs/wayback-msdn/2010-05/1dk8thk3.html		concept_or_overview	0			none				no_candidate		https://web.archive.org/web/2011/1dk8thk3
1e59xaaz	wayback-msdn-2010-05	docs/wayback-msdn/2010-05/1e59xaaz.html	HashAlgorithm.ComputeHash Method (Byte[], Int32, Int32) (System.Security.Cryptography)	out_of_scope_managed_surface	0			none				not_attempted		https://web.archive.org/web/2011/1e59xaaz
1f1h9xds	wayback-msdn-2010-05	docs/wayback-msdn/2010-05/1f1h9xds.html		concept_or_overview	0			none				no_candidate		https://web.archive.org/web/2011/1f1h9xds
1xabb1hw	wayback-msdn-2010-05	docs/wayback-msdn/2010-05/1xabb1hw.html	NetworkCredential Constructor (System.Net)	out_of_scope_managed_surface	0			none				not_attempted		https://web.archive.org/web/2011/1xabb1hw
1xef4h42	wayback-msdn-2010-05	docs/wayback-msdn/2010-05/1xef4h42.html		concept_or_overview	0			none				no_candidate		https://web.archive.org/web/2011/1xef4h42
1ze608s7	wayback-msdn-2010-05	docs/wayback-msdn/2010-05/1ze608s7.html	HashAlgorithm.Hash Property (System.Security.Cryptography)	out_of_scope_managed_surface	0			none				not_attempted		https://web.archive.org/web/20110127171255/http://msdn.microsoft.com/en-us/library/system.security.cryptography.hashalgorithm.hash.aspx
234s6ee9	wayback-msdn-2010-05	docs/wayback-msdn/2010-05/234s6ee9.html	WebProxy Constructor (String, Boolean) (System.Net)	out_of_scope_managed_surface	0			none				not_attempted		https://web.archive.org/web/2011/234s6ee9
241d9c30	wayback-msdn-2010-05	docs/wayback-msdn/2010-05/241d9c30.html		concept_or_overview	0			none				no_candidate		https://web.archive.org/web/2011/241d9c30
243ay404	wayback-msdn-2010-05	docs/wayback-msdn/2010-05/243ay404.html		concept_or_overview	0			none				no_candidate		https://web.archive.org/web/2011/243ay404
286was7f	wayback-msdn-2010-05	docs/wayback-msdn/2010-05/286was7f.html		concept_or_overview	0			none				no_candidate		https://web.archive.org/web/2011/286was7f
29zkaw56	wayback-msdn-2010-05	docs/wayback-msdn/2010-05/29zkaw56.html		concept_or_overview	0			none				no_candidate		https://web.archive.org/web/2011/29zkaw56
2atywzky	wayback-msdn-2010-05	docs/wayback-msdn/2010-05/2atywzky.html		concept_or_overview	0			none				no_candidate		https://web.archive.org/web/2011/2atywzky
2bw4h516	wayback-msdn-2010-05	docs/wayback-msdn/2010-05/2bw4h516.html	FileStream.Flush Method (System.IO)	out_of_scope_managed_surface	0			none				not_attempted		https://web.archive.org/web/2011/2bw4h516
2edhwdhk	wayback-msdn-2010-05	docs/wayback-msdn/2010-05/2edhwdhk.html		concept_or_overview	0			none				no_candidate		https://web.archive.org/web/2011/2edhwdhk
2k3d6e7y	wayback-msdn-2010-05	docs/wayback-msdn/2010-05/2k3d6e7y.html		concept_or_overview	0			none				no_candidate		https://web.archive.org/web/2011/2k3d6e7y
2t9z5e24	wayback-msdn-2010-05	docs/wayback-msdn/2010-05/2t9z5e24.html	FileStream.Write Method (System.IO)	out_of_scope_managed_surface	0			none				not_attempted		https://web.archive.org/web/20110114112403/http://msdn.microsoft.com/en-us/library/system.io.filestream.write.aspx
2w7bcfwh	wayback-msdn-2010-05	docs/wayback-msdn/2010-05/2w7bcfwh.html		concept_or_overview	0			none				no_candidate		https://web.archive.org/web/2011/2w7bcfwh
2x8h1x2x	wayback-msdn-2010-05	docs/wayback-msdn/2010-05/2x8h1x2x.html		concept_or_overview	0			none				no_candidate		https://web.archive.org/web/2011/2x8h1x2x
2xfa242c	wayback-msdn-2010-05	docs/wayback-msdn/2010-05/2xfa242c.html		concept_or_overview	0			none				no_candidate		https://web.archive.org/web/2011/2xfa242c
2yf1bh0w	wayback-msdn-2010-05	docs/wayback-msdn/2010-05/2yf1bh0w.html		concept_or_overview	0			none				no_candidate		https://web.archive.org/web/2011/2yf1bh0w
306zdkf0	wayback-msdn-2010-05	docs/wayback-msdn/2010-05/306zdkf0.html		concept_or_overview	0			none				no_candidate		https://web.archive.org/web/2011/306zdkf0
30ey6wfx	wayback-msdn-2010-05	docs/wayback-msdn/2010-05/30ey6wfx.html		concept_or_overview	0			none				no_candidate		https://web.archive.org/web/2011/30ey6wfx
30swa673	wayback-msdn-2010-05	docs/wayback-msdn/2010-05/30swa673.html		concept_or_overview	0			none				no_candidate		https://web.archive.org/web/2011/30swa673
34xswsd2	wayback-msdn-2010-05	docs/wayback-msdn/2010-05/34xswsd2.html		concept_or_overview	0			none				no_candidate		https://web.archive.org/web/2011/34xswsd2
3532ysw5	wayback-msdn-2010-05	docs/wayback-msdn/2010-05/3532ysw5.html		concept_or_overview	0			none				no_candidate		https://web.archive.org/web/2011/3532ysw5
354e0act	wayback-msdn-2010-05	docs/wayback-msdn/2010-05/354e0act.html		concept_or_overview	0			none				no_candidate		https://web.archive.org/web/2011/354e0act
3aa1ssxb	wayback-msdn-2010-05	docs/wayback-msdn/2010-05/3aa1ssxb.html	WebRequest.ContentLength Property (System.Net)	out_of_scope_managed_surface	0			none				not_attempted		https://web.archive.org/web/20110201160431/http://msdn.microsoft.com/en-us/library/system.net.webrequest.contentlength.aspx
3adcxf3z	wayback-msdn-2010-05	docs/wayback-msdn/2010-05/3adcxf3z.html	EditorBrowsableState Enumeration (System.ComponentModel)	out_of_scope_managed_surface	0			none				not_attempted		https://web.archive.org/web/20110418120522/http://msdn.microsoft.com/en-us/library/system.componentmodel.editorbrowsablestate.aspx
3ae23aw4	wayback-msdn-2010-05	docs/wayback-msdn/2010-05/3ae23aw4.html		concept_or_overview	0			none				no_candidate		https://web.archive.org/web/2011/3ae23aw4
3bdzys9w	wayback-msdn-2010-05	docs/wayback-msdn/2010-05/3bdzys9w.html		concept_or_overview	0			none				no_candidate		https://web.archive.org/web/2011/3bdzys9w
3dxyceca	wayback-msdn-2010-05	docs/wayback-msdn/2010-05/3dxyceca.html		concept_or_overview	0			none				no_candidate		https://web.archive.org/web/2011/3dxyceca
3h06zzt2	wayback-msdn-2010-05	docs/wayback-msdn/2010-05/3h06zzt2.html		concept_or_overview	0			none				no_candidate		https://web.archive.org/web/2011/3h06zzt2
3hs0ezh3	wayback-msdn-2010-05	docs/wayback-msdn/2010-05/3hs0ezh3.html	DSAParameters Structure (System.Security.Cryptography)	out_of_scope_managed_surface	0			none				not_attempted		https://web.archive.org/web/20110131222830/http://msdn.microsoft.com/en-us/library/system.security.cryptography.dsaparameters.aspx
3hxw804s	wayback-msdn-2010-05	docs/wayback-msdn/2010-05/3hxw804s.html		concept_or_overview	0			none				no_candidate		https://web.archive.org/web/2011/3hxw804s
3k7ax020	wayback-msdn-2010-05	docs/wayback-msdn/2010-05/3k7ax020.html		concept_or_overview	0			none				no_candidate		https://web.archive.org/web/2011/3k7ax020
3saad2h5	wayback-msdn-2010-05	docs/wayback-msdn/2010-05/3saad2h5.html		concept_or_overview	0			none				no_candidate		https://web.archive.org/web/2011/3saad2h5
3th9ze72	wayback-msdn-2010-05	docs/wayback-msdn/2010-05/3th9ze72.html		concept_or_overview	0			none				no_candidate		https://web.archive.org/web/2011/3th9ze72
3x8d2eck	wayback-msdn-2010-05	docs/wayback-msdn/2010-05/3x8d2eck.html		concept_or_overview	0			none				no_candidate		https://web.archive.org/web/2011/3x8d2eck
3x9wbdze	wayback-msdn-2010-05	docs/wayback-msdn/2010-05/3x9wbdze.html	Path.GetDirectoryName Method (System.IO)	out_of_scope_managed_surface	0			none				not_attempted		https://web.archive.org/web/20110223085845/http://msdn.microsoft.com/en-us/library/system.io.path.getdirectoryname.aspx
3y9887yx	wayback-msdn-2010-05	docs/wayback-msdn/2010-05/3y9887yx.html	HttpWebRequest.AddRange Method (String, Int32) (System.Net)	out_of_scope_managed_surface	0			none				not_attempted		https://web.archive.org/web/2011/3y9887yx
42b2ac5s	wayback-msdn-2010-05	docs/wayback-msdn/2010-05/42b2ac5s.html		concept_or_overview	0			none				no_candidate		https://web.archive.org/web/2011/42b2ac5s
43d8edd7	wayback-msdn-2010-05	docs/wayback-msdn/2010-05/43d8edd7.html	FtpWebResponse.GetResponseStream Method (System.Net)	out_of_scope_managed_surface	0			none				not_attempted		https://web.archive.org/web/20110424185148/http://msdn.microsoft.com/en-us/library/system.net.ftpwebresponse.getresponsestream.aspx
454zbts9	wayback-msdn-2010-05	docs/wayback-msdn/2010-05/454zbts9.html		concept_or_overview	0			none				no_candidate		https://web.archive.org/web/2011/454zbts9
46fkawb5	wayback-msdn-2010-05	docs/wayback-msdn/2010-05/46fkawb5.html		concept_or_overview	0			none				no_candidate		https://web.archive.org/web/2011/46fkawb5
47ek66wy	wayback-msdn-2010-05	docs/wayback-msdn/2010-05/47ek66wy.html	FileStream Constructor (String, FileMode) (System.IO)	out_of_scope_managed_surface	0			none				not_attempted		https://web.archive.org/web/2011/47ek66wy
48ywhe1a	wayback-msdn-2010-05	docs/wayback-msdn/2010-05/48ywhe1a.html	FileInfo.DirectoryName Property (System.IO)	out_of_scope_managed_surface	0			none				not_attempted		https://web.archive.org/web/20110120233036/http://msdn.microsoft.com/en-us/library/system.io.fileinfo.directoryname.aspx
49xzzhb4	wayback-msdn-2010-05	docs/wayback-msdn/2010-05/49xzzhb4.html		concept_or_overview	0			none				no_candidate		https://web.archive.org/web/2011/49xzzhb4
4b65xbt2	wayback-msdn-2010-05	docs/wayback-msdn/2010-05/4b65xbt2.html	KeyedHashAlgorithm.Dispose Method (System.Security.Cryptography)	out_of_scope_managed_surface	0			none				not_attempted		https://web.archive.org/web/2011/4b65xbt2
4cyf24ss	wayback-msdn-2010-05	docs/wayback-msdn/2010-05/4cyf24ss.html	DirectoryInfo.GetFiles Method (System.IO)	out_of_scope_managed_surface	0			none				not_attempted		https://web.archive.org/web/2011/4cyf24ss
4ds43y3w	wayback-msdn-2010-05	docs/wayback-msdn/2010-05/4ds43y3w.html	HttpWebRequest.AddRange Method (Int32) (System.Net)	out_of_scope_managed_surface	0			none				not_attempted		https://web.archive.org/web/2011/4ds43y3w
4hbkc9z9	wayback-msdn-2010-05	docs/wayback-msdn/2010-05/4hbkc9z9.html		concept_or_overview	0			none				no_candidate		https://web.archive.org/web/2011/4hbkc9z9
4tzax7k5	wayback-msdn-2010-05	docs/wayback-msdn/2010-05/4tzax7k5.html		concept_or_overview	0			none				no_candidate		https://web.archive.org/web/2011/4tzax7k5
4w16ys4h	wayback-msdn-2010-05	docs/wayback-msdn/2010-05/4w16ys4h.html	WebHeaderCollection.Set Method (String, String) (System.Net)	out_of_scope_managed_surface	0			none				not_attempted		https://web.archive.org/web/2011/4w16ys4h
4ybt3ba8	wayback-msdn-2010-05	docs/wayback-msdn/2010-05/4ybt3ba8.html		concept_or_overview	0			none				no_candidate		https://web.archive.org/web/2011/4ybt3ba8
4z36sx0f	wayback-msdn-2010-05	docs/wayback-msdn/2010-05/4z36sx0f.html	FileAccess Enumeration (System.IO)	out_of_scope_managed_surface	0			none				not_attempted		https://web.archive.org/web/2011/4z36sx0f
4zs202hy	wayback-msdn-2010-05	docs/wayback-msdn/2010-05/4zs202hy.html	HttpWebRequest.ProtocolVersion Property (System.Net)	out_of_scope_managed_surface	0			none				not_attempted		https://web.archive.org/web/20110129080936/http://msdn.microsoft.com/en-us/library/system.net.httpwebrequest.protocolversion.aspx
4zxcdzcx	wayback-msdn-2010-05	docs/wayback-msdn/2010-05/4zxcdzcx.html		concept_or_overview	0			none				no_candidate		https://web.archive.org/web/2011/4zxcdzcx
4zxhkec2	wayback-msdn-2010-05	docs/wayback-msdn/2010-05/4zxhkec2.html	RSAParameters.D Field (System.Security.Cryptography)	out_of_scope_managed_surface	0			none				not_attempted		https://web.archive.org/web/20110211023038/http://msdn.microsoft.com/en-us/library/system.security.cryptography.rsaparameters.d.aspx
5128sby8	wayback-msdn-2010-05	docs/wayback-msdn/2010-05/5128sby8.html	X509Certificate Constructor (Byte[]) (System.Security.Cryptography.X509Certificates)	out_of_scope_managed_surface	0			none				not_attempted		https://web.archive.org/web/2011/5128sby8
54a0at6s	wayback-msdn-2010-05	docs/wayback-msdn/2010-05/54a0at6s.html	Directory.CreateDirectory Method (String) (System.IO)	out_of_scope_managed_surface	0			none				not_attempted		https://web.archive.org/web/2011/54a0at6s
556z1d47	wayback-msdn-2010-05	docs/wayback-msdn/2010-05/556z1d47.html		concept_or_overview	0			none				no_candidate		https://web.archive.org/web/2011/556z1d47
56sa7yah	wayback-msdn-2010-05	docs/wayback-msdn/2010-05/56sa7yah.html	SymmetricAlgorithm.LegalBlockSizes Property (System.Security.Cryptography)	out_of_scope_managed_surface	0			none				not_attempted		https://web.archive.org/web/20110228184613/http://msdn.microsoft.com/en-us/library/system.security.cryptography.symmetricalgorithm.legalblocksizes.aspx
580swbh3	wayback-msdn-2010-05	docs/wayback-msdn/2010-05/580swbh3.html		concept_or_overview	0			none				no_candidate		https://web.archive.org/web/2011/580swbh3
58ey2c8s	wayback-msdn-2010-05	docs/wayback-msdn/2010-05/58ey2c8s.html		concept_or_overview	0			none				no_candidate		https://web.archive.org/web/2011/58ey2c8s
5f45t420	wayback-msdn-2010-05	docs/wayback-msdn/2010-05/5f45t420.html		concept_or_overview	0			none				no_candidate		https://web.archive.org/web/2011/5f45t420
5h0z48dh	wayback-msdn-2010-05	docs/wayback-msdn/2010-05/5h0z48dh.html	FileStream Constructor (String, FileMode, FileAccess, FileShare) (System.IO)	out_of_scope_managed_surface	0			none				not_attempted		https://web.archive.org/web/2011/5h0z48dh
5hbat70x	wayback-msdn-2010-05	docs/wayback-msdn/2010-05/5hbat70x.html		concept_or_overview	0			none				no_candidate		https://web.archive.org/web/2011/5hbat70x
5hh0y140	wayback-msdn-2010-05	docs/wayback-msdn/2010-05/5hh0y140.html		concept_or_overview	0			none				no_candidate		https://web.archive.org/web/2011/5hh0y140
5hxzsz7a	wayback-msdn-2010-05	docs/wayback-msdn/2010-05/5hxzsz7a.html	WebException Constructor (String, WebExceptionStatus) (System.Net)	out_of_scope_managed_surface	0			none				not_attempted		https://web.archive.org/web/2011/5hxzsz7a
5t0z6fse	wayback-msdn-2010-05	docs/wayback-msdn/2010-05/5t0z6fse.html	SymmetricAlgorithm.BlockSize Property (System.Security.Cryptography)	out_of_scope_managed_surface	0			none				not_attempted		https://web.archive.org/web/20110227230939/http://msdn.microsoft.com/en-us/library/system.security.cryptography.symmetricalgorithm.blocksize.aspx
5t9y35bd	wayback-msdn-2010-05	docs/wayback-msdn/2010-05/5t9y35bd.html		concept_or_overview	0			none				no_candidate		https://web.archive.org/web/2011/5t9y35bd
5zke746s	wayback-msdn-2010-05	docs/wayback-msdn/2010-05/5zke746s.html		concept_or_overview	0			none				no_candidate		https://web.archive.org/web/2011/5zke746s
61yeb601	wayback-msdn-2010-05	docs/wayback-msdn/2010-05/61yeb601.html		concept_or_overview	0			none				no_candidate		https://web.archive.org/web/2011/61yeb601
62t64db3	wayback-msdn-2010-05	docs/wayback-msdn/2010-05/62t64db3.html	Directory.Delete Method (String) (System.IO)	out_of_scope_managed_surface	0			none				not_attempted		https://web.archive.org/web/2011/62t64db3
6877ayz6	wayback-msdn-2010-05	docs/wayback-msdn/2010-05/6877ayz6.html		concept_or_overview	0			none				no_candidate		https://web.archive.org/web/2011/6877ayz6
68a4kat9	wayback-msdn-2010-05	docs/wayback-msdn/2010-05/68a4kat9.html		concept_or_overview	0			none				no_candidate		https://web.archive.org/web/2011/68a4kat9
693w4b3s	wayback-msdn-2010-05	docs/wayback-msdn/2010-05/693w4b3s.html		concept_or_overview	0			none				no_candidate		https://web.archive.org/web/2011/693w4b3s
69xzbdd5	wayback-msdn-2010-05	docs/wayback-msdn/2010-05/69xzbdd5.html	SerialPort Constructor (String, Int32, Parity) (System.IO.Ports)	out_of_scope_managed_surface	0			none				not_attempted		https://web.archive.org/web/2011/69xzbdd5
6a66fkad	wayback-msdn-2010-05	docs/wayback-msdn/2010-05/6a66fkad.html		concept_or_overview	0			none				no_candidate		https://web.archive.org/web/2011/6a66fkad
6b40c5ay	wayback-msdn-2010-05	docs/wayback-msdn/2010-05/6b40c5ay.html		concept_or_overview	0			none				no_candidate		https://web.archive.org/web/2011/6b40c5ay
6cc21s6f	wayback-msdn-2010-05	docs/wayback-msdn/2010-05/6cc21s6f.html	RSAParameters.Exponent Field (System.Security.Cryptography)	out_of_scope_managed_surface	0			none				not_attempted		https://web.archive.org/web/20101227135934/http://msdn.microsoft.com/en-us/library/system.security.cryptography.rsaparameters.exponent.aspx
6dc7d3h7	wayback-msdn-2010-05	docs/wayback-msdn/2010-05/6dc7d3h7.html		concept_or_overview	0			none				no_candidate		https://web.archive.org/web/2011/6dc7d3h7
6hb8zdk1	wayback-msdn-2010-05	docs/wayback-msdn/2010-05/6hb8zdk1.html	IWebProxy.GetProxy Method (System.Net)	out_of_scope_managed_surface	0			none				not_attempted		https://web.archive.org/web/20110508001404/http://msdn.microsoft.com/en-us/library/system.net.iwebproxy.getproxy.aspx
6kh5sk89	wayback-msdn-2010-05	docs/wayback-msdn/2010-05/6kh5sk89.html		concept_or_overview	0			none				no_candidate		https://web.archive.org/web/2011/6kh5sk89
6t7d1whs	wayback-msdn-2010-05	docs/wayback-msdn/2010-05/6t7d1whs.html	HttpWebRequest.Address Property (System.Net)	out_of_scope_managed_surface	0			none				not_attempted		https://web.archive.org/web/20110317082130/http://msdn.microsoft.com/en-us/library/system.net.httpwebrequest.address.aspx
711ye59h	wayback-msdn-2010-05	docs/wayback-msdn/2010-05/711ye59h.html		concept_or_overview	0			none				no_candidate		https://web.archive.org/web/2011/711ye59h
71b57yke	wayback-msdn-2010-05	docs/wayback-msdn/2010-05/71b57yke.html	NetworkCredential Constructor (String, String) (System.Net)	out_of_scope_managed_surface	0			none				not_attempted		https://web.archive.org/web/2011/71b57yke
73f5ea69	wayback-msdn-2010-05	docs/wayback-msdn/2010-05/73f5ea69.html		concept_or_overview	0			none				no_candidate		https://web.archive.org/web/2011/73f5ea69
73k4xz4k	wayback-msdn-2010-05	docs/wayback-msdn/2010-05/73k4xz4k.html		concept_or_overview	0			none				no_candidate		https://web.archive.org/web/2011/73k4xz4k
74y0chzh	wayback-msdn-2010-05	docs/wayback-msdn/2010-05/74y0chzh.html		concept_or_overview	0			none				no_candidate		https://web.archive.org/web/2011/74y0chzh
75xy91h6	wayback-msdn-2010-05	docs/wayback-msdn/2010-05/75xy91h6.html	CryptographicException Constructor (String) (System.Security.Cryptography)	out_of_scope_managed_surface	0			none				not_attempted		https://web.archive.org/web/20120712015338/http://msdn.microsoft.com/en-us/library/75xy91h6.aspx
77f6hc2s	wayback-msdn-2010-05	docs/wayback-msdn/2010-05/77f6hc2s.html		concept_or_overview	0			none				no_candidate		https://web.archive.org/web/2011/77f6hc2s
78h415ay	wayback-msdn-2010-05	docs/wayback-msdn/2010-05/78h415ay.html	WebHeaderCollection.IsRestricted Method (String) (System.Net)	out_of_scope_managed_surface	0			none				not_attempted		https://web.archive.org/web/2011/78h415ay
79w421xb	wayback-msdn-2010-05	docs/wayback-msdn/2010-05/79w421xb.html	SymmetricAlgorithm.CreateDecryptor Method (System.Security.Cryptography)	out_of_scope_managed_surface	0			none				not_attempted		https://web.archive.org/web/2011/79w421xb
7a32x5aw	wayback-msdn-2010-05	docs/wayback-msdn/2010-05/7a32x5aw.html		concept_or_overview	0			none				no_candidate		https://web.archive.org/web/2011/7a32x5aw
7fy67z6d	wayback-msdn-2010-05	docs/wayback-msdn/2010-05/7fy67z6d.html	HttpWebRequest.AddRange Method (Int32, Int32) (System.Net)	out_of_scope_managed_surface	0			none				not_attempted		https://web.archive.org/web/2011/7fy67z6d
7s742ws5	wayback-msdn-2010-05	docs/wayback-msdn/2010-05/7s742ws5.html		concept_or_overview	0			none				no_candidate		https://web.archive.org/web/2011/7s742ws5
7sbhatw5	wayback-msdn-2010-05	docs/wayback-msdn/2010-05/7sbhatw5.html	SerialPort Constructor (String) (System.IO.Ports)	out_of_scope_managed_surface	0			none				not_attempted		https://web.archive.org/web/2011/7sbhatw5
7w345cw7	wayback-msdn-2010-05	docs/wayback-msdn/2010-05/7w345cw7.html	ProtocolViolationException Constructor (System.Net)	out_of_scope_managed_surface	0			none				not_attempted		https://web.archive.org/web/2011/7w345cw7
7w79sfaf	wayback-msdn-2010-05	docs/wayback-msdn/2010-05/7w79sfaf.html		concept_or_overview	0			none				no_candidate		https://web.archive.org/web/2011/7w79sfaf
80xc42w9	wayback-msdn-2010-05	docs/wayback-msdn/2010-05/80xc42w9.html	SerialPort.DataBits Property (System.IO.Ports)	out_of_scope_managed_surface	0			none				not_attempted		https://web.archive.org/web/20110515000433/http://msdn.microsoft.com/en-us/library/system.io.ports.serialport.databits.aspx
81ftbdkk	wayback-msdn-2010-05	docs/wayback-msdn/2010-05/81ftbdkk.html		concept_or_overview	0			none				no_candidate		https://web.archive.org/web/2011/81ftbdkk
86kth94c	wayback-msdn-2010-05	docs/wayback-msdn/2010-05/86kth94c.html		concept_or_overview	0			none				no_candidate		https://web.archive.org/web/2011/86kth94c
86zshy18	wayback-msdn-2010-05	docs/wayback-msdn/2010-05/86zshy18.html	AsymmetricAlgorithm.Dispose Method (System.Security.Cryptography)	out_of_scope_managed_surface	0			none				not_attempted		https://web.archive.org/web/2011/86zshy18
8a045wyx	wayback-msdn-2010-05	docs/wayback-msdn/2010-05/8a045wyx.html		concept_or_overview	0			none				no_candidate		https://web.archive.org/web/2011/8a045wyx
8az18wbf	wayback-msdn-2010-05	docs/wayback-msdn/2010-05/8az18wbf.html		concept_or_overview	0			none				no_candidate		https://web.archive.org/web/2011/8az18wbf
8b61ds7e	wayback-msdn-2010-05	docs/wayback-msdn/2010-05/8b61ds7e.html		concept_or_overview	0			none				no_candidate		https://web.archive.org/web/2011/8b61ds7e
8bh5f2bb	wayback-msdn-2010-05	docs/wayback-msdn/2010-05/8bh5f2bb.html		concept_or_overview	0			none				no_candidate		https://web.archive.org/web/2011/8bh5f2bb
8bt1b81c	wayback-msdn-2010-05	docs/wayback-msdn/2010-05/8bt1b81c.html	SerialPort Constructor (String, Int32) (System.IO.Ports)	out_of_scope_managed_surface	0			none				not_attempted		https://web.archive.org/web/2011/8bt1b81c
8dwf52cf	wayback-msdn-2010-05	docs/wayback-msdn/2010-05/8dwf52cf.html		concept_or_overview	0			none				no_candidate		https://web.archive.org/web/2011/8dwf52cf
8exfzxft	wayback-msdn-2010-05	docs/wayback-msdn/2010-05/8exfzxft.html		concept_or_overview	0			none				no_candidate		https://web.archive.org/web/2011/8exfzxft
8f352ftx	wayback-msdn-2010-05	docs/wayback-msdn/2010-05/8f352ftx.html	WebHeaderCollection Constructor (System.Net)	out_of_scope_managed_surface	0			none				not_attempted		https://web.archive.org/web/2011/8f352ftx
8k6kch7x	wayback-msdn-2010-05	docs/wayback-msdn/2010-05/8k6kch7x.html		concept_or_overview	0			none				no_candidate		https://web.archive.org/web/2011/8k6kch7x
8s2fzb02	wayback-msdn-2010-05	docs/wayback-msdn/2010-05/8s2fzb02.html		concept_or_overview	0			none				no_candidate		https://web.archive.org/web/2011/8s2fzb02
8x976cy8	wayback-msdn-2010-05	docs/wayback-msdn/2010-05/8x976cy8.html	WebProxy Constructor (System.Net)	out_of_scope_managed_surface	0			none				not_attempted		https://web.archive.org/web/2011/8x976cy8
8y7x3zz2	wayback-msdn-2010-05	docs/wayback-msdn/2010-05/8y7x3zz2.html		concept_or_overview	0			none				no_candidate		https://web.archive.org/web/2011/8y7x3zz2
90k2e0f0	wayback-msdn-2010-05	docs/wayback-msdn/2010-05/90k2e0f0.html		concept_or_overview	0			none				no_candidate		https://web.archive.org/web/2011/90k2e0f0
94t917yh	wayback-msdn-2010-05	docs/wayback-msdn/2010-05/94t917yh.html		concept_or_overview	0			none				no_candidate		https://web.archive.org/web/2011/94t917yh
965xw3x5	wayback-msdn-2010-05	docs/wayback-msdn/2010-05/965xw3x5.html	WebHeaderCollection.Add Method (String) (System.Net)	out_of_scope_managed_surface	0			none				not_attempted		https://web.archive.org/web/2011/965xw3x5
9706cfs5	wayback-msdn-2010-05	docs/wayback-msdn/2010-05/9706cfs5.html	File.Copy Method (String, String, Boolean) (System.IO)	out_of_scope_managed_surface	0			none				not_attempted		https://web.archive.org/web/2011/9706cfs5
975xhcs9	wayback-msdn-2010-05	docs/wayback-msdn/2010-05/975xhcs9.html		concept_or_overview	0			none				no_candidate		https://web.archive.org/web/2011/975xhcs9
981h90e5	wayback-msdn-2010-05	docs/wayback-msdn/2010-05/981h90e5.html	File.Create Method (String, Int32) (System.IO)	out_of_scope_managed_surface	0			none				not_attempted		https://web.archive.org/web/2011/981h90e5
98a13kch	wayback-msdn-2010-05	docs/wayback-msdn/2010-05/98a13kch.html	RSAParameters.P Field (System.Security.Cryptography)	out_of_scope_managed_surface	0			none				not_attempted		https://web.archive.org/web/20101227145030/http://msdn.microsoft.com/en-us/library/system.security.cryptography.rsaparameters.p.aspx
9b2a9x7d	wayback-msdn-2010-05	docs/wayback-msdn/2010-05/9b2a9x7d.html		concept_or_overview	0			none				no_candidate		https://web.archive.org/web/2011/9b2a9x7d
9f93fa06	wayback-msdn-2010-05	docs/wayback-msdn/2010-05/9f93fa06.html		concept_or_overview	0			none				no_candidate		https://web.archive.org/web/2011/9f93fa06
9k42306k	wayback-msdn-2010-05	docs/wayback-msdn/2010-05/9k42306k.html		concept_or_overview	0			none				no_candidate		https://web.archive.org/web/2011/9k42306k
9w1dh0w3	wayback-msdn-2010-05	docs/wayback-msdn/2010-05/9w1dh0w3.html		concept_or_overview	0			none				no_candidate		https://web.archive.org/web/2011/9w1dh0w3
9xzax33a	wayback-msdn-2010-05	docs/wayback-msdn/2010-05/9xzax33a.html	SerialPort.BytesToWrite Property (System.IO.Ports)	out_of_scope_managed_surface	0			none				not_attempted		https://web.archive.org/web/20110105113612/http://msdn.microsoft.com/en-us/library/system.io.ports.serialport.bytestowrite.aspx
9y38296e	wayback-msdn-2010-05	docs/wayback-msdn/2010-05/9y38296e.html		concept_or_overview	0			none				no_candidate		https://web.archive.org/web/2011/9y38296e
9yc7tebx	wayback-msdn-2010-05	docs/wayback-msdn/2010-05/9yc7tebx.html		concept_or_overview	0			none				no_candidate		https://web.archive.org/web/2011/9yc7tebx
9z7fhd98	wayback-msdn-2010-05	docs/wayback-msdn/2010-05/9z7fhd98.html	HttpListenerResponse.Close Method (System.Net)	out_of_scope_managed_surface	0			none				not_attempted		https://web.archive.org/web/2011/9z7fhd98
a09d3zd3	wayback-msdn-2010-05	docs/wayback-msdn/2010-05/a09d3zd3.html	EditorBrowsableAttribute Constructor (System.ComponentModel)	out_of_scope_managed_surface	0			none				not_attempted		https://web.archive.org/web/20110420033732/http://msdn.microsoft.com/en-us/library/a09d3zd3.aspx
a38x5zwb	wayback-msdn-2010-05	docs/wayback-msdn/2010-05/a38x5zwb.html		concept_or_overview	0			none				no_candidate		https://web.archive.org/web/2011/a38x5zwb
a65yc7ab	wayback-msdn-2010-05	docs/wayback-msdn/2010-05/a65yc7ab.html		concept_or_overview	0			none				no_candidate		https://web.archive.org/web/2011/a65yc7ab
a802yesd	wayback-msdn-2010-05	docs/wayback-msdn/2010-05/a802yesd.html		concept_or_overview	0			none				no_candidate		https://web.archive.org/web/2011/a802yesd
a93t2yd7	wayback-msdn-2010-05	docs/wayback-msdn/2010-05/a93t2yd7.html	WebResponse Constructor (System.Net)	out_of_scope_managed_surface	0			none				not_attempted		https://web.archive.org/web/2011/a93t2yd7
aa446987	wayback-msdn-2010-05	docs/wayback-msdn/2010-05/aa446987.html	OEMWriteDebugByte	symbol_page	1	function	OEMWriteDebugByte	first_code_block	Nkintr.h.	Nk.lib.	Windows CE 2.10 and later.	matched		https://web.archive.org/web/2011/aa446987
aa446989	wayback-msdn-2010-05	docs/wayback-msdn/2010-05/aa446989.html	OEMWriteDebugString	symbol_page	1	function	OEMWriteDebugString	first_code_block	Nkintr.h.	Nk.lib.	Windows CE 2.10 and later.	matched		https://web.archive.org/web/2011/aa446989
aa446990	wayback-msdn-2010-05	docs/wayback-msdn/2010-05/aa446990.html	OEMWriteFlash	symbol_page	1	function	OEMWriteFlash	first_code_block	Blcommon.h.	Blcommon.lib.	Windows CE .NET 4.0 and later.	matched		https://web.archive.org/web/2011/aa446990
aa446991	wayback-msdn-2010-05	docs/wayback-msdn/2010-05/aa446991.html	PerfCountSinceTick	symbol_page	1	function	PerfCountSinceTick	first_code_block	Not applicable.	Nk.lib.	Windows CE 3.0 and later.	matched		https://web.archive.org/web/2011/aa446991
aa446992	wayback-msdn-2010-05	docs/wayback-msdn/2010-05/aa446992.html	PFN_EnumProc	symbol_page	1	callback	PFN_EnumProc	first_code_block	Kitltran.h.	Not applicable.	Windows CE .NET 4.0 and later.	matched		https://web.archive.org/web/2011/aa446992
aa446993	wayback-msdn-2010-05	docs/wayback-msdn/2010-05/aa446993.html	PFN_KITLTIMERCB	symbol_page	1	callback	PFN_KITLTIMERCB	first_code_block	Kitl.h.	Kitl.lib.	Windows CE .NET 4.0 and later.	matched		https://web.archive.org/web/2011/aa446993
aa447004	wayback-msdn-2010-05	docs/wayback-msdn/2010-05/aa447004.html	PFN_AllocHeapMem	symbol_page	1	callback	PFN_AllocHeapMem	first_code_block	Developer-defined.	Coredll.lib.	Windows CE 5.0 and later.	matched		https://web.archive.org/web/2011/aa447004
aa447005	wayback-msdn-2010-05	docs/wayback-msdn/2010-05/aa447005.html	PFN_FreeHeapMem	symbol_page	1	callback	PFN_FreeHeapMem	first_code_block	Developer-defined.	Coredll.lib.	Windows CE 5.0 and later.	matched		https://web.archive.org/web/2011/aa447005
aa447006	wayback-msdn-2010-05	docs/wayback-msdn/2010-05/aa447006.html	PHYSICAL_BASIC_INFORMATION	symbol_page	1	struct	PHYSICAL_BASIC_INFORMATION	first_code_block	Pkfuncs.h.		Windows CE 3.0 and later.	matched		https://web.archive.org/web/20120504154648/http://msdn.microsoft.com/en-us/library/aa447006.aspx
aa447007	wayback-msdn-2010-05	docs/wayback-msdn/2010-05/aa447007.html	pNKEnumExtensionDRAM	symbol_page	1	function	pNKEnumExtensionDRAM	none	Nkintr.h.	Coredll.lib.	Windows CE .NET 4.0 and later.	candidate_mismatch:DWORD		https://web.archive.org/web/2011/aa447007
aa447009	wayback-msdn-2010-05	docs/wayback-msdn/2010-05/aa447009.html	pOEMCalcFSPages	symbol_page	1	function	pOEMCalcFSPages	none	Not applicable.	Nk.lib.	Windows CE .NET 4.0 and later.	candidate_mismatch:DWORD		https://web.archive.org/web/2011/aa447009
aa447010	wayback-msdn-2010-05	docs/wayback-msdn/2010-05/aa447010.html	pOEMIsProcessorFeaturePresent	symbol_page	1	function	pOEMIsProcessorFeaturePresent	none	Developer-defined.	Coredll.dll.	Windows CE 5.0 and later.	candidate_mismatch:BOOL		https://web.archive.org/web/2011/aa447010
aa447013	wayback-msdn-2010-05	docs/wayback-msdn/2010-05/aa447013.html	pOEMUpdateRescheduleTime (Windows CE 5.0)	symbol_page	1	function	pOEMUpdateRescheduleTime	none	Developer-defined.	Coredll.lib.	Windows CE 5.0 and later.	candidate_mismatch:void		https://web.archive.org/web/20141021054812/http://msdn.microsoft.com/en-us/library/aa447013.aspx
aa447015	wayback-msdn-2010-05	docs/wayback-msdn/2010-05/aa447015.html	pQueryPerformanceCounter	symbol_page	1	function	pQueryPerformanceCounter	none	Developer-defined.	Coredll.lib..	Windows CE 2.10 and later.	candidate_mismatch:BOOL		https://web.archive.org/web/20120403203018/http://msdn.microsoft.com/en-us/library/aa447015.aspx
aa447016	wayback-msdn-2010-05	docs/wayback-msdn/2010-05/aa447016.html	pQueryPerformanceFrequency	symbol_page	1	function	pQueryPerformanceFrequency	none	Developer-defined.	Developer-defined.	Windows CE 2.10 and later.	candidate_mismatch:BOOL		https://web.archive.org/web/20120403105020/http://msdn.microsoft.com/en-us/library/aa447016.aspx
aa447018	wayback-msdn-2010-05	docs/wayback-msdn/2010-05/aa447018.html	PROCESSOR_INFO	symbol_page	1	struct	PROCESSOR_INFO	none	Pkfuncs.h.		Windows CE 3.0 and later.	statement_sequence		https://web.archive.org/web/20120504165551/http://msdn.microsoft.com/en-us/library/aa447018.aspx
aa447020	wayback-msdn-2010-05	docs/wayback-msdn/2010-05/aa447020.html	pWriteRegistryToOEM	symbol_page	1	function	pWriteRegistryToOEM	none	Not applicable.	Coredll.lib.	Windows CE 2.10 and later.	candidate_mismatch:BOOL		https://web.archive.org/web/20120403095216/http://msdn.microsoft.com/en-us/library/aa447020.aspx
aa447021	wayback-msdn-2010-05	docs/wayback-msdn/2010-05/aa447021.html	ReadRegistryFromOEM	symbol_page	1	function	ReadRegistryFromOEM	first_code_block	Pkfuncs.h.	Nk.lib.	Windows CE 2.10 and later.	matched		https://web.archive.org/web/2011/aa447021
aa447024	wayback-msdn-2010-05	docs/wayback-msdn/2010-05/aa447024.html	SetOOMEvent	symbol_page	1	function	SetOOMEvent	first_code_block	Pkfuncs.h.	Coredll.lib.	Windows CE 3.0 and later.	matched		https://web.archive.org/web/2011/aa447024
aa447025	wayback-msdn-2010-05	docs/wayback-msdn/2010-05/aa447025.html	SH4CacheLines	symbol_page	1	variable	SH4CacheLines	first_code_block	Developer-defined.		Windows CE 3.0 and later.	matched		https://web.archive.org/web/2011/aa447025
aa447026	wayback-msdn-2010-05	docs/wayback-msdn/2010-05/aa447026.html	StartUp	symbol_page	1	function	StartUp	first_code_block	Not applicable.	Nk.lib.	Windows CE .NET 4.0 and later.	matched		https://web.archive.org/web/2011/aa447026
aa447028	wayback-msdn-2010-05	docs/wayback-msdn/2010-05/aa447028.html	TRANPORTINFOSTRUCT	symbol_page	1	struct	TRANPORTINFOSTRUCT	first_code_block+glued_identifier	Kitltran.h.		Windows CE .NET 4.0 and later.	matched_glued		https://web.archive.org/web/20120504165551/http://msdn.microsoft.com/en-us/library/aa447028.aspx
aa447036	wayback-msdn-2010-05	docs/wayback-msdn/2010-05/aa447036.html	VirtualSetPageFlags	symbol_page	1	function	VirtualSetPageFlags	first_code_block	Pkfuncs.h.	Coredll.lib.	Windows CE 3.0 and later.	matched		https://web.archive.org/web/2011/aa447036
aa447037	wayback-msdn-2010-05	docs/wayback-msdn/2010-05/aa447037.html	WIN_CERTIFICATE	symbol_page	1	struct	WIN_CERTIFICATE	first_code_block	Loadauth.h.		Windows CE 3.0 and later.	matched		https://web.archive.org/web/2011/aa447037
aa447038	wayback-msdn-2010-05	docs/wayback-msdn/2010-05/aa447038.html	WriteRegistryToOEM	symbol_page	1	function	WriteRegistryToOEM	first_code_block	Pkfuncs.h.	Nk.lib.	Windows CE 2.10 and later.	matched		https://web.archive.org/web/2011/aa447038
aa447215	wayback-msdn-2010-05	docs/wayback-msdn/2010-05/aa447215.html	BSPIntrActiveIrq	symbol_page	1	function	BSPIntrActiveIrq	first_code_block	Oal_intr.h	Developer-defined	Windows CE Version 5.0 and later	matched		https://web.archive.org/web/20120212081013/http://msdn.microsoft.com/en-us/library/aa447215.aspx
aa447217	wayback-msdn-2010-05	docs/wayback-msdn/2010-05/aa447217.html	BSPIntrDoneIrq	symbol_page	1	function	BSPIntrDoneIrq	first_code_block	Oal_intr.h	Developer-defined	Windows CE Version 5.0 and later	matched		https://web.archive.org/web/20120212081629/http://msdn.microsoft.com/en-us/library/aa447217.aspx
aa447218	wayback-msdn-2010-05	docs/wayback-msdn/2010-05/aa447218.html	BSPIntrEnableIrq	symbol_page	1	function	BSPIntrEnableIrq	first_code_block	Oal_intr.h	Developer-defined	Windows CE Version 5.0 and later	matched		https://web.archive.org/web/20120212081629/http://msdn.microsoft.com/en-us/library/aa447218.aspx
aa447219	wayback-msdn-2010-05	docs/wayback-msdn/2010-05/aa447219.html	BSPIntrInit	symbol_page	1	function	BSPIntrInit	first_code_block	Oal_intr.h	Developer-defined	Windows CE Version 5.0 and later	matched		https://web.archive.org/web/20120212063527/http://msdn.microsoft.com/en-us/library/aa447219.aspx
aa447220	wayback-msdn-2010-05	docs/wayback-msdn/2010-05/aa447220.html	BSPIntrRequestIrqs	symbol_page	1	function	BSPIntrRequestIrqs	first_code_block	Oal_intr.h	Developer-defined	Windows CE Version 5.0 and later	matched		https://web.archive.org/web/20120212065630/http://msdn.microsoft.com/en-us/library/aa447220.aspx
aa447223	wayback-msdn-2010-05	docs/wayback-msdn/2010-05/aa447223.html	CLRPORT32	symbol_page	1	macro	CLRPORT32	first_code_block	Oal_io.h		Windows CE Version 5.0 and later	matched		https://web.archive.org/web/20111119160044/http://msdn.microsoft.com/en-us/library/aa447223.aspx
aa447224	wayback-msdn-2010-05	docs/wayback-msdn/2010-05/aa447224.html	CLRPORT8	symbol_page	1	macro	CLRPORT8	first_code_block	Oal_io.h		Windows CE Version 5.0 and later	matched		https://web.archive.org/web/20111119160044/http://msdn.microsoft.com/en-us/library/aa447224.aspx
aa447225	wayback-msdn-2010-05	docs/wayback-msdn/2010-05/aa447225.html	CLRREG16	symbol_page	1	macro	CLRREG16	first_code_block	Oal_io.h		Windows CE Version 5.0 and later	matched		https://web.archive.org/web/20111119162909/http://msdn.microsoft.com/en-us/library/aa447225.aspx
aa447226	wayback-msdn-2010-05	docs/wayback-msdn/2010-05/aa447226.html	CLRREG32	symbol_page	1	macro	CLRREG32	first_code_block	Oal_io.h		Windows CE Version 5.0 and later	matched		https://web.archive.org/web/20111119164510/http://msdn.microsoft.com/en-us/library/aa447226.aspx
aa447227	wayback-msdn-2010-05	docs/wayback-msdn/2010-05/aa447227.html	CLRREG8	symbol_page	1	macro	CLRREG8	first_code_block	Oal_io.h		Windows CE Version 5.0 and later	matched		https://web.archive.org/web/20111119164510/http://msdn.microsoft.com/en-us/library/aa447227.aspx
aa447229	wayback-msdn-2010-05	docs/wayback-msdn/2010-05/aa447229.html	g_oalCacheInfo (Windows CE 5.0)	symbol_page	1	variable	g_oalCacheInfo	first_code_block	Oal_cache.h	Developer-defined	Windows CE Version 5.0 and later	matched		https://web.archive.org/web/20141028124830/http://msdn.microsoft.com/en-us/library/aa447229.aspx
aa447242	wayback-msdn-2010-05	docs/wayback-msdn/2010-05/aa447242.html	INPORT16	symbol_page	1	macro	INPORT16	first_code_block	Oal_io.h		Windows CE Version 5.0 and later	matched		https://web.archive.org/web/20111119164510/http://msdn.microsoft.com/en-us/library/aa447242.aspx
aa447243	wayback-msdn-2010-05	docs/wayback-msdn/2010-05/aa447243.html	INPORT32	symbol_page	1	macro	INPORT32	first_code_block	Oal_io.h		Windows CE Version 5.0 and later	matched		https://web.archive.org/web/20111119164511/http://msdn.microsoft.com/en-us/library/aa447243.aspx
aa447245	wayback-msdn-2010-05	docs/wayback-msdn/2010-05/aa447245.html	INREG16	symbol_page	1	macro	INREG16	first_code_block	Oal_io.h		Windows CE Version 5.0 and later	matched		https://web.archive.org/web/20111119160044/http://msdn.microsoft.com/en-us/library/aa447245.aspx
aa447246	wayback-msdn-2010-05	docs/wayback-msdn/2010-05/aa447246.html	INREG32	symbol_page	1	macro	INREG32	first_code_block	Oal_io.h		Windows CE Version 5.0 and later	matched		https://web.archive.org/web/20111119164133/http://msdn.microsoft.com/en-us/library/aa447246.aspx
aa447247	wayback-msdn-2010-05	docs/wayback-msdn/2010-05/aa447247.html	INREG8	symbol_page	1	macro	INREG8	first_code_block	Oal_io.h		Windows CE Version 5.0 and later	matched		https://web.archive.org/web/20111119164133/http://msdn.microsoft.com/en-us/library/aa447247.aspx
aa447256	wayback-msdn-2010-05	docs/wayback-msdn/2010-05/aa447256.html	MASKPORT16	symbol_page	1	macro	MASKPORT16	first_code_block	Oal_io.h		Windows CE Version 5.0 and later	matched		https://web.archive.org/web/20111119164511/http://msdn.microsoft.com/en-us/library/aa447256.aspx
aa447257	wayback-msdn-2010-05	docs/wayback-msdn/2010-05/aa447257.html	MASKPORT32	symbol_page	1	macro	MASKPORT32	first_code_block	Oal_io.h		Windows CE Version 5.0 and later	matched		https://web.archive.org/web/20111119164511/http://msdn.microsoft.com/en-us/library/aa447257.aspx
aa447258	wayback-msdn-2010-05	docs/wayback-msdn/2010-05/aa447258.html	MASKPORT8	symbol_page	1	macro	MASKPORT8	first_code_block	Oal_io.h		Windows CE Version 5.0 and later	matched		https://web.archive.org/web/20111119160044/http://msdn.microsoft.com/en-us/library/aa447258.aspx
aa447259	wayback-msdn-2010-05	docs/wayback-msdn/2010-05/aa447259.html	MASKREG16	symbol_page	1	macro	MASKREG16	first_code_block	Oal_io.h		Windows CE Version 5.0 and later	matched		https://web.archive.org/web/20111119164511/http://msdn.microsoft.com/en-us/library/aa447259.aspx
aa447260	wayback-msdn-2010-05	docs/wayback-msdn/2010-05/aa447260.html	MASKREG32	symbol_page	1	macro	MASKREG32	first_code_block	Oal_io.h		Windows CE Version 5.0 and later	matched		https://web.archive.org/web/20111119164133/http://msdn.microsoft.com/en-us/library/aa447260.aspx
aa447261	wayback-msdn-2010-05	docs/wayback-msdn/2010-05/aa447261.html	MASKREG8	symbol_page	1	macro	MASKREG8	first_code_block	Oal_io.h		Windows CE Version 5.0 and later	matched		https://web.archive.org/web/20111119160045/http://msdn.microsoft.com/en-us/library/aa447261.aspx
aa447279	wayback-msdn-2010-05	docs/wayback-msdn/2010-05/aa447279.html	OALIntrDisableIrqs	symbol_page	1	function	OALIntrDisableIrqs	first_code_block	Oal_intr.h	Developer-defined	Windows CE Version 5.0 and later	matched		https://web.archive.org/web/20120212080230/http://msdn.microsoft.com/en-us/library/aa447279.aspx
aa447280	wayback-msdn-2010-05	docs/wayback-msdn/2010-05/aa447280.html	OALIntrDoneIrqs	symbol_page	1	function	OALIntrDoneIrqs	first_code_block	Oal_intr.h	Developer-defined	Windows CE Version 5.0 and later	matched		https://web.archive.org/web/20120212065855/http://msdn.microsoft.com/en-us/library/aa447280.aspx
aa447281	wayback-msdn-2010-05	docs/wayback-msdn/2010-05/aa447281.html	OALIntrEnableIrqs	symbol_page	1	function	OALIntrEnableIrqs	first_code_block	Oal_intr.h	Developer-defined	Windows CE Version 5.0 and later	matched		https://web.archive.org/web/20120210234248/http://msdn.microsoft.com/en-us/library/aa447281.aspx
aa447283	wayback-msdn-2010-05	docs/wayback-msdn/2010-05/aa447283.html	OALIntrMapInit	symbol_page	1	function	OALIntrMapInit	first_code_block	Oal_intr.h	Developer-defined	Windows CE Version 5.0 and later	matched		https://web.archive.org/web/20120212065630/http://msdn.microsoft.com/en-us/library/aa447283.aspx
aa447284	wayback-msdn-2010-05	docs/wayback-msdn/2010-05/aa447284.html	OALIntrReleaseSysIntr	symbol_page	1	function	OALIntrReleaseSysIntr	first_code_block	Oal_intr.h	Developer-defined	Windows CE Version 5.0 and later	matched		https://web.archive.org/web/20120212081013/http://msdn.microsoft.com/en-us/library/aa447284.aspx
aa447285	wayback-msdn-2010-05	docs/wayback-msdn/2010-05/aa447285.html	OALIntrRequestIrqs	symbol_page	1	function	OALIntrRequestIrqs	first_code_block	Oal_intr.h	Developer-defined	Windows CE Version 5.0 and later	matched		https://web.archive.org/web/20120212075730/http://msdn.microsoft.com/en-us/library/aa447285.aspx
aa447286	wayback-msdn-2010-05	docs/wayback-msdn/2010-05/aa447286.html	OALIntrRequestSysIntr	symbol_page	1	function	OALIntrRequestSysIntr	first_code_block	Oal_intr.h	Developer-defined	Windows CE Version 5.0 and later	matched		https://web.archive.org/web/20120212062952/http://msdn.microsoft.com/en-us/library/aa447286.aspx
aa447287	wayback-msdn-2010-05	docs/wayback-msdn/2010-05/aa447287.html	OALIntrStaticTranslate	symbol_page	1	function	OALIntrStaticTranslate	first_code_block	Oal_intr.h	Developer-defined	Windows CE Version 5.0 and later	matched		https://web.archive.org/web/20120212094940/http://msdn.microsoft.com/en-us/library/aa447287.aspx
aa447289	wayback-msdn-2010-05	docs/wayback-msdn/2010-05/aa447289.html	OALIntrTranslateSysIntr	symbol_page	1	function	OALIntrTranslateSysIntr	first_code_block	Oal_intr.h	Developer-defined	Windows CE Version 5.0 and later	matched		https://web.archive.org/web/20120212063527/http://msdn.microsoft.com/en-us/library/aa447289.aspx
aa447304	wayback-msdn-2010-05	docs/wayback-msdn/2010-05/aa447304.html	OALIoCtlHalReleaseSysIntr	symbol_page	1	function	OALIoCtlHalReleaseSysIntr	first_code_block	Oal_intr.h	Developer-defined	Windows CE Version 5.0 and later	matched		https://web.archive.org/web/20120212094940/http://msdn.microsoft.com/en-us/library/aa447304.aspx
aa447305	wayback-msdn-2010-05	docs/wayback-msdn/2010-05/aa447305.html	OALIoCtlHalRequestIrq	symbol_page	1	function	OALIoCtlHalRequestIrq	first_code_block	Oal_intr.h	Developer-defined	Windows CE Version 5.0 and later	matched		https://web.archive.org/web/20120212090709/http://msdn.microsoft.com/en-us/library/aa447305.aspx
aa447306	wayback-msdn-2010-05	docs/wayback-msdn/2010-05/aa447306.html	OALIoCtlHalRequestSysIntr	symbol_page	1	function	OALIoCtlHalRequestSysIntr	first_code_block	Oal_intr.h	Developer-defined	Windows CE Version 5.0 and later	matched		https://web.archive.org/web/20120209230149/http://msdn.microsoft.com/en-us/library/aa447306.aspx
aa447341	wayback-msdn-2010-05	docs/wayback-msdn/2010-05/aa447341.html	OALPCICfgRead	symbol_page	1	function	OALPCICfgRead	first_code_block	Oal_pci.h	Developer-defined	Windows CE Version 5.0 and later	matched		https://web.archive.org/web/20120211151740/http://msdn.microsoft.com/en-us/library/aa447341.aspx
aa447342	wayback-msdn-2010-05	docs/wayback-msdn/2010-05/aa447342.html	OALPCICfgWrite	symbol_page	1	function	OALPCICfgWrite	first_code_block	Oal_pci.h	Developer-defined	Windows CE Version 5.0 and later	matched		https://web.archive.org/web/20120211150936/http://msdn.microsoft.com/en-us/library/aa447342.aspx
aa447343	wayback-msdn-2010-05	docs/wayback-msdn/2010-05/aa447343.html	OALPCIConfig	symbol_page	1	function	OALPCIConfig	first_code_block	Oal_pci.h	Developer-defined	Windows CE Version 5.0 and later	matched		https://web.archive.org/web/20120211153254/http://msdn.microsoft.com/en-us/library/aa447343.aspx
aa447344	wayback-msdn-2010-05	docs/wayback-msdn/2010-05/aa447344.html	OALPCIDump	symbol_page	1	function	OALPCIDump	first_code_block	Oal_pci.h	Developer-defined	Windows CE Version 5.0 and later	matched		https://web.archive.org/web/20120211150653/http://msdn.microsoft.com/en-us/library/aa447344.aspx
aa447345	wayback-msdn-2010-05	docs/wayback-msdn/2010-05/aa447345.html	OALPCIDumpConfig	symbol_page	1	function	OALPCIDumpConfig	first_code_block	Oal_pci.h	Developer-defined	Windows CE Version 5.0 and later	matched		https://web.archive.org/web/20120211151945/http://msdn.microsoft.com/en-us/library/aa447345.aspx
aa447347	wayback-msdn-2010-05	docs/wayback-msdn/2010-05/aa447347.html	OALPCIGetHeaderType	symbol_page	1	function	OALPCIGetHeaderType	first_code_block	Oal_pci.h	Developer-defined	Windows CE Version 5.0 and later	matched		https://web.archive.org/web/20120211151305/http://msdn.microsoft.com/en-us/library/aa447347.aspx
aa447348	wayback-msdn-2010-05	docs/wayback-msdn/2010-05/aa447348.html	OALPCIGetId	symbol_page	1	function	OALPCIGetId	first_code_block	Oal_pci.h	Developer-defined	Windows CE Version 5.0 and later	matched		https://web.archive.org/web/20120211155605/http://msdn.microsoft.com/en-us/library/aa447348.aspx
aa447349	wayback-msdn-2010-05	docs/wayback-msdn/2010-05/aa447349.html	OALPCIGetInterruptPin	symbol_page	1	function	OALPCIGetInterruptPin	first_code_block	Oal_pci.h	Developer-defined	Windows CE Version 5.0 and later	matched		https://web.archive.org/web/20120211154557/http://msdn.microsoft.com/en-us/library/aa447349.aspx
aa447350	wayback-msdn-2010-05	docs/wayback-msdn/2010-05/aa447350.html	OALPCIGetMBAR	symbol_page	1	function	OALPCIGetMBAR	first_code_block	Oal_pci.h	Developer-defined	Windows CE Version 5.0 and later	matched		https://web.archive.org/web/20120211151945/http://msdn.microsoft.com/en-us/library/aa447350.aspx
aa447352	wayback-msdn-2010-05	docs/wayback-msdn/2010-05/aa447352.html	OALPCIGetSubBusNum	symbol_page	1	function	OALPCIGetSubBusNum	first_code_block	Oal_pci.h	Developer-defined	Windows CE Version 5.0 and later	matched		https://web.archive.org/web/20120211160318/http://msdn.microsoft.com/en-us/library/aa447352.aspx
aa447353	wayback-msdn-2010-05	docs/wayback-msdn/2010-05/aa447353.html	OALPCIInit	symbol_page	1	function	OALPCIInit	first_code_block	Oal_pci.h	Developer-defined	Windows CE Version 5.0 and later	matched		https://web.archive.org/web/20120211150807/http://msdn.microsoft.com/en-us/library/aa447353.aspx
aa447354	wayback-msdn-2010-05	docs/wayback-msdn/2010-05/aa447354.html	OALPCIPowerOff	symbol_page	1	function	OALPCIPowerOff	first_code_block	Oal_pci.h	Developer-defined	Windows CE Version 5.0 and later	matched		https://web.archive.org/web/20120211155605/http://msdn.microsoft.com/en-us/library/aa447354.aspx
aa447355	wayback-msdn-2010-05	docs/wayback-msdn/2010-05/aa447355.html	OALPCIPowerOn	symbol_page	1	function	OALPCIPowerOn	first_code_block	Oal_pci.h	Developer-defined	Windows CE Version 5.0 and later	matched		https://web.archive.org/web/20120211151740/http://msdn.microsoft.com/en-us/library/aa447355.aspx
aa447356	wayback-msdn-2010-05	docs/wayback-msdn/2010-05/aa447356.html	OALPCIRegisterAsUsed	symbol_page	1	function	OALPCIRegisterAsUsed	first_code_block	Oal_pci.h	Developer-defined	Windows CE Version 5.0 and later	matched		https://web.archive.org/web/20120211151305/http://msdn.microsoft.com/en-us/library/aa447356.aspx
aa447357	wayback-msdn-2010-05	docs/wayback-msdn/2010-05/aa447357.html	OALPCITransBusAddress	symbol_page	1	function	OALPCITransBusAddress	first_code_block	Oal_pci.h	Developer-defined	Windows CE Version 5.0 and later	matched		https://web.archive.org/web/20120211151054/http://msdn.microsoft.com/en-us/library/aa447357.aspx
aa447388	wayback-msdn-2010-05	docs/wayback-msdn/2010-05/aa447388.html	OAL_KITLSERIAL_DEINIT (Windows CE 5.0)	symbol_page	1	callback	OAL_KITLSERIAL_DEINIT	first_code_block	Oal_kitl.h	Developer-defined	Windows CE 5.0 and later	matched		https://web.archive.org/web/20130512025202/http://msdn.microsoft.com/en-us/library/aa447388.aspx
aa447389	wayback-msdn-2010-05	docs/wayback-msdn/2010-05/aa447389.html	OAL_KITLSERIAL_DISABLE_INTS (Windows CE 5.0)	symbol_page	1	callback	OAL_KITLSERIAL_DISABLE_INTS	first_code_block	Oal_kitl.h	Developer-defined	Windows CE 5.0 and later	matched		https://web.archive.org/web/20130512005021/http://msdn.microsoft.com/en-us/library/aa447389.aspx
aa447390	wayback-msdn-2010-05	docs/wayback-msdn/2010-05/aa447390.html	OAL_KITLSERIAL_ENABLE_INTS (Windows CE 5.0)	symbol_page	1	callback	OAL_KITLSERIAL_ENABLE_INTS	first_code_block	Oal_kitl.h	Developer-defined	Windows CE 5.0 and later	matched		https://web.archive.org/web/20130511175309/http://msdn.microsoft.com/en-us/library/aa447390.aspx
aa447391	wayback-msdn-2010-05	docs/wayback-msdn/2010-05/aa447391.html	OAL_KITLSERIAL_FLOW_CONTROL (Windows CE 5.0)	symbol_page	1	callback	OAL_KITLSERIAL_FLOW_CONTROL	first_code_block	Oal_kitl.h	Developer-defined	Windows CE 5.0 and later	matched		https://web.archive.org/web/20130512150230/http://msdn.microsoft.com/en-us/library/aa447391.aspx
aa447392	wayback-msdn-2010-05	docs/wayback-msdn/2010-05/aa447392.html	OAL_KITLSERIAL_INIT (Windows CE 5.0)	symbol_page	1	callback	OAL_KITLSERIAL_INIT	first_code_block	Oal_kitl.h	Developer-defined	Windows CE 5.0 and later	matched		https://web.archive.org/web/20130511213357/http://msdn.microsoft.com/en-us/library/aa447392.aspx
aa447393	wayback-msdn-2010-05	docs/wayback-msdn/2010-05/aa447393.html	OAL_KITLSERIAL_POWER_OFF (Windows CE 5.0)	symbol_page	1	callback	OAL_KITLSERIAL_POWER_OFF	first_code_block	Oal_kitl.h	Developer-defined	Windows CE 5.0 and later	matched		https://web.archive.org/web/20130511040723/http://msdn.microsoft.com/en-us/library/aa447393.aspx
aa447394	wayback-msdn-2010-05	docs/wayback-msdn/2010-05/aa447394.html	OAL_KITLSERIAL_POWER_ON (Windows CE 5.0)	symbol_page	1	callback	OAL_KITLSERIAL_POWER_ON	first_code_block	Oal_kitl.h	Developer-defined	Windows CE 5.0 and later	matched		https://web.archive.org/web/20130515064712/http://msdn.microsoft.com/en-us/library/aa447394.aspx
aa447395	wayback-msdn-2010-05	docs/wayback-msdn/2010-05/aa447395.html	OAL_KITLSERIAL_RECV (Windows CE 5.0)	symbol_page	1	callback	OAL_KITLSERIAL_RECV	first_code_block	Oal_kitl.h	Developer-defined	Windows CE 5.0 and later	matched		https://web.archive.org/web/20130512054320/http://msdn.microsoft.com/en-us/library/aa447395.aspx
aa447396	wayback-msdn-2010-05	docs/wayback-msdn/2010-05/aa447396.html	OAL_KITLSERIAL_SEND (Windows CE 5.0)	symbol_page	1	callback	OAL_KITLSERIAL_SEND	first_code_block	Oal_kitl.h	Developer-defined	Windows CE 5.0 and later	matched		https://web.archive.org/web/20130512005021/http://msdn.microsoft.com/en-us/library/aa447396.aspx
aa447397	wayback-msdn-2010-05	docs/wayback-msdn/2010-05/aa447397.html	OAL_KITLSERIAL_SENDCOMPLETE (Windows CE 5.0)	symbol_page	1	callback	OAL_KITLSERIAL_SENDCOMPLETE	first_code_block	Oal_kitl.h	Developer-defined	Windows CE 5.0 and later	matched		https://web.archive.org/web/20130511201122/http://msdn.microsoft.com/en-us/library/aa447397.aspx
aa447407	wayback-msdn-2010-05	docs/wayback-msdn/2010-05/aa447407.html	OUTPORT16	symbol_page	1	macro	OUTPORT16	first_code_block	Oal_io.h		Windows CE Version 5.0 and later	matched		https://web.archive.org/web/20111119164134/http://msdn.microsoft.com/en-us/library/aa447407.aspx
aa447408	wayback-msdn-2010-05	docs/wayback-msdn/2010-05/aa447408.html	OUTPORT32	symbol_page	1	macro	OUTPORT32	first_code_block	Oal_io.h		Windows CE Version 5.0 and later	matched		https://web.archive.org/web/20111119164134/http://msdn.microsoft.com/en-us/library/aa447408.aspx
aa447409	wayback-msdn-2010-05	docs/wayback-msdn/2010-05/aa447409.html	OUTPORT8	symbol_page	1	macro	OUTPORT8	first_code_block	Oal_io.h		Windows CE Version 5.0 and later	matched		https://web.archive.org/web/20111119162909/http://msdn.microsoft.com/en-us/library/aa447409.aspx
aa447410	wayback-msdn-2010-05	docs/wayback-msdn/2010-05/aa447410.html	OUTREG16	symbol_page	1	macro	OUTREG16	first_code_block	Oal_io.h		Windows CE Version 5.0 and later	matched		https://web.archive.org/web/20111119160045/http://msdn.microsoft.com/en-us/library/aa447410.aspx
aa447411	wayback-msdn-2010-05	docs/wayback-msdn/2010-05/aa447411.html	OUTREG32	symbol_page	1	macro	OUTREG32	first_code_block	Oal_io.h		Windows CE Version 5.0 and later	matched		https://web.archive.org/web/20111118232807/http://msdn.microsoft.com/en-us/library/aa447411.aspx
aa447412	wayback-msdn-2010-05	docs/wayback-msdn/2010-05/aa447412.html	OUTREG8	symbol_page	1	macro	OUTREG8	first_code_block	Oal_io.h		Windows CE Version 5.0 and later	matched		https://web.archive.org/web/20111119160045/http://msdn.microsoft.com/en-us/library/aa447412.aspx
aa447415	wayback-msdn-2010-05	docs/wayback-msdn/2010-05/aa447415.html	SETPORT32	symbol_page	1	macro	SETPORT32	first_code_block	Oal_io.h		Windows CE Version 5.0 and later	matched		https://web.archive.org/web/20111119162909/http://msdn.microsoft.com/en-us/library/aa447415.aspx
aa447416	wayback-msdn-2010-05	docs/wayback-msdn/2010-05/aa447416.html	SETPORT8	symbol_page	1	macro	SETPORT8	first_code_block	Oal_io.h		Windows CE Version 5.0 and later	matched		https://web.archive.org/web/20111119160045/http://msdn.microsoft.com/en-us/library/aa447416.aspx
aa447417	wayback-msdn-2010-05	docs/wayback-msdn/2010-05/aa447417.html	SETREG16	symbol_page	1	macro	SETREG16	first_code_block	Oal_io.h		Windows CE Version 5.0 and later	matched		https://web.archive.org/web/20111119162909/http://msdn.microsoft.com/en-us/library/aa447417.aspx
aa447418	wayback-msdn-2010-05	docs/wayback-msdn/2010-05/aa447418.html	SETREG32	symbol_page	1	macro	SETREG32	first_code_block	Oal_io.h		Windows CE Version 5.0 and later	matched		https://web.archive.org/web/20111118212246/http://msdn.microsoft.com/en-us/library/aa447418.aspx
aa447419	wayback-msdn-2010-05	docs/wayback-msdn/2010-05/aa447419.html	SETREG8	symbol_page	1	macro	SETREG8	first_code_block	Oal_io.h		Windows CE Version 5.0 and later	matched		https://web.archive.org/web/20111119164134/http://msdn.microsoft.com/en-us/library/aa447419.aspx
aa447632	wayback-msdn-2010-05	docs/wayback-msdn/2010-05/aa447632.html	CardRegisterClient	symbol_page	1	function	CardRegisterClient	first_code_block	Cardsv2.h.	Pcc_serv.dll	Windows CE 1.0 and later.	matched		https://web.archive.org/web/2011/aa447632
aa447640	wayback-msdn-2010-05	docs/wayback-msdn/2010-05/aa447640.html	CardRequestConfiguration	symbol_page	1	function	CardRequestConfiguration	first_code_block	Cardsv2.h.	Pcc_serv.dll	Windows CE 1.0 and later.	matched		https://web.archive.org/web/2011/aa447640
aa447642	wayback-msdn-2010-05	docs/wayback-msdn/2010-05/aa447642.html	CardRequestExclusive	symbol_page	1	function	CardRequestExclusive	first_code_block	Cardsv2.h.	Pcc_serv.dll	Windows CE 1.0 and later.	matched		https://web.archive.org/web/2011/aa447642
aa447658	wayback-msdn-2010-05	docs/wayback-msdn/2010-05/aa447658.html	CDROM_TESTUNITREADY	symbol_page	1	struct	CDROM_TESTUNITREADY	first_code_block	Cdioctl.h.		Windows CE .NET 4.0 and later.	matched		https://web.archive.org/web/2011/aa447658
aa447664	wayback-msdn-2010-05	docs/wayback-msdn/2010-05/aa447664.html	LPCLEAR_FEATURE	symbol_page	1	callback	LPCLEAR_FEATURE	first_code_block	Usbdi.h.		Windows CE 2.10 and later.	matched		https://web.archive.org/web/2011/aa447664
aa447665	wayback-msdn-2010-05	docs/wayback-msdn/2010-05/aa447665.html	ClearOrSetFeature	symbol_page	1	function	ClearOrSetFeature	first_code_block	Usbclient.h.		Windows CE 2.10 and later.	matched		https://web.archive.org/web/20111226202421/http://msdn.microsoft.com/en-us/library/aa447665.aspx
