name	entity	ce_page_id	ce_page	ce_page_title	ce_printed_names	ce_syntax_blocks	win32_page	win32_documented_fields
AVIMAINHEADER	avimainheader	aa451195(v=msdn.10)	corpus/learn/windows-ce-5.0/aa451195(v=msdn.10).html	AVI Main Header (Windows CE 5.0)	MainAVIHeader	1	corpus/win32/api/aviriff/ns-aviriff-avimainheader.md	fcc;cb;dwMicroSecPerFrame;dwMaxBytesPerSec;dwPaddingGranularity;dwFlags;dwTotalFrames;dwInitialFrames;dwStreams;dwSuggestedBufferSize;dwWidth;dwHeight;dwReserved
AVIMAINHEADER	avimainheader	ee494600(v=winembedded.60)	corpus/learn/windows-embedded-ce-6.0/ee494600(v=winembedded.60).html	AVI Main Header (Windows Embedded CE 6.0)	MainAVIHeader	1	corpus/win32/api/aviriff/ns-aviriff-avimainheader.md	fcc;cb;dwMicroSecPerFrame;dwMaxBytesPerSec;dwPaddingGranularity;dwFlags;dwTotalFrames;dwInitialFrames;dwStreams;dwSuggestedBufferSize;dwWidth;dwHeight;dwReserved
AVIMAINHEADER	avimainheader	ms899420(v=msdn.10)	corpus/learn/windows-ce-net-4x/ms899420(v=msdn.10).html	AVI Main Header	MainAVIHeader	1	corpus/win32/api/aviriff/ns-aviriff-avimainheader.md	fcc;cb;dwMicroSecPerFrame;dwMaxBytesPerSec;dwPaddingGranularity;dwFlags;dwTotalFrames;dwInitialFrames;dwStreams;dwSuggestedBufferSize;dwWidth;dwHeight;dwReserved
AVIMAINHEADER	avimainheader	wcegmm_dshow_avi_main_header	corpus/chm/windows-ce-3.0/wcegmm_dshow_avi_main_header.html	AVI Main Header (Windows CE 3.0 Graphics and Multimedia)	MainAVIHeader	1	corpus/win32/api/aviriff/ns-aviriff-avimainheader.md	fcc;cb;dwMicroSecPerFrame;dwMaxBytesPerSec;dwPaddingGranularity;dwFlags;dwTotalFrames;dwInitialFrames;dwStreams;dwSuggestedBufferSize;dwWidth;dwHeight;dwReserved
MESSAGE	message	ee478808(v=winembedded.60)	corpus/learn/windows-embedded-ce-6.0/ee478808(v=winembedded.60).html	#message (FMerge.exe) (Windows Embedded CE 6.0)		0	corpus/win32/api/routprot/ns-routprot-message.md	UpdateCompleteMessage;InterfaceIndex
MESSAGE	message	ms938306(v=msdn.10)	corpus/learn/windows-ce-net-4x/ms938306(v=msdn.10).html	#message		0	corpus/win32/api/routprot/ns-routprot-message.md	UpdateCompleteMessage;InterfaceIndex
MESSAGE	message	ms940756(v=msdn.10)	corpus/learn/windows-ce-5.0/ms940756(v=msdn.10).html	#message (FMerge.exe) (Windows CE 5.0)		0	corpus/win32/api/routprot/ns-routprot-message.md	UpdateCompleteMessage;InterfaceIndex
SECTION	section	ee504671(v=winembedded.60)	corpus/learn/windows-embedded-ce-6.0/ee504671(v=winembedded.60).html	/SECTION (Windows Embedded CE 6.0)		0	corpus/win32/api/mpeg2structs/ns-mpeg2structs-section.md	TableId;Header;SectionData
SECTION	section	ms933100(v=msdn.10)	corpus/learn/windows-ce-5.0/ms933100(v=msdn.10).html	/SECTION (Windows CE 5.0)		0	corpus/win32/api/mpeg2structs/ns-mpeg2structs-section.md	TableId;Header;SectionData
SECTION	section	ms933104(v=msdn.10)	corpus/learn/windows-ce-5.0/ms933104(v=msdn.10).html	/SECTION (Windows CE 5.0)		0	corpus/win32/api/mpeg2structs/ns-mpeg2structs-section.md	TableId;Header;SectionData
