# invariant	checked	violations	note
no fact without a document	386036	0	every record's source.path (an entity: every page it lists) exists in corpus/
quotes are faithful (whitespace aside)	11060	0	the record's characters, in order, are on the page it names (1 in 25)
documented members are on their page	5204	0	each documented_fields name occurs in one of the pages that document the entity (an A/W pair documents one structure)
module rows quote their module page	350	0	each kb/modules-ce.tsv row names a page in corpus/ and its quoted row and value are on that page
export ordinals quote their page	94	0	each kb/export-ordinals.tsv row names a page in corpus/ and its name, ordinal and quoted row are on that page
stated .def rules quote their page	533	0	each kb/def-rules.tsv statement is printed on the page it names
Unicode-only statements quote their page	165	0	each kb/unicode-only.tsv row quotes a sentence printed on the CE page it names
stated-unsupported constants quote their page	766	0	each kb/unsupported-constants.tsv name and its introducing sentence are printed on the page it names
sample code stays out of the declarations	62857	0	no syntax_declarations record is a role 'example' or implementation record
syntax blocks are declarations		0	no role='syntax' text is implementation code; kept as role 'example' and never emitted: 4,571
the generator reads the specification only	0	0	a real gen-include-def.py run reports zero corpus reads (run)
