tree	pages	pages_with_entity	pages_with_requirements	pages_with_declaration	requirements	declarations	constraints
chm/windows-ce-3.0	8962	6970	5030	6802	11592	7558	702
chm/windows-ce-4.2/emulator/htm	15	1	0	0	0	0	0
chm/windows-ce-4.2/remtools/htm	551	277	257	254	502	278	1
chm/windows-ce-5.0/wceaccess5/html	22	7	6	14	12	14	1
chm/windows-ce-5.0/wceacm5/html	1	0	0	0	0	0	0
chm/windows-ce-5.0/wceactsync5/html	262	187	186	195	539	207	44
chm/windows-ce-5.0/wceasp5/html	16	0	0	4	0	12	7
chm/windows-ce-5.0/wceauthservices5/html	77	48	48	53	124	54	0
chm/windows-ce-5.0/wcebluetooth5/html	279	190	191	185	507	297	11
chm/windows-ce-5.0/wcecertificates5/html	121	81	80	82	240	89	11
chm/windows-ce-5.0/wcechs5/html	29	5	4	4	12	4	0
chm/windows-ce-5.0/wcecht5/html	17	2	1	1	3	1	0
chm/windows-ce-5.0/wcecmdprocess5/html	2	0	0	0	0	0	0
chm/windows-ce-5.0/wcecore5/html	394	326	326	326	866	341	33
chm/windows-ce-5.0/wcecredentialmgr5/html	31	13	15	16	43	17	0
chm/windows-ce-5.0/wcecrypto5/html	161	117	116	118	273	145	13
chm/windows-ce-5.0/wced3dm5/html	417	182	200	212	511	270	2
chm/windows-ce-5.0/wcedcom5/html	977	913	906	846	2643	937	21
chm/windows-ce-5.0/wceddraw5/html	269	131	128	152	366	167	35
chm/windows-ce-5.0/wcedialup5/html	105	41	41	50	108	53	7
chm/windows-ce-5.0/wcedrm5/html	10	0	0	1	0	4	0
chm/windows-ce-5.0/wcedshow5/html	1805	1457	1578	1460	1783	1525	36
chm/windows-ce-5.0/wcedvd5/html	261	210	209	193	605	206	0
chm/windows-ce-5.0/wcedvmgt5/html	177	37	7	11	14	11	0
chm/windows-ce-5.0/wceeap5/html	42	16	16	16	32	16	0
chm/windows-ce-5.0/wceedb5/html	45	42	42	42	126	42	1
chm/windows-ce-5.0/wceexchclient5/html	61	46	46	38	132	38	0
chm/windows-ce-5.0/wcefiledb5/html	61	55	55	55	140	55	0
chm/windows-ce-5.0/wcefileserver5/html	21	5	5	7	15	7	1
chm/windows-ce-5.0/wcefilesystem5/html	49	0	0	7	0	7	2
chm/windows-ce-5.0/wcefirewall5/html	45	22	21	26	47	31	2
chm/windows-ce-5.0/wcefonts5/html	75	31	30	34	82	44	1
chm/windows-ce-5.0/wceftpserver5/html	17	0	0	1	0	3	1
chm/windows-ce-5.0/wcehwx5/html	32	16	16	17	46	18	0
chm/windows-ce-5.0/wceics5/html	47	5	5	6	15	6	14
chm/windows-ce-5.0/wceie6/html	16	0	0	0	0	0	4
chm/windows-ce-5.0/wceiemlang5/html	129	104	107	92	309	104	11
chm/windows-ce-5.0/wceierpc5/html	1	0	0	0	0	0	0
chm/windows-ce-5.0/wceiexml5/html	5	0	0	0	0	0	0
chm/windows-ce-5.0/wceimaging5/html	120	100	97	93	266	111	0
chm/windows-ce-5.0/wceimm5/html	174	148	148	118	351	119	11
chm/windows-ce-5.0/wceinput5/html	64	49	49	46	143	48	1
chm/windows-ce-5.0/wceipsec5/html	19	8	8	9	22	9	2
chm/windows-ce-5.0/wceipv65/html	125	1	0	1	0	1	2
chm/windows-ce-5.0/wcejpn5/html	92	73	73	71	146	71	4
chm/windows-ce-5.0/wcejscript5/html	8	1	0	1	0	2	1
chm/windows-ce-5.0/wcekorea5/html	35	20	19	19	57	19	0
chm/windows-ce-5.0/wcel2tp5/html	14	1	1	1	2	2	1
chm/windows-ce-5.0/wcelass5/html	24	7	7	11	21	12	0
chm/windows-ce-5.0/wceldap5/html	153	113	114	117	330	119	1
chm/windows-ce-5.0/wcemacbridge5/html	17	0	0	0	0	0	1
chm/windows-ce-5.0/wcemouse5/html	50	37	36	36	98	38	2
chm/windows-ce-5.0/wcemshtml5/html	44	14	11	19	30	29	2
chm/windows-ce-5.0/wcemshtml5/workshop/author/behaviors/reference	1	0	0	0	0	0	0
chm/windows-ce-5.0/wcemshtml5/workshop/author/behaviors/reference/behaviors	1	0	0	1	0	3	0
chm/windows-ce-5.0/wcemshtml5/workshop/author/behaviors/reference/properties	15	0	0	15	0	15	0
chm/windows-ce-5.0/wcemshtml5/workshop/author/css	1	0	0	0	0	0	0
chm/windows-ce-5.0/wcemshtml5/workshop/author/css/reference	5	0	0	0	0	0	0
chm/windows-ce-5.0/wcemshtml5/workshop/author/dhtml	1	0	0	0	0	0	0
chm/windows-ce-5.0/wcemshtml5/workshop/author/dhtml/reference	8	0	0	0	0	0	0
chm/windows-ce-5.0/wcemshtml5/workshop/author/dhtml/reference/charsets	5	0	0	1	0	1	0
chm/windows-ce-5.0/wcemshtml5/workshop/author/dhtml/reference/collections	34	0	0	20	0	23	0
chm/windows-ce-5.0/wcemshtml5/workshop/author/dhtml/reference/colors	1	0	0	0	0	0	0
chm/windows-ce-5.0/wcemshtml5/workshop/author/dhtml/reference/constants	82	0	0	0	0	0	0
chm/windows-ce-5.0/wcemshtml5/workshop/author/dhtml/reference/events	78	0	0	38	0	43	0
chm/windows-ce-5.0/wcemshtml5/workshop/author/dhtml/reference/methods	198	0	0	197	0	349	0
chm/windows-ce-5.0/wcemshtml5/workshop/author/dhtml/reference/objects	139	0	0	45	0	62	0
chm/windows-ce-5.0/wcemshtml5/workshop/author/dhtml/reference/pi	1	0	0	0	0	0	0
chm/windows-ce-5.0/wcemshtml5/workshop/author/dhtml/reference/properties	552	0	0	254	0	327	0
chm/windows-ce-5.0/wcemshtml5/workshop/author/hta/reference	1	0	0	0	0	0	0
chm/windows-ce-5.0/wcemshtml5/workshop/author/hta/reference/objects	1	0	0	1	0	1	0
chm/windows-ce-5.0/wcemshtml5/workshop/author/hta/reference/properties	21	0	0	18	0	18	0
chm/windows-ce-5.0/wcemshtml5/workshop/author/html/reference	1	0	0	0	0	0	0
chm/windows-ce-5.0/wcemshtml5/workshop/browser/behaviors	1	0	0	0	0	0	0
chm/windows-ce-5.0/wcemshtml5/workshop/browser/behaviors/reference	1	0	0	0	0	0	0
chm/windows-ce-5.0/wcemshtml5/workshop/browser/behaviors/reference/enums	4	0	0	4	0	4	0
chm/windows-ce-5.0/wcemshtml5/workshop/browser/behaviors/reference/ifaces/elementbehavior	4	3	0	3	0	3	0
chm/windows-ce-5.0/wcemshtml5/workshop/browser/behaviors/reference/ifaces/elementbehaviorcategory	2	1	0	1	0	1	0
chm/windows-ce-5.0/wcemshtml5/workshop/browser/behaviors/reference/ifaces/elementbehaviorfactory	2	1	0	1	0	1	0
chm/windows-ce-5.0/wcemshtml5/workshop/browser/behaviors/reference/ifaces/elementbehaviorfocus	2	1	0	1	0	1	0
chm/windows-ce-5.0/wcemshtml5/workshop/browser/behaviors/reference/ifaces/elementbehaviorlayout	5	4	0	4	0	4	0
chm/windows-ce-5.0/wcemshtml5/workshop/browser/behaviors/reference/ifaces/elementbehaviorlayout2	2	1	0	1	0	1	0
chm/windows-ce-5.0/wcemshtml5/workshop/browser/behaviors/reference/ifaces/elementbehaviorrender	4	3	0	3	0	3	0
chm/windows-ce-5.0/wcemshtml5/workshop/browser/behaviors/reference/ifaces/elementbehaviorscategory	2	1	0	1	0	1	0
chm/windows-ce-5.0/wcemshtml5/workshop/browser/behaviors/reference/ifaces/elementbehaviorsite	2	1	0	1	0	1	0
chm/windows-ce-5.0/wcemshtml5/workshop/browser/behaviors/reference/ifaces/elementbehaviorsitelayout	4	3	0	3	0	3	0
chm/windows-ce-5.0/wcemshtml5/workshop/browser/behaviors/reference/ifaces/elementbehaviorsitelayout2	2	1	0	1	0	1	0
chm/windows-ce-5.0/wcemshtml5/workshop/browser/behaviors/reference/ifaces/elementbehaviorsiteom	7	5	0	6	0	7	0
chm/windows-ce-5.0/wcemshtml5/workshop/browser/behaviors/reference/ifaces/elementbehaviorsiteom2	2	1	0	1	0	1	0
chm/windows-ce-5.0/wcemshtml5/workshop/browser/behaviors/reference/ifaces/elementbehaviorsiterender	4	3	0	3	0	3	0
chm/windows-ce-5.0/wcemshtml5/workshop/browser/behaviors/reference/ifaces/elementbehaviorsubmit	3	2	0	2	0	2	0
chm/windows-ce-5.0/wcemshtml5/workshop/browser/behaviors/reference/ifaces/elementnamespace	2	0	0	1	0	2	0
chm/windows-ce-5.0/wcemshtml5/workshop/browser/behaviors/reference/ifaces/elementnamespacefactory	2	0	0	1	0	2	0
chm/windows-ce-5.0/wcemshtml5/workshop/browser/behaviors/reference/ifaces/elementnamespacefactory2	2	1	0	1	0	1	0
chm/windows-ce-5.0/wcemshtml5/workshop/browser/behaviors/reference/ifaces/elementnamespacefactorycallback	2	0	0	1	0	1	0
chm/windows-ce-5.0/wcemshtml5/workshop/browser/behaviors/reference/ifaces/elementnamespacetable	2	1	0	1	0	1	0
chm/windows-ce-5.0/wcemshtml5/workshop/browser/behaviors/reference/ifaces/ihostbehaviorinit	2	1	0	1	0	1	0
chm/windows-ce-5.0/wcemshtml5/workshop/browser/hosting/printpreview/reference	1	0	0	0	0	0	0
chm/windows-ce-5.0/wcemshtml5/workshop/browser/hosting/printpreview/reference/behaviors	4	0	0	3	0	3	0
chm/windows-ce-5.0/wcemshtml5/workshop/browser/hosting/printpreview/reference/methods	11	0	0	10	0	10	0
chm/windows-ce-5.0/wcemshtml5/workshop/browser/hosting/printpreview/reference/objects	1	0	0	0	0	0	0
chm/windows-ce-5.0/wcemshtml5/workshop/browser/hosting/printpreview/reference/properties	60	0	0	2	0	2	0
chm/windows-ce-5.0/wcemshtml5/workshop/browser/mshtml/reference	3	0	0	0	0	0	0
chm/windows-ce-5.0/wcemshtml5/workshop/browser/mshtml/reference/constants	110	0	0	1	0	1	0
chm/windows-ce-5.0/wcemshtml5/workshop/browser/mshtml/reference/enums	22	0	0	21	0	21	0
chm/windows-ce-5.0/wcemshtml5/workshop/browser/mshtml/reference/events	1	0	0	0	0	0	0
chm/windows-ce-5.0/wcemshtml5/workshop/browser/mshtml/reference/events/htmlanchorevents	64	0	0	62	0	62	0
chm/windows-ce-5.0/wcemshtml5/workshop/browser/mshtml/reference/events/htmlanchorevents2	63	0	0	61	0	61	0
chm/windows-ce-5.0/wcemshtml5/workshop/browser/mshtml/reference/events/htmlareaevents	64	0	0	62	0	62	0
chm/windows-ce-5.0/wcemshtml5/workshop/browser/mshtml/reference/events/htmlareaevents2	63	0	0	61	0	61	0
chm/windows-ce-5.0/wcemshtml5/workshop/browser/mshtml/reference/events/htmlbuttonelementevents	64	0	0	62	0	62	0
chm/windows-ce-5.0/wcemshtml5/workshop/browser/mshtml/reference/events/htmlbuttonelementevents2	63	0	0	61	0	61	0
chm/windows-ce-5.0/wcemshtml5/workshop/browser/mshtml/reference/events/htmlcontrolelementevents	64	0	0	62	0	62	0
chm/windows-ce-5.0/wcemshtml5/workshop/browser/mshtml/reference/events/htmlcontrolelementevents2	63	0	0	61	0	61	0
chm/windows-ce-5.0/wcemshtml5/workshop/browser/mshtml/reference/events/htmldocumentevents	35	0	0	34	0	34	0
chm/windows-ce-5.0/wcemshtml5/workshop/browser/mshtml/reference/events/htmldocumentevents2	35	0	0	34	0	34	0
chm/windows-ce-5.0/wcemshtml5/workshop/browser/mshtml/reference/events/htmlelementevents	64	0	0	62	0	62	0
chm/windows-ce-5.0/wcemshtml5/workshop/browser/mshtml/reference/events/htmlelementevents2	63	0	0	61	0	61	0
chm/windows-ce-5.0/wcemshtml5/workshop/browser/mshtml/reference/events/htmlformelementevents	66	0	0	64	0	64	0
chm/windows-ce-5.0/wcemshtml5/workshop/browser/mshtml/reference/events/htmlformelementevents2	65	0	0	63	0	63	0
chm/windows-ce-5.0/wcemshtml5/workshop/browser/mshtml/reference/events/htmlframesiteevents	65	0	0	63	0	63	0
chm/windows-ce-5.0/wcemshtml5/workshop/browser/mshtml/reference/events/htmlframesiteevents2	65	0	0	63	0	63	0
chm/windows-ce-5.0/wcemshtml5/workshop/browser/mshtml/reference/events/htmlimgevents	67	0	0	65	0	65	0
chm/windows-ce-5.0/wcemshtml5/workshop/browser/mshtml/reference/events/htmlimgevents2	66	0	0	64	0	64	0
chm/windows-ce-5.0/wcemshtml5/workshop/browser/mshtml/reference/events/htmlinputfileelementevents	46	0	0	44	0	44	0
chm/windows-ce-5.0/wcemshtml5/workshop/browser/mshtml/reference/events/htmlinputfileelementevents2	46	0	0	44	0	44	0
chm/windows-ce-5.0/wcemshtml5/workshop/browser/mshtml/reference/events/htmlinputimageevents	47	0	0	45	0	45	0
chm/windows-ce-5.0/wcemshtml5/workshop/browser/mshtml/reference/events/htmlinputimageevents2	47	0	0	45	0	45	0
chm/windows-ce-5.0/wcemshtml5/workshop/browser/mshtml/reference/events/htmlinputtextelementevents	69	0	0	67	0	67	0
chm/windows-ce-5.0/wcemshtml5/workshop/browser/mshtml/reference/events/htmlinputtextelementevents2	68	0	0	66	0	66	0
chm/windows-ce-5.0/wcemshtml5/workshop/browser/mshtml/reference/events/htmllabelevents	64	0	0	62	0	62	0
chm/windows-ce-5.0/wcemshtml5/workshop/browser/mshtml/reference/events/htmllabelevents2	63	0	0	61	0	61	0
chm/windows-ce-5.0/wcemshtml5/workshop/browser/mshtml/reference/events/htmllinkelementevents	66	0	0	64	0	64	0
chm/windows-ce-5.0/wcemshtml5/workshop/browser/mshtml/reference/events/htmllinkelementevents2	65	0	0	63	0	63	0
chm/windows-ce-5.0/wcemshtml5/workshop/browser/mshtml/reference/events/htmlmapevents	64	0	0	62	0	62	0
chm/windows-ce-5.0/wcemshtml5/workshop/browser/mshtml/reference/events/htmlmapevents2	63	0	0	61	0	61	0
chm/windows-ce-5.0/wcemshtml5/workshop/browser/mshtml/reference/events/htmlmarqueeelementevents	67	0	0	65	0	65	0
chm/windows-ce-5.0/wcemshtml5/workshop/browser/mshtml/reference/events/htmlmarqueeelementevents2	66	0	0	64	0	64	0
chm/windows-ce-5.0/wcemshtml5/workshop/browser/mshtml/reference/events/htmlnamespaceevents	2	0	0	1	0	1	0
chm/windows-ce-5.0/wcemshtml5/workshop/browser/mshtml/reference/events/htmlobjectelementevents	14	0	0	13	0	13	0
chm/windows-ce-5.0/wcemshtml5/workshop/browser/mshtml/reference/events/htmlobjectelementevents2	14	0	0	13	0	13	0
chm/windows-ce-5.0/wcemshtml5/workshop/browser/mshtml/reference/events/htmloptionbuttonelementevents	69	0	0	67	0	67	0
chm/windows-ce-5.0/wcemshtml5/workshop/browser/mshtml/reference/events/htmloptionbuttonelementevents2	69	0	0	67	0	67	0
chm/windows-ce-5.0/wcemshtml5/workshop/browser/mshtml/reference/events/htmlscriptevents	65	0	0	63	0	63	0
chm/windows-ce-5.0/wcemshtml5/workshop/browser/mshtml/reference/events/htmlscriptevents2	64	0	0	62	0	62	0
chm/windows-ce-5.0/wcemshtml5/workshop/browser/mshtml/reference/events/htmlselectelementevents	65	0	0	63	0	63	0
chm/windows-ce-5.0/wcemshtml5/workshop/browser/mshtml/reference/events/htmlselectelementevents2	64	0	0	62	0	62	0
chm/windows-ce-5.0/wcemshtml5/workshop/browser/mshtml/reference/events/htmlstyleelementevents	66	0	0	64	0	64	0
chm/windows-ce-5.0/wcemshtml5/workshop/browser/mshtml/reference/events/htmlstyleelementevents2	65	0	0	63	0	63	0
chm/windows-ce-5.0/wcemshtml5/workshop/browser/mshtml/reference/events/htmltableevents	64	0	0	62	0	62	0
chm/windows-ce-5.0/wcemshtml5/workshop/browser/mshtml/reference/events/htmltableevents2	63	0	0	61	0	61	0
chm/windows-ce-5.0/wcemshtml5/workshop/browser/mshtml/reference/events/htmltextcontainerevents	66	0	0	64	0	64	0
chm/windows-ce-5.0/wcemshtml5/workshop/browser/mshtml/reference/events/htmltextcontainerevents2	65	0	0	63	0	63	0
chm/windows-ce-5.0/wcemshtml5/workshop/browser/mshtml/reference/events/htmlwindowevents	12	0	0	11	0	11	0
chm/windows-ce-5.0/wcemshtml5/workshop/browser/mshtml/reference/events/htmlwindowevents2	12	0	0	11	0	11	0
chm/windows-ce-5.0/wcemshtml5/workshop/browser/mshtml/reference/functions	8	0	0	7	0	13	0
chm/windows-ce-5.0/wcemshtml5/workshop/browser/mshtml/reference/ifaces	1	0	0	0	0	0	0
chm/windows-ce-5.0/wcemshtml5/workshop/browser/mshtml/reference/ifaces/anchorelement	24	22	0	23	0	24	0
chm/windows-ce-5.0/wcemshtml5/workshop/browser/mshtml/reference/ifaces/anchorelement2	6	5	0	5	0	5	0
chm/windows-ce-5.0/wcemshtml5/workshop/browser/mshtml/reference/ifaces/appbehavior	1	0	0	0	0	0	0
chm/windows-ce-5.0/wcemshtml5/workshop/browser/mshtml/reference/ifaces/appbehavior2	1	0	0	0	0	0	0
chm/windows-ce-5.0/wcemshtml5/workshop/browser/mshtml/reference/ifaces/appbehavior3	1	0	0	0	0	0	0
chm/windows-ce-5.0/wcemshtml5/workshop/browser/mshtml/reference/ifaces/areaelement	19	18	0	18	0	18	0
chm/windows-ce-5.0/wcemshtml5/workshop/browser/mshtml/reference/ifaces/areascollection	7	5	0	6	0	7	0
chm/windows-ce-5.0/wcemshtml5/workshop/browser/mshtml/reference/ifaces/areascollection2	2	1	0	1	0	1	0
chm/windows-ce-5.0/wcemshtml5/workshop/browser/mshtml/reference/ifaces/areascollection3	2	1	0	1	0	1	0
chm/windows-ce-5.0/wcemshtml5/workshop/browser/mshtml/reference/ifaces/attributecollection	4	2	0	3	0	4	0
chm/windows-ce-5.0/wcemshtml5/workshop/browser/mshtml/reference/ifaces/attributecollection2	4	3	0	3	0	3	0
chm/windows-ce-5.0/wcemshtml5/workshop/browser/mshtml/reference/ifaces/baseelement	3	2	0	2	0	2	0
chm/windows-ce-5.0/wcemshtml5/workshop/browser/mshtml/reference/ifaces/basefontelement	4	3	0	3	0	3	0
chm/windows-ce-5.0/wcemshtml5/workshop/browser/mshtml/reference/ifaces/bgsound	5	3	0	4	0	4	0
chm/windows-ce-5.0/wcemshtml5/workshop/browser/mshtml/reference/ifaces/blockelement	2	1	0	1	0	1	0
chm/windows-ce-5.0/wcemshtml5/workshop/browser/mshtml/reference/ifaces/blockelement2	3	2	0	2	0	2	0
chm/windows-ce-5.0/wcemshtml5/workshop/browser/mshtml/reference/ifaces/blockformats	3	2	0	2	0	2	0
chm/windows-ce-5.0/wcemshtml5/workshop/browser/mshtml/reference/ifaces/bodyelement	19	18	0	18	0	18	0
chm/windows-ce-5.0/wcemshtml5/workshop/browser/mshtml/reference/ifaces/bodyelement2	3	2	0	2	0	2	0
chm/windows-ce-5.0/wcemshtml5/workshop/browser/mshtml/reference/ifaces/bookmarkcollection	4	3	0	3	0	3	0
chm/windows-ce-5.0/wcemshtml5/workshop/browser/mshtml/reference/ifaces/brelement	2	1	0	1	0	1	0
chm/windows-ce-5.0/wcemshtml5/workshop/browser/mshtml/reference/ifaces/buttonelement	8	6	0	7	0	8	0
chm/windows-ce-5.0/wcemshtml5/workshop/browser/mshtml/reference/ifaces/caret	13	12	0	12	0	12	0
chm/windows-ce-5.0/wcemshtml5/workshop/browser/mshtml/reference/ifaces/changelog	2	1	0	1	0	1	0
chm/windows-ce-5.0/wcemshtml5/workshop/browser/mshtml/reference/ifaces/changeplayback	2	1	0	1	0	1	0
chm/windows-ce-5.0/wcemshtml5/workshop/browser/mshtml/reference/ifaces/changesink	2	1	0	1	0	1	0
chm/windows-ce-5.0/wcemshtml5/workshop/browser/mshtml/reference/ifaces/commentelement	3	1	0	1	0	1	0
chm/windows-ce-5.0/wcemshtml5/workshop/browser/mshtml/reference/ifaces/commentelement2	8	7	0	7	0	7	0
chm/windows-ce-5.0/wcemshtml5/workshop/browser/mshtml/reference/ifaces/computedstyle	20	19	0	19	0	19	0
chm/windows-ce-5.0/wcemshtml5/workshop/browser/mshtml/reference/ifaces/controlelement	14	13	0	13	0	13	0
chm/windows-ce-5.0/wcemshtml5/workshop/browser/mshtml/reference/ifaces/controlrange	16	15	0	15	0	15	0
chm/windows-ce-5.0/wcemshtml5/workshop/browser/mshtml/reference/ifaces/controlrange2	2	1	0	1	0	1	0
chm/windows-ce-5.0/wcemshtml5/workshop/browser/mshtml/reference/ifaces/currentstyle	92	89	0	89	0	89	0
chm/windows-ce-5.0/wcemshtml5/workshop/browser/mshtml/reference/ifaces/currentstyle2	19	18	0	18	0	18	0
chm/windows-ce-5.0/wcemshtml5/workshop/browser/mshtml/reference/ifaces/currentstyle3	5	4	0	4	0	4	0
chm/windows-ce-5.0/wcemshtml5/workshop/browser/mshtml/reference/ifaces/databinding	4	3	0	3	0	3	0
chm/windows-ce-5.0/wcemshtml5/workshop/browser/mshtml/reference/ifaces/datatransfer	6	5	0	5	0	5	0
chm/windows-ce-5.0/wcemshtml5/workshop/browser/mshtml/reference/ifaces/ddelement	2	1	0	1	0	1	0
chm/windows-ce-5.0/wcemshtml5/workshop/browser/mshtml/reference/ifaces/dialog	9	8	0	8	0	8	0
chm/windows-ce-5.0/wcemshtml5/workshop/browser/mshtml/reference/ifaces/dialog2	3	2	0	2	0	2	0
chm/windows-ce-5.0/wcemshtml5/workshop/browser/mshtml/reference/ifaces/dialog3	3	2	0	2	0	2	0
chm/windows-ce-5.0/wcemshtml5/workshop/browser/mshtml/reference/ifaces/displaypointer	20	18	0	19	0	19	0
chm/windows-ce-5.0/wcemshtml5/workshop/browser/mshtml/reference/ifaces/displayservices	8	6	0	7	0	8	0
chm/windows-ce-5.0/wcemshtml5/workshop/browser/mshtml/reference/ifaces/divelement	3	2	0	2	0	2	0
chm/windows-ce-5.0/wcemshtml5/workshop/browser/mshtml/reference/ifaces/divposition	2	1	0	1	0	1	0
chm/windows-ce-5.0/wcemshtml5/workshop/browser/mshtml/reference/ifaces/dlgsafehelper	6	4	0	4	0	4	0
chm/windows-ce-5.0/wcemshtml5/workshop/browser/mshtml/reference/ifaces/dlistelement	2	1	0	1	0	1	0
chm/windows-ce-5.0/wcemshtml5/workshop/browser/mshtml/reference/ifaces/document	2	1	0	1	0	1	0
chm/windows-ce-5.0/wcemshtml5/workshop/browser/mshtml/reference/ifaces/document2	77	74	0	75	0	76	0
chm/windows-ce-5.0/wcemshtml5/workshop/browser/mshtml/reference/ifaces/document3	28	24	0	24	0	24	0
chm/windows-ce-5.0/wcemshtml5/workshop/browser/mshtml/reference/ifaces/document4	12	9	0	10	0	11	0
chm/windows-ce-5.0/wcemshtml5/workshop/browser/mshtml/reference/ifaces/document5	13	12	0	12	0	12	0
chm/windows-ce-5.0/wcemshtml5/workshop/browser/mshtml/reference/ifaces/domattribute	4	3	0	3	0	3	0
chm/windows-ce-5.0/wcemshtml5/workshop/browser/mshtml/reference/ifaces/domattribute2	19	17	0	18	0	19	0
chm/windows-ce-5.0/wcemshtml5/workshop/browser/mshtml/reference/ifaces/domchildrencollection	4	3	0	3	0	3	0
chm/windows-ce-5.0/wcemshtml5/workshop/browser/mshtml/reference/ifaces/domimplementation	2	1	0	1	0	1	0
chm/windows-ce-5.0/wcemshtml5/workshop/browser/mshtml/reference/ifaces/domnode	20	18	0	19	0	20	0
chm/windows-ce-5.0/wcemshtml5/workshop/browser/mshtml/reference/ifaces/domnode2	2	1	0	1	0	1	0
chm/windows-ce-5.0/wcemshtml5/workshop/browser/mshtml/reference/ifaces/domtextnode	5	4	0	4	0	4	0
chm/windows-ce-5.0/wcemshtml5/workshop/browser/mshtml/reference/ifaces/domtextnode2	6	5	0	5	0	5	0
chm/windows-ce-5.0/wcemshtml5/workshop/browser/mshtml/reference/ifaces/dtelement	2	1	0	1	0	1	0
chm/windows-ce-5.0/wcemshtml5/workshop/browser/mshtml/reference/ifaces/editdesigner	5	4	0	4	0	4	0
chm/windows-ce-5.0/wcemshtml5/workshop/browser/mshtml/reference/ifaces/edithost	2	1	0	1	0	1	0
chm/windows-ce-5.0/wcemshtml5/workshop/browser/mshtml/reference/ifaces/edithost2	2	1	0	1	0	1	0
chm/windows-ce-5.0/wcemshtml5/workshop/browser/mshtml/reference/ifaces/editservices	6	5	0	5	0	5	0
chm/windows-ce-5.0/wcemshtml5/workshop/browser/mshtml/reference/ifaces/editservices2	5	4	0	4	0	4	0
chm/windows-ce-5.0/wcemshtml5/workshop/browser/mshtml/reference/ifaces/element2	69	66	0	68	0	70	0
chm/windows-ce-5.0/wcemshtml5/workshop/browser/mshtml/reference/ifaces/element3	27	21	0	22	0	23	0
chm/windows-ce-5.0/wcemshtml5/workshop/browser/mshtml/reference/ifaces/element4	9	8	0	8	0	8	0
chm/windows-ce-5.0/wcemshtml5/workshop/browser/mshtml/reference/ifaces/elementcollection	6	4	0	5	0	6	0
chm/windows-ce-5.0/wcemshtml5/workshop/browser/mshtml/reference/ifaces/elementcollection2	2	1	0	1	0	1	0
chm/windows-ce-5.0/wcemshtml5/workshop/browser/mshtml/reference/ifaces/elementcollection3	2	1	0	1	0	1	0
chm/windows-ce-5.0/wcemshtml5/workshop/browser/mshtml/reference/ifaces/elementdefaults	12	8	0	8	0	8	0
chm/windows-ce-5.0/wcemshtml5/workshop/browser/mshtml/reference/ifaces/elementsegment	4	3	0	3	0	3	0
chm/windows-ce-5.0/wcemshtml5/workshop/browser/mshtml/reference/ifaces/embedelement	9	6	0	8	0	10	0
chm/windows-ce-5.0/wcemshtml5/workshop/browser/mshtml/reference/ifaces/eventobj	23	22	0	22	0	22	0
chm/windows-ce-5.0/wcemshtml5/workshop/browser/mshtml/reference/ifaces/eventobj2	31	30	0	30	0	30	0
chm/windows-ce-5.0/wcemshtml5/workshop/browser/mshtml/reference/ifaces/eventobj3	14	7	0	7	0	7	0
chm/windows-ce-5.0/wcemshtml5/workshop/browser/mshtml/reference/ifaces/eventobj4	2	1	0	1	0	1	0
chm/windows-ce-5.0/wcemshtml5/workshop/browser/mshtml/reference/ifaces/fieldsetelement	2	1	0	1	0	1	0
chm/windows-ce-5.0/wcemshtml5/workshop/browser/mshtml/reference/ifaces/fieldsetelement2	2	1	0	1	0	1	0
chm/windows-ce-5.0/wcemshtml5/workshop/browser/mshtml/reference/ifaces/filterscollection	4	2	0	3	0	4	0
chm/windows-ce-5.0/wcemshtml5/workshop/browser/mshtml/reference/ifaces/fontelement	4	3	0	3	0	3	0
chm/windows-ce-5.0/wcemshtml5/workshop/browser/mshtml/reference/ifaces/fontnames	3	2	0	2	0	2	0
chm/windows-ce-5.0/wcemshtml5/workshop/browser/mshtml/reference/ifaces/fontnamescollection	4	3	0	3	0	3	0
chm/windows-ce-5.0/wcemshtml5/workshop/browser/mshtml/reference/ifaces/fontsizescollection	5	4	0	4	0	4	0
chm/windows-ce-5.0/wcemshtml5/workshop/browser/mshtml/reference/ifaces/formelement	16	13	0	15	0	17	0
chm/windows-ce-5.0/wcemshtml5/workshop/browser/mshtml/reference/ifaces/formelement2	3	2	0	2	0	2	0
chm/windows-ce-5.0/wcemshtml5/workshop/browser/mshtml/reference/ifaces/formelement3	2	1	0	1	0	1	0
chm/windows-ce-5.0/wcemshtml5/workshop/browser/mshtml/reference/ifaces/framebase	10	8	0	9	0	10	0
chm/windows-ce-5.0/wcemshtml5/workshop/browser/mshtml/reference/ifaces/framebase2	6	5	0	5	0	5	0
chm/windows-ce-5.0/wcemshtml5/workshop/browser/mshtml/reference/ifaces/framebase3	2	1	0	1	0	1	0
chm/windows-ce-5.0/wcemshtml5/workshop/browser/mshtml/reference/ifaces/frameelement	2	1	0	1	0	1	0
chm/windows-ce-5.0/wcemshtml5/workshop/browser/mshtml/reference/ifaces/frameelement2	3	2	0	2	0	2	0
chm/windows-ce-5.0/wcemshtml5/workshop/browser/mshtml/reference/ifaces/framescollection2	3	1	0	2	0	3	0
chm/windows-ce-5.0/wcemshtml5/workshop/browser/mshtml/reference/ifaces/framesetelement	11	10	0	10	0	10	0
chm/windows-ce-5.0/wcemshtml5/workshop/browser/mshtml/reference/ifaces/framesetelement2	3	2	0	2	0	2	0
chm/windows-ce-5.0/wcemshtml5/workshop/browser/mshtml/reference/ifaces/genericelement	3	2	0	2	0	2	0
chm/windows-ce-5.0/wcemshtml5/workshop/browser/mshtml/reference/ifaces/headelement	2	1	0	1	0	1	0
chm/windows-ce-5.0/wcemshtml5/workshop/browser/mshtml/reference/ifaces/headerelement	2	1	0	1	0	1	0
chm/windows-ce-5.0/wcemshtml5/workshop/browser/mshtml/reference/ifaces/highlightrenderingservices	4	3	0	3	0	3	0
chm/windows-ce-5.0/wcemshtml5/workshop/browser/mshtml/reference/ifaces/highlightsegment	1	0	0	0	0	0	0
chm/windows-ce-5.0/wcemshtml5/workshop/browser/mshtml/reference/ifaces/hrelement	6	5	0	5	0	5	0
chm/windows-ce-5.0/wcemshtml5/workshop/browser/mshtml/reference/ifaces/htmlelement	2	1	0	1	0	1	0
chm/windows-ce-5.0/wcemshtml5/workshop/browser/mshtml/reference/ifaces/icssfilter	1	0	0	0	0	0	0
chm/windows-ce-5.0/wcemshtml5/workshop/browser/mshtml/reference/ifaces/icssfiltersite	1	0	0	0	0	0	0
chm/windows-ce-5.0/wcemshtml5/workshop/browser/mshtml/reference/ifaces/iframeelement	4	3	0	3	0	3	0
chm/windows-ce-5.0/wcemshtml5/workshop/browser/mshtml/reference/ifaces/ihtmlelement	57	55	0	56	0	57	0
chm/windows-ce-5.0/wcemshtml5/workshop/browser/mshtml/reference/ifaces/ihtmlelementrender	3	2	0	2	0	2	0
chm/windows-ce-5.0/wcemshtml5/workshop/browser/mshtml/reference/ifaces/imageelementfactory	2	1	0	1	0	1	0
chm/windows-ce-5.0/wcemshtml5/workshop/browser/mshtml/reference/ifaces/imeservices	2	1	0	1	0	1	0
chm/windows-ce-5.0/wcemshtml5/workshop/browser/mshtml/reference/ifaces/imgelement	30	26	0	29	0	31	0
chm/windows-ce-5.0/wcemshtml5/workshop/browser/mshtml/reference/ifaces/imgelement2	2	1	0	1	0	1	0
chm/windows-ce-5.0/wcemshtml5/workshop/browser/mshtml/reference/ifaces/inputbuttonelement	8	6	0	7	0	8	0
chm/windows-ce-5.0/wcemshtml5/workshop/browser/mshtml/reference/ifaces/inputelement	36	32	0	35	0	37	0
chm/windows-ce-5.0/wcemshtml5/workshop/browser/mshtml/reference/ifaces/inputelement2	3	2	0	2	0	2	0
chm/windows-ce-5.0/wcemshtml5/workshop/browser/mshtml/reference/ifaces/inputfileelement	12	10	0	11	0	12	0
chm/windows-ce-5.0/wcemshtml5/workshop/browser/mshtml/reference/ifaces/inputhiddenelement	8	6	0	7	0	8	0
chm/windows-ce-5.0/wcemshtml5/workshop/browser/mshtml/reference/ifaces/inputimage	22	19	0	21	0	22	0
chm/windows-ce-5.0/wcemshtml5/workshop/browser/mshtml/reference/ifaces/inputtextelement	15	13	0	14	0	15	0
chm/windows-ce-5.0/wcemshtml5/workshop/browser/mshtml/reference/ifaces/iomhistory	5	4	0	4	0	4	0
chm/windows-ce-5.0/wcemshtml5/workshop/browser/mshtml/reference/ifaces/iomnavigator	21	17	0	19	0	22	0
chm/windows-ce-5.0/wcemshtml5/workshop/browser/mshtml/reference/ifaces/isindexelement	3	2	0	2	0	2	0
chm/windows-ce-5.0/wcemshtml5/workshop/browser/mshtml/reference/ifaces/isindexelement2	2	1	0	1	0	1	0
chm/windows-ce-5.0/wcemshtml5/workshop/browser/mshtml/reference/ifaces/labelelement	3	2	0	2	0	2	0
chm/windows-ce-5.0/wcemshtml5/workshop/browser/mshtml/reference/ifaces/labelelement2	2	1	0	1	0	1	0
chm/windows-ce-5.0/wcemshtml5/workshop/browser/mshtml/reference/ifaces/legendelement	2	1	0	1	0	1	0
chm/windows-ce-5.0/wcemshtml5/workshop/browser/mshtml/reference/ifaces/legendelement2	2	1	0	1	0	1	0
chm/windows-ce-5.0/wcemshtml5/workshop/browser/mshtml/reference/ifaces/lielement	3	2	0	2	0	2	0
chm/windows-ce-5.0/wcemshtml5/workshop/browser/mshtml/reference/ifaces/lineinfo	6	5	0	5	0	5	0
chm/windows-ce-5.0/wcemshtml5/workshop/browser/mshtml/reference/ifaces/linkelement	12	11	0	11	0	11	0
chm/windows-ce-5.0/wcemshtml5/workshop/browser/mshtml/reference/ifaces/linkelement2	2	1	0	1	0	1	0
chm/windows-ce-5.0/wcemshtml5/workshop/browser/mshtml/reference/ifaces/linkelement3	3	2	0	2	0	2	0
chm/windows-ce-5.0/wcemshtml5/workshop/browser/mshtml/reference/ifaces/listelement2	2	1	0	1	0	1	0
chm/windows-ce-5.0/wcemshtml5/workshop/browser/mshtml/reference/ifaces/location	13	12	0	12	0	12	0
chm/windows-ce-5.0/wcemshtml5/workshop/browser/mshtml/reference/ifaces/mapelement	3	1	0	2	0	3	0
chm/windows-ce-5.0/wcemshtml5/workshop/browser/mshtml/reference/ifaces/markupcontainer	2	1	0	1	0	1	0
chm/windows-ce-5.0/wcemshtml5/workshop/browser/mshtml/reference/ifaces/markupcontainer2	7	6	0	6	0	6	0
chm/windows-ce-5.0/wcemshtml5/workshop/browser/mshtml/reference/ifaces/markuppointer	22	21	0	21	0	21	0
chm/windows-ce-5.0/wcemshtml5/workshop/browser/mshtml/reference/ifaces/markuppointer2	7	6	0	6	0	6	0
chm/windows-ce-5.0/wcemshtml5/workshop/browser/mshtml/reference/ifaces/markupservices	20	19	0	19	0	19	0
chm/windows-ce-5.0/wcemshtml5/workshop/browser/mshtml/reference/ifaces/markupservices2	4	3	0	3	0	3	0
chm/windows-ce-5.0/wcemshtml5/workshop/browser/mshtml/reference/ifaces/markuptextfrags	6	5	0	5	0	5	0
chm/windows-ce-5.0/wcemshtml5/workshop/browser/mshtml/reference/ifaces/marqueeelement	17	16	0	16	0	16	0
chm/windows-ce-5.0/wcemshtml5/workshop/browser/mshtml/reference/ifaces/metaelement	6	5	0	5	0	5	0
chm/windows-ce-5.0/wcemshtml5/workshop/browser/mshtml/reference/ifaces/metaelement2	2	1	0	1	0	1	0
chm/windows-ce-5.0/wcemshtml5/workshop/browser/mshtml/reference/ifaces/mimetypescollection	2	1	0	1	0	1	0
chm/windows-ce-5.0/wcemshtml5/workshop/browser/mshtml/reference/ifaces/modelessinit	5	0	0	0	0	0	0
chm/windows-ce-5.0/wcemshtml5/workshop/browser/mshtml/reference/ifaces/namespace	9	6	0	7	0	7	0
chm/windows-ce-5.0/wcemshtml5/workshop/browser/mshtml/reference/ifaces/namespacecollection	4	2	0	3	0	4	0
chm/windows-ce-5.0/wcemshtml5/workshop/browser/mshtml/reference/ifaces/nextidelement	2	1	0	1	0	1	0
chm/windows-ce-5.0/wcemshtml5/workshop/browser/mshtml/reference/ifaces/objectelement	21	19	0	20	0	21	0
chm/windows-ce-5.0/wcemshtml5/workshop/browser/mshtml/reference/ifaces/objectelement2	4	3	0	3	0	3	0
chm/windows-ce-5.0/wcemshtml5/workshop/browser/mshtml/reference/ifaces/objectelement3	7	6	0	6	0	6	0
chm/windows-ce-5.0/wcemshtml5/workshop/browser/mshtml/reference/ifaces/olistelement	4	3	0	3	0	3	0
chm/windows-ce-5.0/wcemshtml5/workshop/browser/mshtml/reference/ifaces/opsprofile	10	4	0	4	0	4	0
chm/windows-ce-5.0/wcemshtml5/workshop/browser/mshtml/reference/ifaces/optionbuttonelement	11	9	0	10	0	11	0
chm/windows-ce-5.0/wcemshtml5/workshop/browser/mshtml/reference/ifaces/optionelement	7	6	0	6	0	6	0
chm/windows-ce-5.0/wcemshtml5/workshop/browser/mshtml/reference/ifaces/optionelement3	2	1	0	1	0	1	0
chm/windows-ce-5.0/wcemshtml5/workshop/browser/mshtml/reference/ifaces/optionelementfactory	2	1	0	1	0	1	0
chm/windows-ce-5.0/wcemshtml5/workshop/browser/mshtml/reference/ifaces/optionsholder	19	15	0	15	0	15	0
chm/windows-ce-5.0/wcemshtml5/workshop/browser/mshtml/reference/ifaces/painter	5	4	0	4	0	4	0
chm/windows-ce-5.0/wcemshtml5/workshop/browser/mshtml/reference/ifaces/paintereventinfo	5	4	0	4	0	4	0
chm/windows-ce-5.0/wcemshtml5/workshop/browser/mshtml/reference/ifaces/painteroverlay	2	1	0	1	0	1	0
chm/windows-ce-5.0/wcemshtml5/workshop/browser/mshtml/reference/ifaces/paintsite	8	7	0	7	0	7	0
chm/windows-ce-5.0/wcemshtml5/workshop/browser/mshtml/reference/ifaces/paraelement	2	1	0	1	0	1	0
chm/windows-ce-5.0/wcemshtml5/workshop/browser/mshtml/reference/ifaces/paramelement	5	4	0	4	0	4	0
chm/windows-ce-5.0/wcemshtml5/workshop/browser/mshtml/reference/ifaces/phraseelement2	3	2	0	2	0	2	0
chm/windows-ce-5.0/wcemshtml5/workshop/browser/mshtml/reference/ifaces/pluginscollection	3	2	0	2	0	2	0
chm/windows-ce-5.0/wcemshtml5/workshop/browser/mshtml/reference/ifaces/popup	5	3	0	4	0	5	0
chm/windows-ce-5.0/wcemshtml5/workshop/browser/mshtml/reference/ifaces/rect	5	4	0	4	0	4	0
chm/windows-ce-5.0/wcemshtml5/workshop/browser/mshtml/reference/ifaces/rectcollection	4	2	0	3	0	4	0
chm/windows-ce-5.0/wcemshtml5/workshop/browser/mshtml/reference/ifaces/renderstyle	10	8	0	8	0	8	0
chm/windows-ce-5.0/wcemshtml5/workshop/browser/mshtml/reference/ifaces/rulestyle	84	83	0	83	0	83	0
chm/windows-ce-5.0/wcemshtml5/workshop/browser/mshtml/reference/ifaces/rulestyle2	31	28	0	28	0	28	0
chm/windows-ce-5.0/wcemshtml5/workshop/browser/mshtml/reference/ifaces/rulestyle3	16	15	0	15	0	15	0
chm/windows-ce-5.0/wcemshtml5/workshop/browser/mshtml/reference/ifaces/rulestyle4	3	2	0	2	0	2	0
chm/windows-ce-5.0/wcemshtml5/workshop/browser/mshtml/reference/ifaces/screen	9	8	0	8	0	8	0
chm/windows-ce-5.0/wcemshtml5/workshop/browser/mshtml/reference/ifaces/screen2	5	4	0	4	0	4	0
chm/windows-ce-5.0/wcemshtml5/workshop/browser/mshtml/reference/ifaces/scriptelement	9	8	0	8	0	8	0
chm/windows-ce-5.0/wcemshtml5/workshop/browser/mshtml/reference/ifaces/scriptelement2	2	1	0	1	0	1	0
chm/windows-ce-5.0/wcemshtml5/workshop/browser/mshtml/reference/ifaces/segment	2	1	0	1	0	1	0
chm/windows-ce-5.0/wcemshtml5/workshop/browser/mshtml/reference/ifaces/segmentlist	4	3	0	3	0	3	0
chm/windows-ce-5.0/wcemshtml5/workshop/browser/mshtml/reference/ifaces/segmentlistiterator	5	4	0	4	0	4	0
chm/windows-ce-5.0/wcemshtml5/workshop/browser/mshtml/reference/ifaces/selectelement	17	14	0	16	0	18	0
chm/windows-ce-5.0/wcemshtml5/workshop/browser/mshtml/reference/ifaces/selectelement2	2	1	0	1	0	1	0
chm/windows-ce-5.0/wcemshtml5/workshop/browser/mshtml/reference/ifaces/selectelement4	2	1	0	1	0	1	0
chm/windows-ce-5.0/wcemshtml5/workshop/browser/mshtml/reference/ifaces/selectionobject	5	4	0	4	0	4	0
chm/windows-ce-5.0/wcemshtml5/workshop/browser/mshtml/reference/ifaces/selectionobject2	3	2	0	2	0	2	0
chm/windows-ce-5.0/wcemshtml5/workshop/browser/mshtml/reference/ifaces/selectionservices	7	6	0	6	0	6	0
chm/windows-ce-5.0/wcemshtml5/workshop/browser/mshtml/reference/ifaces/selectionserviceslistener	6	5	0	5	0	5	0
chm/windows-ce-5.0/wcemshtml5/workshop/browser/mshtml/reference/ifaces/spanflow	2	1	0	1	0	1	0
chm/windows-ce-5.0/wcemshtml5/workshop/browser/mshtml/reference/ifaces/style	93	92	0	92	0	92	0
chm/windows-ce-5.0/wcemshtml5/workshop/browser/mshtml/reference/ifaces/style2	34	30	0	31	0	33	0
chm/windows-ce-5.0/wcemshtml5/workshop/browser/mshtml/reference/ifaces/style3	16	15	0	15	0	15	0
chm/windows-ce-5.0/wcemshtml5/workshop/browser/mshtml/reference/ifaces/style4	3	2	0	2	0	2	0
chm/windows-ce-5.0/wcemshtml5/workshop/browser/mshtml/reference/ifaces/styleelement	9	8	0	8	0	8	0
chm/windows-ce-5.0/wcemshtml5/workshop/browser/mshtml/reference/ifaces/stylefontface	2	0	0	0	0	0	0
chm/windows-ce-5.0/wcemshtml5/workshop/browser/mshtml/reference/ifaces/stylesheet	17	16	0	16	0	16	0
chm/windows-ce-5.0/wcemshtml5/workshop/browser/mshtml/reference/ifaces/stylesheet2	3	2	0	2	0	2	0
chm/windows-ce-5.0/wcemshtml5/workshop/browser/mshtml/reference/ifaces/stylesheetpage	3	2	0	2	0	2	0
chm/windows-ce-5.0/wcemshtml5/workshop/browser/mshtml/reference/ifaces/stylesheetpagescollection	3	2	0	2	0	2	0
chm/windows-ce-5.0/wcemshtml5/workshop/browser/mshtml/reference/ifaces/stylesheetrule	4	3	0	3	0	3	0
chm/windows-ce-5.0/wcemshtml5/workshop/browser/mshtml/reference/ifaces/stylesheetrulescoll	3	2	0	2	0	2	0
chm/windows-ce-5.0/wcemshtml5/workshop/browser/mshtml/reference/ifaces/stylesheetscollection	4	2	0	3	0	4	0
chm/windows-ce-5.0/wcemshtml5/workshop/browser/mshtml/reference/ifaces/submitdata	4	3	0	3	0	3	0
chm/windows-ce-5.0/wcemshtml5/workshop/browser/mshtml/reference/ifaces/table	34	33	0	33	0	33	0
chm/windows-ce-5.0/wcemshtml5/workshop/browser/mshtml/reference/ifaces/table2	5	4	0	4	0	4	0
chm/windows-ce-5.0/wcemshtml5/workshop/browser/mshtml/reference/ifaces/table3	2	1	0	1	0	1	0
chm/windows-ce-5.0/wcemshtml5/workshop/browser/mshtml/reference/ifaces/tablecaption	3	2	0	2	0	2	0
chm/windows-ce-5.0/wcemshtml5/workshop/browser/mshtml/reference/ifaces/tablecell	14	13	0	13	0	13	0
chm/windows-ce-5.0/wcemshtml5/workshop/browser/mshtml/reference/ifaces/tablecell2	7	6	0	6	0	6	0
chm/windows-ce-5.0/wcemshtml5/workshop/browser/mshtml/reference/ifaces/tablecol	5	4	0	4	0	4	0
chm/windows-ce-5.0/wcemshtml5/workshop/browser/mshtml/reference/ifaces/tablecol2	3	2	0	2	0	2	0
chm/windows-ce-5.0/wcemshtml5/workshop/browser/mshtml/reference/ifaces/tablerow	12	11	0	11	0	11	0
chm/windows-ce-5.0/wcemshtml5/workshop/browser/mshtml/reference/ifaces/tablerow2	2	1	0	1	0	1	0
chm/windows-ce-5.0/wcemshtml5/workshop/browser/mshtml/reference/ifaces/tablerow3	3	2	0	2	0	2	0
chm/windows-ce-5.0/wcemshtml5/workshop/browser/mshtml/reference/ifaces/tablerowmetrics	5	4	0	4	0	4	0
chm/windows-ce-5.0/wcemshtml5/workshop/browser/mshtml/reference/ifaces/tablesection	7	6	0	6	0	6	0
chm/windows-ce-5.0/wcemshtml5/workshop/browser/mshtml/reference/ifaces/tablesection2	2	1	0	1	0	1	0
chm/windows-ce-5.0/wcemshtml5/workshop/browser/mshtml/reference/ifaces/tablesection3	3	2	0	2	0	2	0
chm/windows-ce-5.0/wcemshtml5/workshop/browser/mshtml/reference/ifaces/textareaelement	16	14	0	15	0	16	0
chm/windows-ce-5.0/wcemshtml5/workshop/browser/mshtml/reference/ifaces/textcontainer	7	6	0	6	0	6	0
chm/windows-ce-5.0/wcemshtml5/workshop/browser/mshtml/reference/ifaces/textelement	1	0	0	0	0	0	0
chm/windows-ce-5.0/wcemshtml5/workshop/browser/mshtml/reference/ifaces/textrangemetrics	7	6	0	6	0	6	0
chm/windows-ce-5.0/wcemshtml5/workshop/browser/mshtml/reference/ifaces/textrangemetrics2	3	2	0	2	0	2	0
chm/windows-ce-5.0/wcemshtml5/workshop/browser/mshtml/reference/ifaces/titleelement	2	1	0	1	0	1	0
chm/windows-ce-5.0/wcemshtml5/workshop/browser/mshtml/reference/ifaces/txtrange	30	27	0	29	0	29	0
chm/windows-ce-5.0/wcemshtml5/workshop/browser/mshtml/reference/ifaces/txtrangecollection	4	2	0	3	0	4	0
chm/windows-ce-5.0/wcemshtml5/workshop/browser/mshtml/reference/ifaces/ulistelement	3	2	0	2	0	2	0
chm/windows-ce-5.0/wcemshtml5/workshop/browser/mshtml/reference/ifaces/uniquename	3	2	0	2	0	2	0
chm/windows-ce-5.0/wcemshtml5/workshop/browser/mshtml/reference/ifaces/urncollection	3	2	0	2	0	2	0
chm/windows-ce-5.0/wcemshtml5/workshop/browser/mshtml/reference/ifaces/window2	55	54	0	54	0	54	0
chm/windows-ce-5.0/wcemshtml5/workshop/browser/mshtml/reference/ifaces/window3	12	11	0	11	0	11	0
chm/windows-ce-5.0/wcemshtml5/workshop/browser/mshtml/reference/ifaces/window4	3	1	0	2	0	3	0
chm/windows-ce-5.0/wcemshtml5/workshop/browser/mshtml/reference/structs	4	0	0	3	0	3	0
chm/windows-ce-5.0/wcemshtml5/workshop/browser/timer	1	0	0	0	0	0	0
chm/windows-ce-5.0/wcemshtml5/workshop/browser/timer/reference/ifaces/itimer	5	4	0	4	0	4	0
chm/windows-ce-5.0/wcemshtml5/workshop/browser/timer/reference/ifaces/itimerservice	4	3	0	3	0	3	0
chm/windows-ce-5.0/wcemshtml5/workshop/browser/timer/reference/ifaces/itimersink	2	1	0	1	0	1	0
chm/windows-ce-5.0/wcemsmq5/html	251	142	135	144	358	158	12
chm/windows-ce-5.0/wcemui5/html	32	5	5	8	15	9	0
chm/windows-ce-5.0/wcemultimon5/html	28	8	8	11	22	17	1
chm/windows-ce-5.0/wcenetapi5/html	14	6	6	6	16	6	6
chm/windows-ce-5.0/wcenetlog5/html	7	2	0	0	0	0	0
chm/windows-ce-5.0/wcenetui5/html	33	25	25	25	69	25	0
chm/windows-ce-5.0/wcenetutils5/html	12	6	0	0	0	0	1
chm/windows-ce-5.0/wcenls5/html	61	38	38	39	108	45	2
chm/windows-ce-5.0/wceobex5/html	89	56	54	52	158	62	1
chm/windows-ce-5.0/wceoverview5/html	1	0	0	0	0	0	0
chm/windows-ce-5.0/wcep2p5/html	58	26	26	31	78	32	0
chm/windows-ce-5.0/wcepcauthentication5/html	24	5	5	3	10	3	0
chm/windows-ce-5.0/wcephoneime5/html	5	0	0	0	0	0	0
chm/windows-ce-5.0/wcepie5/html	12	0	0	2	0	7	0
chm/windows-ce-5.0/wcepoom5/html	93	55	67	61	201	210	2
chm/windows-ce-5.0/wcepppoe5/html	7	0	0	1	0	1	0
chm/windows-ce-5.0/wceprint5/html	11	8	8	8	23	8	1
chm/windows-ce-5.0/wceprintserver5/html	8	0	0	0	0	0	0
chm/windows-ce-5.0/wceras5/html	24	7	7	7	15	7	3
chm/windows-ce-5.0/wcerdp5/html	133	91	93	82	275	83	0
chm/windows-ce-5.0/wceredir5/html	42	16	16	23	43	27	12
chm/windows-ce-5.0/wceregistry5/html	18	15	15	15	45	15	21
chm/windows-ce-5.0/wceremoteconifg5/html	50	42	23	20	69	20	0
chm/windows-ce-5.0/wcertc5/html	504	424	422	360	1214	360	42
chm/windows-ce-5.0/wcesapi5/html	492	468	459	420	1292	517	0
chm/windows-ce-5.0/wceserial5/html	13	0	0	7	0	7	2
chm/windows-ce-5.0/wceservdotexe5/html	64	38	38	27	93	29	0
chm/windows-ce-5.0/wceshdocvw5/html	18	3	3	6	6	6	0
chm/windows-ce-5.0/wceshdocvw5/workshop/browser/browser/reference	1	0	0	0	0	0	0
chm/windows-ce-5.0/wceshdocvw5/workshop/browser/browser/reference/enums	2	0	0	2	0	2	0
chm/windows-ce-5.0/wceshdocvw5/workshop/browser/browser/reference/functions	3	0	0	3	0	6	0
chm/windows-ce-5.0/wceshdocvw5/workshop/browser/browser/reference/ifaces/itargetcontainer	3	2	0	2	0	2	0
chm/windows-ce-5.0/wceshdocvw5/workshop/browser/browser/reference/ifaces/itargetframe	15	6	0	6	0	6	0
chm/windows-ce-5.0/wceshdocvw5/workshop/browser/browser/reference/ifaces/itargetframe2	13	12	0	12	0	12	0
chm/windows-ce-5.0/wceshdocvw5/workshop/browser/browser/reference/ifaces/itargetnotify	3	2	0	2	0	2	0
chm/windows-ce-5.0/wceshdocvw5/workshop/browser/hosting/reference	1	0	0	0	0	0	0
chm/windows-ce-5.0/wceshdocvw5/workshop/browser/hosting/reference/enum	3	0	0	3	0	3	0
chm/windows-ce-5.0/wceshdocvw5/workshop/browser/hosting/reference/ifaces/dochostuihandler2	2	0	0	1	0	2	0
chm/windows-ce-5.0/wceshdocvw5/workshop/browser/hosting/reference/ifaces/icustomdoc	2	1	0	1	0	1	0
chm/windows-ce-5.0/wceshdocvw5/workshop/browser/hosting/reference/ifaces/idochostshowui	3	1	0	2	0	3	0
chm/windows-ce-5.0/wceshdocvw5/workshop/browser/hosting/reference/ifaces/idochostuihandler	16	12	0	15	0	18	0
chm/windows-ce-5.0/wceshdocvw5/workshop/browser/hosting/reference/ifaces/ihostdialoghelper	2	0	0	1	0	2	0
chm/windows-ce-5.0/wceshdocvw5/workshop/browser/hosting/reference/structures	1	0	0	1	0	1	0
chm/windows-ce-5.0/wceshdocvw5/workshop/browser/travellog	1	0	0	0	0	0	0
chm/windows-ce-5.0/wceshdocvw5/workshop/browser/travellog/reference/enums	2	0	0	1	0	1	0
chm/windows-ce-5.0/wceshdocvw5/workshop/browser/travellog/reference/ifaces	1	0	0	0	0	0	0
chm/windows-ce-5.0/wceshdocvw5/workshop/browser/travellog/reference/ifaces/ienumtravellogentry	5	4	0	4	0	4	0
chm/windows-ce-5.0/wceshdocvw5/workshop/browser/travellog/reference/ifaces/itravellogentry	3	2	0	2	0	2	0
chm/windows-ce-5.0/wceshdocvw5/workshop/browser/travellog/reference/ifaces/itravellogstg	8	6	0	6	0	6	0
chm/windows-ce-5.0/wceshdocvw5/workshop/browser/webbrowser	1	0	0	0	0	0	0
chm/windows-ce-5.0/wceshdocvw5/workshop/browser/webbrowser/reference/constants	2	0	0	0	0	0	0
chm/windows-ce-5.0/wceshdocvw5/workshop/browser/webbrowser/reference/enums	6	0	0	5	0	5	0
chm/windows-ce-5.0/wceshdocvw5/workshop/browser/webbrowser/reference/ifaces/dwebbrowserevents	15	0	0	11	0	11	0
chm/windows-ce-5.0/wceshdocvw5/workshop/browser/webbrowser/reference/ifaces/dwebbrowserevents2	33	0	0	31	0	32	0
chm/windows-ce-5.0/wceshdocvw5/workshop/browser/webbrowser/reference/ifaces/iwebbrowser2	48	47	0	47	0	47	0
chm/windows-ce-5.0/wcesmartcard5/html	59	31	31	31	90	33	0
chm/windows-ce-5.0/wcesnmp5/html	103	43	42	51	120	60	5
chm/windows-ce-5.0/wcesoap5/html	166	53	129	114	387	115	2
chm/windows-ce-5.0/wcestoragemgr5/html	30	27	27	27	76	27	0
chm/windows-ce-5.0/wcestylus5/html	23	6	6	6	12	6	0
chm/windows-ce-5.0/wcesystempassword5/html	8	6	6	6	14	6	0
chm/windows-ce-5.0/wcetapi5/html	356	307	305	250	784	257	4
chm/windows-ce-5.0/wcetcpip5/html	236	131	128	141	324	143	23
chm/windows-ce-5.0/wcetelnet5/html	9	0	0	1	0	3	1
chm/windows-ce-5.0/wcetui5/html	49	6	0	3	0	3	0
chm/windows-ce-5.0/wcetvlens5/html	27	14	14	12	41	12	1
chm/windows-ce-5.0/wceui5/html	2518	1954	1931	1978	4296	2102	107
chm/windows-ce-5.0/wceuniscribe5/html	63	45	45	45	121	47	0
chm/windows-ce-5.0/wceunisdk5/html	2	0	0	0	0	0	0
chm/windows-ce-5.0/wceupnp5/html	316	238	241	214	866	217	0
chm/windows-ce-5.0/wceurlmon5/html	211	164	170	142	483	143	0
chm/windows-ce-5.0/wcevail5/html	184	147	146	128	427	128	1
chm/windows-ce-5.0/wcevbscript5/html	8	1	0	1	0	1	1
chm/windows-ce-5.0/wcevpn5/html	10	1	0	1	0	1	1
chm/windows-ce-5.0/wcewave5/html	115	76	76	78	201	81	8
dotnet/dotnet-compact-framework	852	0	0	636	0	2135	0
dotnet/dotnet-micro-framework	4012	0	0	1835	0	6535	3
dotnet/pos-for-net	5793	0	0	5067	0	23157	0
kb/165	1	0	0	0	0	0	0
kb/169	1	0	0	0	0	0	0
kb/172	1	0	0	1	0	1	0
kb/173	1	0	0	1	0	1	0
kb/174	1	0	0	0	0	0	0
kb/176	1	0	0	1	0	1	0
kb/177	3	0	0	1	0	1	2
kb/180	26	0	0	23	0	23	3
kb/181	4	0	0	3	0	3	2
kb/183	4	0	0	4	0	4	1
kb/184	1	0	0	0	0	0	1
kb/185	3	0	0	2	0	2	1
kb/186	2	0	0	1	0	1	2
kb/187	3	0	0	0	0	0	0
kb/189	5	0	0	0	0	0	2
kb/190	5	0	0	4	0	4	1
kb/191	3	0	0	3	0	3	1
kb/192	10	0	0	5	0	5	6
kb/193	3	0	0	0	0	0	2
kb/194	3	0	0	2	0	2	2
kb/195	4	0	0	1	0	1	0
kb/196	3	0	0	1	0	1	0
kb/199	1	0	0	0	0	0	0
kb/202	1	0	0	0	0	0	1
kb/206	1	0	0	0	0	0	0
kb/207	2	0	0	1	0	1	1
kb/208	5	0	0	4	0	4	2
kb/209	7	0	0	5	0	5	0
kb/212	1	0	0	0	0	0	0
kb/214	1	0	0	1	0	1	0
kb/215	21	0	0	13	0	13	2
kb/216	1	0	0	1	0	1	0
kb/217	1	0	0	0	0	0	0
kb/218	2	0	0	1	0	1	1
kb/219	1	0	0	0	0	0	0
kb/220	2	0	0	0	0	0	1
kb/221	2	0	0	0	0	0	0
kb/222	2	0	0	2	0	2	0
kb/224	1	0	0	0	0	0	0
kb/229	1	0	0	1	0	1	0
kb/230	1	0	0	1	0	1	0
kb/231	1	0	0	1	0	1	1
kb/232	3	0	0	2	0	2	0
kb/234	4	0	0	3	0	3	0
kb/235	2	0	0	1	0	1	4
kb/236	1	0	0	1	0	1	0
kb/238	6	0	0	2	0	2	0
kb/239	1	0	0	0	0	0	0
kb/240	4	0	0	1	0	1	2
kb/241	5	0	0	2	0	2	2
kb/242	2	0	0	1	0	1	0
kb/243	2	0	0	1	0	1	0
kb/245	2	0	0	1	0	1	2
kb/246	1	0	0	1	0	1	0
kb/247	5	0	0	2	0	2	1
kb/248	1	0	0	1	0	1	0
kb/249	1	0	0	0	0	0	0
kb/250	4	0	0	3	0	3	0
kb/252	1	0	0	0	0	0	0
kb/253	3	0	0	3	0	3	0
kb/254	5	0	0	4	0	4	0
kb/255	1	0	0	1	0	1	0
kb/259	1	0	0	1	0	1	0
kb/260	2	0	0	2	0	2	1
kb/262	2	0	0	1	0	1	0
kb/263	2	0	0	1	0	1	0
kb/264	1	0	0	0	0	0	0
kb/265	7	0	0	4	0	4	1
kb/266	3	0	0	0	0	0	1
kb/268	1	0	0	0	0	0	0
kb/269	2	0	0	1	0	1	1
kb/270	1	0	0	1	0	1	0
kb/271	6	0	0	4	0	4	2
kb/272	1	0	0	0	0	0	0
kb/273	1	0	0	0	0	0	0
kb/275	3	0	0	3	0	3	0
kb/285	1	0	0	1	0	1	1
kb/286	1	0	0	0	0	0	0
kb/291	1	0	0	1	0	1	0
kb/296	2	0	0	0	0	0	0
kb/297	1	0	0	1	0	1	1
kb/299	1	0	0	0	0	0	0
kb/301	6	0	0	1	0	1	1
kb/303	1	0	0	1	0	1	0
kb/304	1	0	0	0	0	0	0
kb/306	2	0	0	0	0	0	0
kb/312	1	0	0	0	0	0	0
kb/314	1	0	0	0	0	0	1
kb/315	1	0	0	1	0	1	0
kb/316	1	0	0	1	0	1	0
kb/317	1	0	0	1	0	1	0
kb/319	3	0	0	1	0	1	1
kb/322	1	0	0	0	0	0	0
kb/323	1	0	0	0	0	0	0
learn/unclassified	413	325	304	280	657	293	2
learn/windows-ce-5.0	24694	14683	14719	15063	36272	17281	930
learn/windows-ce-net-4x	8969	6535	6512	6327	16626	7164	336
learn/windows-embedded-ce-6.0	23714	16590	16701	16739	40726	18887	787
learn/windows-embedded-compact-7	256	0	0	165	0	495	0
msdn-library/2010-05/dotnet-compact-framework	60	0	0	56	0	226	2
msdn-library/2010-05/windows-ce-5.0	101	101	101	101	263	103	0
msdn-library/datadungeon-2000-04/_toc	1103	0	0	0	0	0	2
msdn-library/datadungeon-2000-04/adoce/htm	95	45	0	35	0	42	2
msdn-library/datadungeon-2000-04/mobchan/htm	75	28	0	29	0	47	0
msdn-library/datadungeon-2000-04/vbce	794	593	0	249	0	274	7
msdn-library/datadungeon-2000-04/vcce	31	1	0	1	0	2	3
msdn-library/datadungeon-2000-04/wceapc/htm	414	405	0	337	0	344	0
msdn-library/datadungeon-2000-04/wceatl/htm	269	228	0	1	0	1	26
msdn-library/datadungeon-2000-04/wcecomm/htm	88	1	0	17	0	29	11
msdn-library/datadungeon-2000-04/wcecore/htm	17	2	0	8	0	19	5
msdn-library/datadungeon-2000-04/wceddk	5	0	0	0	0	0	1
msdn-library/datadungeon-2000-04/wceglob/htm	1	0	0	0	0	0	0
msdn-library/datadungeon-2000-04/wcegloss/htm	26	25	0	0	0	0	5
msdn-library/datadungeon-2000-04/wceintro/htm	5	0	0	0	0	0	0
msdn-library/datadungeon-2000-04/wcemfc	1	0	0	0	0	0	0
msdn-library/datadungeon-2000-04/wcesdkr/htm	1	0	0	0	0	0	0
msdn-library/datadungeon-2000-04/wcesvcs/htm	3	0	0	0	0	0	0
msdn-library/datadungeon-2000-04/wceui/htm	3	0	0	0	0	0	0
msdn-library/techshelps/CEGUIDE/devdoc/good/wince	973	519	465	516	1598	550	88
msdn-library/techshelps/DNEMBED/html	86	7	0	23	0	56	0
msdn-library/techshelps/VBCE	672	504	0	194	0	210	16
msdn-library/techshelps/VCCE	105	4	0	3	0	4	1
msdn-library/techshelps/WCEATL	744	632	632	556	1264	556	6
msdn-library/techshelps/WCEDDK	339	253	147	237	423	240	4
msdn-library/techshelps/WCEMFC	2246	1957	1985	1732	3965	1734	70
msdn-library/wcedevcon-99/wceapc	995	876	0	811	0	841	6
msdn-library/wcedevcon-99/wcecomm/htm	244	7	0	59	0	79	13
msdn-library/wcedevcon-99/wcecore/htm	91	2	0	23	0	42	11
msdn-library/wcedevcon-99/wceddk	741	550	166	450	333	461	11
msdn-library/wcedevcon-99/wceglob/htm	22	0	0	2	0	2	0
msdn-library/wcedevcon-99/wcegloss/htm	24	24	0	0	0	0	5
msdn-library/wcedevcon-99/wcehpc	143	50	43	46	129	47	3
msdn-library/wcedevcon-99/wceintro/htm	6	0	0	0	0	0	0
msdn-library/wcedevcon-99/wcelib	1	0	0	0	0	0	0
msdn-library/wcedevcon-99/wceppc	70	22	21	27	44	32	1
msdn-library/wcedevcon-99/wcesdkg	456	28	0	89	0	209	45
msdn-library/wcedevcon-99/wcesdkr	3315	2960	2975	2933	6307	3100	209
msdn-library/wcedevcon-99/wcesvcs/htm	86	12	0	27	0	42	3
msdn-library/wcedevcon-99/wceui/htm	188	1	0	45	0	61	30
msdn-library/windows-mobile-6.5	34	27	27	27	102	36	0
mvb/windows-ce-1.0/PEGDDK	181	42	0	20	0	29	1
mvb/windows-ce-1.0/PEGSDK	1918	1470	0	268	0	429	196
mvb/windows-ce-1.0/RELNOTES	4	0	0	0	0	0	0
mvb/windows-ce-2.0-sdk/MPLATSDK.20	1	1	0	0	0	0	4
mvb/windows-ce-2.0-sdk/WINDBG	291	29	0	13	0	18	0
oss/openssl	1	0	0	0	0	0	1
oss/qt	8	0	0	0	0	0	8
oss/sdl	1	0	0	0	0	0	1
oss/wxwidgets	1	0	0	0	0	0	1
site/windows-ce-2.0	1	0	0	0	0	0	0
site/windows-ce-2.0/embedded	1	0	0	0	0	0	0
site/windows-ce-2.0/prodinfo	10	0	0	0	0	0	2
site/windows-ce-2.0/technical	8	0	0	0	0	0	16
site/windows-ce-4.2	2	0	0	1	0	2	12
site/windows-ce-5.0	2	0	0	1	0	5	12
site/windows-ce-6.0	1	0	0	1	0	19	16
win32/api/af_irda	1	1	1	0	5	0	0
win32/api/amvideo	38	38	38	11	142	13	0
win32/api/audiomediatype	1	1	1	0	3	0	0
win32/api/aviriff	1	1	1	0	3	0	0
win32/api/bthsdpdef	3	3	3	0	9	0	0
win32/api/cchannel	6	6	6	0	14	0	0
win32/api/combaseapi	63	63	63	1	306	1	0
win32/api/comcat	14	14	14	0	28	0	0
win32/api/coml2api	8	8	8	0	40	0	0
win32/api/commctrl	336	336	336	215	970	217	0
win32/api/commdlg	28	28	28	0	125	0	0
win32/api/commoncontrols	2	2	2	0	8	0	0
win32/api/control	102	102	102	3	408	3	0
win32/api/cpl	3	3	3	0	12	0	0
win32/api/datetimeapi	4	4	4	0	20	0	0
win32/api/ddraw	33	33	33	4	128	4	0
win32/api/ddrawi	2	2	2	0	10	0	0
win32/api/debugapi	9	9	9	0	47	0	0
win32/api/dimm	2	2	2	2	12	4	0
win32/api/dmodshow	1	1	1	0	3	0	0
win32/api/dmoimpl	5	5	5	0	20	0	0
win32/api/dmoreg	8	8	8	1	33	1	0
win32/api/dmort	6	6	6	0	30	0	0
win32/api/docobj	3	3	3	0	6	0	0
win32/api/dpa_dsa	2	2	2	1	6	1	0
win32/api/dpapi	2	2	2	2	8	2	0
win32/api/dsgetdc	4	4	4	0	20	0	0
win32/api/dsrole	3	3	3	0	12	0	0
win32/api/dvdmedia	2	2	2	1	6	4	0
win32/api/dvp	4	4	4	0	20	0	0
win32/api/errhandlingapi	5	5	5	0	25	0	0
win32/api/errorrep	1	1	1	0	4	0	0
win32/api/errors	2	2	2	0	6	0	0
win32/api/fileapi	47	47	47	0	265	0	0
win32/api/gdiplusenums	2	2	2	0	6	0	0
win32/api/gdiplusheaders	1	1	1	0	2	0	0
win32/api/gdiplusimaging	8	8	8	1	29	1	0
win32/api/gdipluspixelformats	1	1	1	0	3	0	0
win32/api/gdiplusstringformat	1	1	1	0	2	0	0
win32/api/gdiplustypes	3	3	3	0	6	0	0
win32/api/guiddef	1	1	1	1	6	1	0
win32/api/handleapi	2	2	2	2	10	2	0
win32/api/heapapi	9	9	9	2	45	2	0
win32/api/iaccess	7	7	7	0	14	0	0
win32/api/icm	1	1	1	0	3	0	0
win32/api/icmpapi	8	8	8	5	47	6	0
win32/api/ifdef	1	1	1	0	3	0	0
win32/api/ifmib	2	2	2	0	10	0	0
win32/api/imm	70	70	70	3	484	3	0
win32/api/immdev	70	70	70	3	484	3	0
win32/api/in6addr	1	1	1	0	6	0	1
win32/api/inaddr	1	1	1	0	6	0	0
win32/api/ioapiset	1	1	1	0	5	0	0
win32/api/ipexport	5	5	5	1	25	1	0
win32/api/iphlpapi	48	48	48	17	192	17	2
win32/api/ipmib	7	7	7	0	34	0	1
win32/api/iprtrmib	2	2	2	0	10	0	0
win32/api/iptypes	3	3	3	0	17	0	0
win32/api/libloaderapi	16	16	16	0	88	0	0
win32/api/lmapibuf	1	1	1	0	5	0	0
win32/api/mediaobj	46	46	46	1	182	1	0
win32/api/memoryapi	14	14	14	0	83	0	0
win32/api/minwinbase	17	17	17	3	94	3	0
win32/api/mmeapi	84	84	84	0	448	0	0
win32/api/mmreg	1	1	1	0	9	0	0
win32/api/mmstream	20	20	20	1	40	1	0
win32/api/mpconfig	14	14	14	0	42	0	0
win32/api/mpeg2structs	1	1	1	1	4	1	0
win32/api/msime	13	13	13	0	30	0	0
win32/api/mstcpip	1	1	1	0	2	0	0
win32/api/mswsock	1	1	1	0	6	0	0
win32/api/nspapi	14	14	14	0	86	0	0
win32/api/ntdef	2	2	2	0	7	0	0
win32/api/oaidl	156	156	156	9	347	10	1
win32/api/objbase	28	28	28	1	115	1	0
win32/api/objidl	222	222	222	1	601	1	0
win32/api/objidlbase	41	41	41	0	126	0	0
win32/api/ocidl	62	62	62	0	151	0	0
win32/api/ole	4	4	4	0	20	0	0
win32/api/ole2	11	11	11	0	48	0	0
win32/api/oleauto	226	226	226	9	904	10	0
win32/api/olectl	4	4	4	0	16	0	0
win32/api/oleidl	93	93	93	0	194	0	0
win32/api/p2p	17	17	17	0	68	0	0
win32/api/pchannel	1	1	1	0	4	0	0
win32/api/pnrpdef	4	4	4	0	13	0	0
win32/api/pnrpns	1	1	1	0	4	0	0
win32/api/processenv	2	2	2	0	18	0	0
win32/api/processthreadsapi	32	32	32	2	265	2	0
win32/api/profileapi	2	2	2	1	10	1	0
win32/api/propidl	4	4	4	1	17	1	0
win32/api/propidlbase	1	1	1	1	5	1	0
win32/api/prsht	24	24	24	18	64	18	0
win32/api/psapi	2	2	2	0	16	0	0
win32/api/qnetwork	21	21	21	0	43	0	0
win32/api/ras	34	34	34	11	168	11	0
win32/api/raseapif	12	12	12	0	36	0	0
win32/api/richedit	1	1	1	0	4	0	0
win32/api/routprot	1	1	1	0	4	0	0
win32/api/schannel	3	3	3	0	14	0	0
win32/api/secext	3	3	3	0	17	0	0
win32/api/shellapi	20	20	20	5	88	13	0
win32/api/shlobj_core	16	16	16	2	97	4	0
win32/api/shlwapi	2	2	2	0	10	0	0
win32/api/shobjidl	1	1	1	0	4	0	0
win32/api/shobjidl_core	32	32	32	4	127	8	0
win32/api/shtypes	5	5	5	2	21	4	0
win32/api/snmp	35	35	35	0	123	0	0
win32/api/sspi	44	44	44	0	246	0	0
win32/api/stringapiset	6	6	6	2	33	2	0
win32/api/strmif	271	271	271	2	1059	2	0
win32/api/strsafe	60	60	60	4	180	4	0
win32/api/synchapi	19	19	19	0	154	0	0
win32/api/sysinfoapi	10	10	10	0	52	0	0
win32/api/tapi	193	193	193	0	887	0	0
win32/api/tcpmib	1	1	1	1	5	1	0
win32/api/timeapi	6	6	6	0	32	0	0
win32/api/timezoneapi	5	5	5	0	26	0	0
win32/api/tlhelp32	23	23	23	0	97	0	0
win32/api/tspi	82	82	82	0	164	0	0
win32/api/tvout	1	1	1	0	6	0	0
win32/api/udpmib	3	3	3	0	15	0	2
win32/api/unknwn	8	8	8	1	18	1	0
win32/api/unknwnbase	2	2	2	0	6	0	0
win32/api/upnp	31	31	31	0	93	0	0
win32/api/upnphost	17	17	17	0	51	0	0
win32/api/urlmon	2	2	2	0	8	0	0
win32/api/usp10	43	43	43	2	160	4	0
win32/api/uxtheme	9	9	9	0	36	0	0
win32/api/verrsrc	1	1	1	0	4	0	0
win32/api/vpconfig	15	15	15	0	32	0	0
win32/api/vpnotify	3	3	3	0	8	0	0
win32/api/vptype	3	3	3	0	11	0	0
win32/api/winbase	65	65	65	3	343	4	0
win32/api/winber	13	13	13	0	52	0	1
win32/api/wincred	9	9	9	0	44	0	0
win32/api/wincrypt	204	204	204	31	843	33	17
win32/api/winddi	53	53	53	1	207	1	0
win32/api/windef	5	5	5	0	32	0	0
win32/api/windns	8	8	8	0	35	0	0
win32/api/windnsdef	36	36	36	0	149	0	0
win32/api/wingdi	185	185	185	21	1005	26	1
win32/api/winhttp	2	2	2	0	8	0	0
win32/api/wininet	169	169	169	0	835	0	0
win32/api/winineti	11	11	11	0	85	0	0
win32/api/winioctl	7	7	7	5	25	5	0
win32/api/winldap	212	212	212	14	1023	17	0
win32/api/winnetwk	30	30	30	4	148	4	0
win32/api/winnls	45	45	45	4	250	4	0
win32/api/winnt	23	23	23	7	102	7	1
win32/api/winperf	5	5	5	0	25	0	8
win32/api/winreg	25	25	25	0	147	0	0
win32/api/winscard	46	46	46	26	219	26	0
win32/api/winsock	36	36	36	14	194	20	30
win32/api/winsock2	94	94	94	28	455	39	54
win32/api/winternl	1	1	1	0	3	0	0
win32/api/wintrust	1	1	1	0	4	0	0
win32/api/winuser	378	378	378	20	2046	26	0
win32/api/winver	6	6	6	2	36	2	0
win32/api/wmp	93	93	93	0	276	0	0
win32/api/wmsdkidl	4	4	4	0	16	0	0
win32/api/ws2bth	1	1	1	0	4	0	0
win32/api/ws2def	8	8	8	0	42	0	1
win32/api/ws2spi	21	21	21	4	59	5	0
win32/api/ws2tcpip	6	6	6	3	23	4	0
win32/api/wsdattachment	7	7	7	0	29	0	0
win32/api/wsdbase	43	43	43	0	174	0	0
win32/api/wsdclient	38	38	38	0	154	0	0
win32/api/wsddisco	41	41	41	0	165	0	0
win32/api/wsdhost	17	17	17	0	70	0	0
win32/api/wsdtypes	58	58	58	0	229	0	0
win32/api/wsdutil	13	13	13	0	65	0	0
win32/api/wsdxml	8	8	8	0	32	0	0
win32/api/wsdxmldom	9	9	9	0	27	0	0
win32/api/wsipv6ok	4	4	4	3	24	3	1
win32/api/wtypes	2	2	2	0	6	0	0
win32/api/wtypesbase	5	5	5	0	26	0	0
