field	value	pages
dll	Windows Server 2003 and Windows XP	6
dll	Windows Vista	6
header	Developer Implemented	167
header	Developer-defined.	74
header	Developer defined.	58
header	Windows 7	48
header	Windows Server 2008  Windows Server 2008 R2	48
header	Windows Vista	41
header	Developer implemented.	16
header	Platform OAL.	12
header	Gdcfg.c.	10
header	Module:	9
header	Fwpc.c.	5
header	Cfwp2.c.	4
header	Notifext.cxx.	3
header	Usbddrv.cpp.	2
header	Kmisc.c.	2
header	Calibrat.c.	2
header	N/A.	1
header	Windows Server 2012	1
header	Notifext.cxx	1
header	Usbddrv.cpp	1
header	Ktimer.c.	1
header	Timer.c.	1
header	Schedule.c.	1
header	Dmoguids.lib	1
header	Htmlctrl.c	1
header	User-defined.	1
header	OEM-defined.	1
header	Windows 7  Windows Server 2008 R2	1
header	Platforms:	1
library	Developer Implemented	394
library	Developer-defined	202
library	none.	180
library	Developer implemented.	175
library	Implementation dependent.	74
library	Developer defined.	48
library	Developer-implemented.	28
library	Imaging.	28
library	Platform OAL.	22
library	User-defined.	21
library	none	13
library	Developer-provided.	7
library	None.	5
library	Application-defined.	4
library	Developer-defined.	4
library	None	4
library	Implemented in winnt.h.	3
library	Implemented in D3dmtypes.h.	2
library	Developer Defined.	1
library	Windows Vista	1
library	Developer Defined	1
library	Implemented in D3dmtypes.h	1
library	OEM-defined.	1
library	Windows Server 2003 and Windows XP	1
