# scope	redistribution	tracked_files	statement_file	terms
learn-tou	no	68706	sources/terms/learn-com-termsofuse-excerpt.txt	Microsoft Learn Terms of Use: personal, non-commercial use; documents "will not be copied or posted on any network computer"; the pages themselves also carry a Microsoft copyright footer
ms-media-copyright	no	23302	sources/windows-ce-4.2/release notes.htm	Documentation payload of the CE 4.2 media: no licence statement located; the release notes carry a Microsoft copyright notice only. Treated as all rights reserved.
msdn-library-copyright	no	14678	corpus/msdn-library/2010-05/dotnet-compact-framework/01c3x0ze.html	MSDN Library captures: a Microsoft copyright notice on some pages (143 of 14,678 carry one), none on most; no permission statement anywhere. Treated as all rights reserved.
ce30-internal-reference	no	8964	corpus/chm/windows-ce-3.0/CE30_Copyright.html	Retired-content notice on every page of the CE 3.0 archive: no legal rights are granted, and copying is permitted for internal, reference purposes
sdk-api-cc-by-4.0	yes	5285	sources/microsoftdocs/sdk-api/LICENSE	Creative Commons Attribution 4.0 International (documentation); the code licence of the same snapshot is MIT (LICENSE-CODE). Attribution, a link to the licence, and an indication of changes are required
kb-article-copyright	no	258	corpus/kb/165/q165539.html	Knowledge Base articles: Microsoft copyright notice, no permission statement. All rights reserved.
derived-from-sources	unclear	70	-	Derived datasets built from the corpus: no separate statement; each row names its page, and that page's terms govern the row.
project-own	unclear	68	-	Project-authored file. The repository publishes no LICENSE file, so its own licence is undecided.
site-copyright	no	25	corpus/site/windows-ce-2.0/embedded/default.html	Windows CE 2.0 CD site mirror: Microsoft copyright notice, no permission statement. All rights reserved.
qt-docs-gfdl-1.3	no	9	sources/oss-licenses/qt-gfdl-notice.txt	Qt documentation footer: GNU Free Documentation License version 1.3. Verbatim copying requires the licence, the copyright notices and the licence notice in every copy. The notice is stored; a reconstructed full licence text is not, so these copies are not offered as a GFDL redistribution.
openssl-1.0.2	yes	2	sources/oss-licenses/openssl-1.0.2u-notice.txt	OpenSSL 1.0.2u licence, read from that tag. The SSL documentation in the distribution is covered by the same terms. Redistribution requires the copyright notice and the acknowledgment; both are on the page. The library source was not collected.
sdl-wiki-cc-by-4.0	yes	2	sources/oss-licenses/sdl-wiki-cc-by-notice.txt	SDL wiki: Creative Commons Attribution 4.0 International. Sharing a modified rendering requires attribution, the licence notice, a link to the material, and an indication of the change. Those are on the page. The licence text is at https://creativecommons.org/licenses/by/4.0/.
wx-docs-licendoc	yes	2	sources/oss-licenses/wxwidgets-3.0.5-licendoc.txt	wxWindows Free Documentation Licence, Version 3, read from docs/licendoc.txt of wxWidgets 3.0.5. Verbatim copies of a piece of documentation are permitted if the copyright notice and this permission notice are preserved. Both are kept. setup.h and the library source were not collected.
mvb-third-party-notice	no	1	corpus/mvb/windows-ce-1.0/PEGSDK/AH317A.html	Hitachi/HMSI notice on the page itself: all rights reserved, no reproduction without permission, licensed free of charge and without warranty
qt-4.8-wince-lgpl	no	1	sources/oss-licenses/qt-4.8-wince-lgpl-notice.txt	Notice in Qt 4.8 qfunctions_wince.h: the file may be used under LGPL 2.1 or 3, GPL 3, or a commercial licence. The header and the implementation were not stored. The notice is not a grant to republish the source.
sdl-1.2-lgpl-2.1	no	1	sources/oss-licenses/sdl-1.2-lgpl-notice.txt	SDL 1.2 COPYING is the GNU LGPL 2.1. Reading is outside that licence; copying the source is not. The source was not stored. This file is an excerpt, not the licence document, so it is not offered as a verbatim copy of COPYING.
# totals by permission
yes	5291
no	115945
unclear	138
