project	tag	file_url	license	kind	name	in_knowledge_base	use
qt	4.8	https://raw.githubusercontent.com/qt/qt/4.8/src/corelib/kernel/qfunctions_wince.cpp	qt-4.8-wince-lgpl	called	GetFileAttributes	yes	confirm-already-documented
qt	4.8	https://raw.githubusercontent.com/qt/qt/4.8/src/corelib/kernel/qfunctions_wince.cpp	qt-4.8-wince-lgpl	called	CreateDirectory	yes	confirm-already-documented
qt	4.8	https://raw.githubusercontent.com/qt/qt/4.8/src/corelib/kernel/qfunctions_wince.cpp	qt-4.8-wince-lgpl	called	RemoveDirectory	yes	confirm-already-documented
qt	4.8	https://raw.githubusercontent.com/qt/qt/4.8/src/corelib/kernel/qfunctions_wince.cpp	qt-4.8-wince-lgpl	called	MoveFile	yes	confirm-already-documented
qt	4.8	https://raw.githubusercontent.com/qt/qt/4.8/src/corelib/kernel/qfunctions_wince.cpp	qt-4.8-wince-lgpl	called	DeleteFile	yes	confirm-already-documented
qt	4.8	https://raw.githubusercontent.com/qt/qt/4.8/src/corelib/kernel/qfunctions_wince.cpp	qt-4.8-wince-lgpl	called	FindFirstFile	yes	confirm-already-documented
qt	4.8	https://raw.githubusercontent.com/qt/qt/4.8/src/corelib/kernel/qfunctions_wince.cpp	qt-4.8-wince-lgpl	called	FindClose	yes	confirm-already-documented
qt	4.8	https://raw.githubusercontent.com/qt/qt/4.8/src/corelib/kernel/qfunctions_wince.cpp	qt-4.8-wince-lgpl	called	GetFileInformationByHandle	yes	confirm-already-documented
qt	4.8	https://raw.githubusercontent.com/qt/qt/4.8/src/corelib/kernel/qfunctions_wince.h	qt-4.8-wince-lgpl	sdk-header	kfuncs.h	yes	confirm-already-documented
qt	4.8	https://raw.githubusercontent.com/qt/qt/4.8/src/corelib/kernel/qfunctions_wince.h	qt-4.8-wince-lgpl	sdk-header	altcecrt.h	no	lead-not-a-declaration
qt	4.8	https://raw.githubusercontent.com/qt/qt/4.8/src/corelib/kernel/qfunctions_wince.h	qt-4.8-wince-lgpl	sdk-header	ceconfig.h	no	lead-not-a-declaration
qt	4.8	https://raw.githubusercontent.com/qt/qt/4.8/src/corelib/kernel/qfunctions_wince.h	qt-4.8-wince-lgpl	shim	CreateFileA	yes	shim-not-copied
qt	4.8	https://raw.githubusercontent.com/qt/qt/4.8/src/corelib/kernel/qfunctions_wince.h	qt-4.8-wince-lgpl	shim	SetWindowOrgEx	yes	shim-not-copied
qt	4.8	https://raw.githubusercontent.com/qt/qt/4.8/src/corelib/kernel/qfunctions_wince.h	qt-4.8-wince-lgpl	shim	GetThreadLocale	no	shim-not-copied
qt	4.8	https://raw.githubusercontent.com/qt/qt/4.8/src/corelib/kernel/qfunctions_wince.h	qt-4.8-wince-lgpl	shim	SetErrorMode	no	shim-not-copied
qt	4.8	https://raw.githubusercontent.com/qt/qt/4.8/src/corelib/kernel/qfunctions_wince.h	qt-4.8-wince-lgpl	shim	getenv_s	no	shim-not-copied
qt	4.8	https://raw.githubusercontent.com/qt/qt/4.8/src/corelib/kernel/qfunctions_wince.h	qt-4.8-wince-lgpl	shim	_beginthread	no	shim-not-copied
qt	4.8	https://raw.githubusercontent.com/qt/qt/4.8/src/corelib/kernel/qfunctions_wince.h	qt-4.8-wince-lgpl	shim	bsearch	no	shim-not-copied
qt	4.8	https://raw.githubusercontent.com/qt/qt/4.8/src/corelib/kernel/qfunctions_wince.h	qt-4.8-wince-lgpl	shim	_control87	no	shim-not-copied
qt	4.8	https://raw.githubusercontent.com/qt/qt/4.8/src/corelib/kernel/qfunctions_wince.h	qt-4.8-wince-lgpl	shim	calloc	yes	shim-not-copied
qt	4.8	https://raw.githubusercontent.com/qt/qt/4.8/src/corelib/kernel/qfunctions_wince.h	qt-4.8-wince-lgpl	refused	missing-definitions-not-real-values	n/a	not-recorded
sdl	1.2	https://raw.githubusercontent.com/libsdl-org/SDL-1.2/main/src/video/gapi/SDL_gapivideo.c	sdl-1.2-lgpl-2.1	dll-loaded	gx.dll	no	lead-not-a-declaration
sdl	1.2	https://raw.githubusercontent.com/libsdl-org/SDL-1.2/main/src/video/gapi/SDL_gapivideo.h	sdl-1.2-lgpl-2.1	entry-point	GXOpenDisplay	no	lead-not-a-declaration
sdl	1.2	https://raw.githubusercontent.com/libsdl-org/SDL-1.2/main/src/video/gapi/SDL_gapivideo.h	sdl-1.2-lgpl-2.1	entry-point	GXCloseDisplay	no	lead-not-a-declaration
sdl	1.2	https://raw.githubusercontent.com/libsdl-org/SDL-1.2/main/src/video/gapi/SDL_gapivideo.h	sdl-1.2-lgpl-2.1	entry-point	GXBeginDraw	no	lead-not-a-declaration
sdl	1.2	https://raw.githubusercontent.com/libsdl-org/SDL-1.2/main/src/video/gapi/SDL_gapivideo.h	sdl-1.2-lgpl-2.1	entry-point	GXEndDraw	no	lead-not-a-declaration
sdl	1.2	https://raw.githubusercontent.com/libsdl-org/SDL-1.2/main/src/video/gapi/SDL_gapivideo.h	sdl-1.2-lgpl-2.1	entry-point	GXOpenInput	no	lead-not-a-declaration
sdl	1.2	https://raw.githubusercontent.com/libsdl-org/SDL-1.2/main/src/video/gapi/SDL_gapivideo.h	sdl-1.2-lgpl-2.1	entry-point	GXCloseInput	no	lead-not-a-declaration
sdl	1.2	https://raw.githubusercontent.com/libsdl-org/SDL-1.2/main/src/video/gapi/SDL_gapivideo.h	sdl-1.2-lgpl-2.1	entry-point	GXGetDisplayProperties	no	lead-not-a-declaration
sdl	1.2	https://raw.githubusercontent.com/libsdl-org/SDL-1.2/main/src/video/gapi/SDL_gapivideo.h	sdl-1.2-lgpl-2.1	entry-point	GXGetDefaultKeys	no	lead-not-a-declaration
sdl	1.2	https://raw.githubusercontent.com/libsdl-org/SDL-1.2/main/src/video/gapi/SDL_gapivideo.h	sdl-1.2-lgpl-2.1	entry-point	GXSuspend	no	lead-not-a-declaration
sdl	1.2	https://raw.githubusercontent.com/libsdl-org/SDL-1.2/main/src/video/gapi/SDL_gapivideo.h	sdl-1.2-lgpl-2.1	entry-point	GXResume	no	lead-not-a-declaration
sdl	1.2	https://raw.githubusercontent.com/libsdl-org/SDL-1.2/main/src/video/gapi/SDL_gapivideo.h	sdl-1.2-lgpl-2.1	entry-point	GXSetViewport	no	lead-not-a-declaration
sdl	1.2	https://raw.githubusercontent.com/libsdl-org/SDL-1.2/main/src/video/gapi/SDL_gapivideo.h	sdl-1.2-lgpl-2.1	entry-point	GXIsDisplayDRAMBuffer	no	lead-not-a-declaration
sdl	1.2	https://raw.githubusercontent.com/libsdl-org/SDL-1.2/main/README.WinCE	sdl-1.2-lgpl-2.1	refused	port-limitations-are-not-ce-facts	n/a	not-recorded
sdl	1.2	https://raw.githubusercontent.com/libsdl-org/SDL-1.2/main/src/video/gapi/SDL_gapivideo.h	sdl-1.2-lgpl-2.1	refused	gx.h-layouts-and-flag-numbers	n/a	not-recorded
