entity	member	offset	offset_printed	size	size_unit	matches_declared_member	page	page_id	title	table	row	license
	bInterfaceClass	5	5	1	bytes	no	corpus/learn/windows-ce-5.0/aa447428(v=msdn.10).html	aa447428(v=msdn.10)	Communication Class Interface (Windows CE 5.0)	Offset (bytes) Field Size (bytes) Value Description	5 bInterfaceClass 1 02h Communication Interface Class code.	learn-tou
	bInterfaceSubClass	6	6	1	bytes	no	corpus/learn/windows-ce-5.0/aa447428(v=msdn.10).html	aa447428(v=msdn.10)	Communication Class Interface (Windows CE 5.0)	Offset (bytes) Field Size (bytes) Value Description	6 bInterfaceSubClass 1 02h Communication Interface Class SubClass code for Abstract Control Model.	learn-tou
	bInterfaceProtocol	7	7	1	bytes	no	corpus/learn/windows-ce-5.0/aa447428(v=msdn.10).html	aa447428(v=msdn.10)	Communication Class Interface (Windows CE 5.0)	Offset (bytes) Field Size (bytes) Value Description	7 bInterfaceProtocol 1 FFh Communication Interface Class Protocol code for vendor specific protocol.	learn-tou
	bLength	0	0	1	bytes	no	corpus/learn/windows-ce-5.0/aa447429(v=msdn.10).html	aa447429(v=msdn.10)	Configuration Descriptor (Windows CE 5.0)	Offset Field Size Value Description	0 bLength 1 0x09 Size of this descriptor, in bytes	learn-tou
	bDescriptorType	1	1	1	bytes	no	corpus/learn/windows-ce-5.0/aa447429(v=msdn.10).html	aa447429(v=msdn.10)	Configuration Descriptor (Windows CE 5.0)	Offset Field Size Value Description	1 bDescriptorType 1 0x02 CONFIGURATION descriptor	learn-tou
	wTotalLength	2	2	2	bytes	no	corpus/learn/windows-ce-5.0/aa447429(v=msdn.10).html	aa447429(v=msdn.10)	Configuration Descriptor (Windows CE 5.0)	Offset Field Size Value Description	2 wTotalLength 2 0x003E Length of the total configuration block, including this descriptor and all following descriptors, in bytes	learn-tou
	bNumInterfaces	4	4	1	bytes	no	corpus/learn/windows-ce-5.0/aa447429(v=msdn.10).html	aa447429(v=msdn.10)	Configuration Descriptor (Windows CE 5.0)	Offset Field Size Value Description	4 bNumInterfaces 1 0x02 Two interfaces	learn-tou
	bConfigurationValue	5	5	1	bytes	no	corpus/learn/windows-ce-5.0/aa447429(v=msdn.10).html	aa447429(v=msdn.10)	Configuration Descriptor (Windows CE 5.0)	Offset Field Size Value Description	5 bConfigurationValue 1 0x01 ID of this configuration	learn-tou
	iConfiguration	6	6	1	bytes	no	corpus/learn/windows-ce-5.0/aa447429(v=msdn.10).html	aa447429(v=msdn.10)	Configuration Descriptor (Windows CE 5.0)	Offset Field Size Value Description	6 iConfiguration 1 0x00 Unused	learn-tou
	bmAttributes	7	7	1	bytes	no	corpus/learn/windows-ce-5.0/aa447429(v=msdn.10).html	aa447429(v=msdn.10)	Configuration Descriptor (Windows CE 5.0)	Offset Field Size Value Description	7 bmAttributes 1 0x80 Bus Powered	learn-tou
	MaxPower	8	8	1	bytes	no	corpus/learn/windows-ce-5.0/aa447429(v=msdn.10).html	aa447429(v=msdn.10)	Configuration Descriptor (Windows CE 5.0)	Offset Field Size Value Description	8 MaxPower 1 0x64 200 mA	learn-tou
	Notification	0	0	4	bytes	no	corpus/learn/windows-ce-5.0/aa447434(v=msdn.10).html	aa447434(v=msdn.10)	Control Channel Characteristics (Windows CE 5.0)	Offset (bytes) Length (bytes) Field Data	0 4 Notification RESPONSE_AVAILABLE (0x00000001)	learn-tou
	Reserved	4	4	4	bytes	no	corpus/learn/windows-ce-5.0/aa447434(v=msdn.10).html	aa447434(v=msdn.10)	Control Channel Characteristics (Windows CE 5.0)	Offset (bytes) Length (bytes) Field Data	4 4 Reserved 0	learn-tou
	bInterfaceClass	5	5	1	bytes	no	corpus/learn/windows-ce-5.0/aa447437(v=msdn.10).html	aa447437(v=msdn.10)	Data Class Interface (Windows CE 5.0)	Offset (bytes) Field Size (bytes) Value Description	5 bInterfaceClass 1 0Ah Data Interface Class code.	learn-tou
	bInterfaceSubClass	6	6	1	bytes	no	corpus/learn/windows-ce-5.0/aa447437(v=msdn.10).html	aa447437(v=msdn.10)	Data Class Interface (Windows CE 5.0)	Offset (bytes) Field Size (bytes) Value Description	6 bInterfaceSubClass 1 00h Data Class SubClass code.	learn-tou
	bInterfaceProtocol	7	7	1	bytes	no	corpus/learn/windows-ce-5.0/aa447437(v=msdn.10).html	aa447437(v=msdn.10)	Data Class Interface (Windows CE 5.0)	Offset (bytes) Field Size (bytes) Value Description	7 bInterfaceProtocol 1 00h Data Class Protocol code.	learn-tou
	bLength	0	0	1	bytes	no	corpus/learn/windows-ce-5.0/aa447438(v=msdn.10).html	aa447438(v=msdn.10)	Data In Endpoint Descriptor (Windows CE 5.0)	Offset Field Size Value Description	0 bLength 1 0x07 Size of this descriptor, in bytes	learn-tou
	bDescriptorType	1	1	1	bytes	no	corpus/learn/windows-ce-5.0/aa447438(v=msdn.10).html	aa447438(v=msdn.10)	Data In Endpoint Descriptor (Windows CE 5.0)	Offset Field Size Value Description	1 bDescriptorType 1 0x05 ENDPOINT descriptor	learn-tou
	bEndpointAddress	2	2	1	bytes	no	corpus/learn/windows-ce-5.0/aa447438(v=msdn.10).html	aa447438(v=msdn.10)	Data In Endpoint Descriptor (Windows CE 5.0)	Offset Field Size Value Description	2 bEndpointAddress 1 0x82 Endpoint 2 IN	learn-tou
	bmAttributes	3	3	1	bytes	no	corpus/learn/windows-ce-5.0/aa447438(v=msdn.10).html	aa447438(v=msdn.10)	Data In Endpoint Descriptor (Windows CE 5.0)	Offset Field Size Value Description	3 bmAttributes 1 0x02 Bulk Endpoint	learn-tou
	wMaxPacketSize	4	4	2	bytes	no	corpus/learn/windows-ce-5.0/aa447438(v=msdn.10).html	aa447438(v=msdn.10)	Data In Endpoint Descriptor (Windows CE 5.0)	Offset Field Size Value Description	4 wMaxPacketSize 2 0x0040 64 byte maximum packet size	learn-tou
	bInterval	6	6	1	bytes	no	corpus/learn/windows-ce-5.0/aa447438(v=msdn.10).html	aa447438(v=msdn.10)	Data In Endpoint Descriptor (Windows CE 5.0)	Offset Field Size Value Description	6 bInterval 1 0x00 Unused	learn-tou
	bLength	0	0	1	bytes	no	corpus/learn/windows-ce-5.0/aa447439(v=msdn.10).html	aa447439(v=msdn.10)	Data Out Endpoint Descriptor (Windows CE 5.0)	Offset Field Size Value Description	0 bLength 1 0x07 Size of this descriptor, in bytes	learn-tou
	bDescriptorType	1	1	1	bytes	no	corpus/learn/windows-ce-5.0/aa447439(v=msdn.10).html	aa447439(v=msdn.10)	Data Out Endpoint Descriptor (Windows CE 5.0)	Offset Field Size Value Description	1 bDescriptorType 1 0x05 ENDPOINT descriptor	learn-tou
	bEndpointAddress	2	2	1	bytes	no	corpus/learn/windows-ce-5.0/aa447439(v=msdn.10).html	aa447439(v=msdn.10)	Data Out Endpoint Descriptor (Windows CE 5.0)	Offset Field Size Value Description	2 bEndpointAddress 1 0x03 Endpoint 3 OUT	learn-tou
	bmAttributes	3	3	1	bytes	no	corpus/learn/windows-ce-5.0/aa447439(v=msdn.10).html	aa447439(v=msdn.10)	Data Out Endpoint Descriptor (Windows CE 5.0)	Offset Field Size Value Description	3 bmAttributes 1 0x02 Bulk Endpoint	learn-tou
	wMaxPacketSize	4	4	2	bytes	no	corpus/learn/windows-ce-5.0/aa447439(v=msdn.10).html	aa447439(v=msdn.10)	Data Out Endpoint Descriptor (Windows CE 5.0)	Offset Field Size Value Description	4 wMaxPacketSize 2 0x0040 64 byte maximum packet size	learn-tou
	bInterval	6	6	1	bytes	no	corpus/learn/windows-ce-5.0/aa447439(v=msdn.10).html	aa447439(v=msdn.10)	Data Out Endpoint Descriptor (Windows CE 5.0)	Offset Field Size Value Description	6 bInterval 1 0x00 Unused	learn-tou
	bLength	0	0	1	bytes	no	corpus/learn/windows-ce-5.0/aa447461(v=msdn.10).html	aa447461(v=msdn.10)	Device Descriptor (Windows CE 5.0)	Offset Field Size Value Description	0 bLength 1 0x12 Size of this descriptor, in bytes	learn-tou
	bDescriptorType	1	1	1	bytes	no	corpus/learn/windows-ce-5.0/aa447461(v=msdn.10).html	aa447461(v=msdn.10)	Device Descriptor (Windows CE 5.0)	Offset Field Size Value Description	1 bDescriptorType 1 0x01 DEVICE descriptor	learn-tou
	bcdUSB	2	2	2	bytes	no	corpus/learn/windows-ce-5.0/aa447461(v=msdn.10).html	aa447461(v=msdn.10)	Device Descriptor (Windows CE 5.0)	Offset Field Size Value Description	2 bcdUSB 2 0x0110 1.1 - current revision of USB spec	learn-tou
	bDeviceClass	4	4	1	bytes	no	corpus/learn/windows-ce-5.0/aa447461(v=msdn.10).html	aa447461(v=msdn.10)	Device Descriptor (Windows CE 5.0)	Offset Field Size Value Description	4 bDeviceClass 1 0x02 Communication Device Class	learn-tou
	bDeviceSubClass	5	5	1	bytes	no	corpus/learn/windows-ce-5.0/aa447461(v=msdn.10).html	aa447461(v=msdn.10)	Device Descriptor (Windows CE 5.0)	Offset Field Size Value Description	5 bDeviceSubClass 1 0x00 Unused	learn-tou
	bDeviceProtocol	6	6	1	bytes	no	corpus/learn/windows-ce-5.0/aa447461(v=msdn.10).html	aa447461(v=msdn.10)	Device Descriptor (Windows CE 5.0)	Offset Field Size Value Description	6 bDeviceProtocol 1 0x00 Unused	learn-tou
	bMaxPacketSize0	7	7	1	bytes	no	corpus/learn/windows-ce-5.0/aa447461(v=msdn.10).html	aa447461(v=msdn.10)	Device Descriptor (Windows CE 5.0)	Offset Field Size Value Description	7 bMaxPacketSize0 1 0x08 Max packet size on control pipe	learn-tou
	idVendor	8	8	2	bytes	no	corpus/learn/windows-ce-5.0/aa447461(v=msdn.10).html	aa447461(v=msdn.10)	Device Descriptor (Windows CE 5.0)	Offset Field Size Value Description	8 idVendor 2 0xXXXX Vendor ID	learn-tou
	idProduct	10	10	2	bytes	no	corpus/learn/windows-ce-5.0/aa447461(v=msdn.10).html	aa447461(v=msdn.10)	Device Descriptor (Windows CE 5.0)	Offset Field Size Value Description	10 idProduct 2 0xXXXX Product ID	learn-tou
	bcdDevice	12	12	2	bytes	no	corpus/learn/windows-ce-5.0/aa447461(v=msdn.10).html	aa447461(v=msdn.10)	Device Descriptor (Windows CE 5.0)	Offset Field Size Value Description	12 bcdDevice 2 0xXXXX Device Release Code	learn-tou
	iManufacturer	14	14	1	bytes	no	corpus/learn/windows-ce-5.0/aa447461(v=msdn.10).html	aa447461(v=msdn.10)	Device Descriptor (Windows CE 5.0)	Offset Field Size Value Description	14 iManufacturer 1 0x01 Index of manufacturer string	learn-tou
	iProduct	15	15	1	bytes	no	corpus/learn/windows-ce-5.0/aa447461(v=msdn.10).html	aa447461(v=msdn.10)	Device Descriptor (Windows CE 5.0)	Offset Field Size Value Description	15 iProduct 1 0x02 Index of product string	learn-tou
	iSerialNumber	16	16	1	bytes	no	corpus/learn/windows-ce-5.0/aa447461(v=msdn.10).html	aa447461(v=msdn.10)	Device Descriptor (Windows CE 5.0)	Offset Field Size Value Description	16 iSerialNumber 1 0x03 Index of device serial number string	learn-tou
	bNumConfigurations	17	17	1	bytes	no	corpus/learn/windows-ce-5.0/aa447461(v=msdn.10).html	aa447461(v=msdn.10)	Device Descriptor (Windows CE 5.0)	Offset Field Size Value Description	17 bNumConfigurations 1 0x01 One configuration	learn-tou
	ParameterNameOffset	0	0	4	bytes	no	corpus/learn/windows-ce-5.0/aa447605(v=msdn.10).html	aa447605(v=msdn.10)	RNDIS Device Control (Windows CE 5.0)	Offset Size Field Description	0 4 ParameterNameOffset Specifies the byte offset from the beginning of the ParameterNameOffset field at which a Unicode character string representing the parameter name is located. The string does not include a NULL terminator.	learn-tou
	ParameterNameLength	4	4	4	bytes	no	corpus/learn/windows-ce-5.0/aa447605(v=msdn.10).html	aa447605(v=msdn.10)	RNDIS Device Control (Windows CE 5.0)	Offset Size Field Description	4 4 ParameterNameLength Specifies the byte length of the parameter name string.	learn-tou
	ParameterType	8	8	4	bytes	no	corpus/learn/windows-ce-5.0/aa447605(v=msdn.10).html	aa447605(v=msdn.10)	RNDIS Device Control (Windows CE 5.0)	Offset Size Field Description	8 4 ParameterType Specifies the data type of the parameter value. This is one of the following: 0 – numeric value; 2 – string value.	learn-tou
	ParameterValueOffset	12	12	4	bytes	no	corpus/learn/windows-ce-5.0/aa447605(v=msdn.10).html	aa447605(v=msdn.10)	RNDIS Device Control (Windows CE 5.0)	Offset Size Field Description	12 4 ParameterValueOffset Specifies the byte offset from the beginning of the ParameterNameOffset field at which the parameter value is located.	learn-tou
	ParameterValueLength	16	16	4	bytes	no	corpus/learn/windows-ce-5.0/aa447605(v=msdn.10).html	aa447605(v=msdn.10)	RNDIS Device Control (Windows CE 5.0)	Offset Size Field Description	16 4 ParameterValueLength Specifies the byte length of the parameter value.	learn-tou
	Machine	0	0	2	bytes	no	corpus/learn/windows-ce-5.0/aa448549(v=msdn.10).html	aa448549(v=msdn.10)	About COFF (Windows CE 5.0)	Offset Size Field Description	0 2 Machine Number identifying type of target machine.	learn-tou
	Number of Sections	2	2	2	bytes	no	corpus/learn/windows-ce-5.0/aa448549(v=msdn.10).html	aa448549(v=msdn.10)	About COFF (Windows CE 5.0)	Offset Size Field Description	2 2 Number of Sections Number of sections; indicates size of the Section Table which immediately follows the headers.	learn-tou
	Time/Date Stamp	4	4	4	bytes	no	corpus/learn/windows-ce-5.0/aa448549(v=msdn.10).html	aa448549(v=msdn.10)	About COFF (Windows CE 5.0)	Offset Size Field Description	4 4 Time/Date Stamp Time and date the file was created.	learn-tou
	Pointer to Symbol Table	8	8	4	bytes	no	corpus/learn/windows-ce-5.0/aa448549(v=msdn.10).html	aa448549(v=msdn.10)	About COFF (Windows CE 5.0)	Offset Size Field Description	8 4 Pointer to Symbol Table Offset, within the COFF file, of the symbol table.	learn-tou
	Number of Symbols	12	12	4	bytes	no	corpus/learn/windows-ce-5.0/aa448549(v=msdn.10).html	aa448549(v=msdn.10)	About COFF (Windows CE 5.0)	Offset Size Field Description	12 4 Number of Symbols Number of entries in the symbol table. This data can be used in locating the string table, which immediately follows the symbol table.	learn-tou
	Optional Header Size	16	16	2	bytes	no	corpus/learn/windows-ce-5.0/aa448549(v=msdn.10).html	aa448549(v=msdn.10)	About COFF (Windows CE 5.0)	Offset Size Field Description	16 2 Optional Header Size Size of the optional header, which is included for executable files but not object files. An object file should have a value of 0 here.	learn-tou
	Characteristics	18	18	2	bytes	no	corpus/learn/windows-ce-5.0/aa448549(v=msdn.10).html	aa448549(v=msdn.10)	About COFF (Windows CE 5.0)	Offset Size Field Description	18 2 Characteristics Flags indicating attributes of the file.	learn-tou
	bDescriptorType	1	1	1	bytes	no	corpus/learn/windows-ce-5.0/ms892241(v=msdn.10).html	ms892241(v=msdn.10)	Interface Descriptor for Communication Class Interface (Windows CE 5.0)	Offset Field Size Value Description	1 bDescriptorType 1 0x04 INTERFACE descriptor	learn-tou
	bInterfaceNumber	2	2	1	bytes	no	corpus/learn/windows-ce-5.0/ms892241(v=msdn.10).html	ms892241(v=msdn.10)	Interface Descriptor for Communication Class Interface (Windows CE 5.0)	Offset Field Size Value Description	2 bInterfaceNumber 1 0x00 Index of this interface	learn-tou
	bAlternateSetting	3	3	1	bytes	no	corpus/learn/windows-ce-5.0/ms892241(v=msdn.10).html	ms892241(v=msdn.10)	Interface Descriptor for Communication Class Interface (Windows CE 5.0)	Offset Field Size Value Description	3 bAlternateSetting 1 0x00 Index of this setting	learn-tou
	bNumEndpoints	4	4	1	bytes	no	corpus/learn/windows-ce-5.0/ms892241(v=msdn.10).html	ms892241(v=msdn.10)	Interface Descriptor for Communication Class Interface (Windows CE 5.0)	Offset Field Size Value Description	4 bNumEndpoints 1 0x01 1 endpoint	learn-tou
	bInterfaceClass	5	5	1	bytes	no	corpus/learn/windows-ce-5.0/ms892241(v=msdn.10).html	ms892241(v=msdn.10)	Interface Descriptor for Communication Class Interface (Windows CE 5.0)	Offset Field Size Value Description	5 bInterfaceClass 1 0x02 Communication Class	learn-tou
	bInterfaceSubclass	6	6	1	bytes	no	corpus/learn/windows-ce-5.0/ms892241(v=msdn.10).html	ms892241(v=msdn.10)	Interface Descriptor for Communication Class Interface (Windows CE 5.0)	Offset Field Size Value Description	6 bInterfaceSubclass 1 0x02 Abstract Control Model	learn-tou
	bInterfaceProtocol	7	7	1	bytes	no	corpus/learn/windows-ce-5.0/ms892241(v=msdn.10).html	ms892241(v=msdn.10)	Interface Descriptor for Communication Class Interface (Windows CE 5.0)	Offset Field Size Value Description	7 bInterfaceProtocol 1 0xFF Vendor-specific protocol	learn-tou
	iInterface	8	8	1	bytes	no	corpus/learn/windows-ce-5.0/ms892241(v=msdn.10).html	ms892241(v=msdn.10)	Interface Descriptor for Communication Class Interface (Windows CE 5.0)	Offset Field Size Value Description	8 iInterface 1 0x00 Unused	learn-tou
	bLength	0	0	1	bytes	no	corpus/learn/windows-ce-5.0/ms892242(v=msdn.10).html	ms892242(v=msdn.10)	Interface Descriptor for Data Class Interface (Windows CE 5.0)	Offset Field Size Value Description	0 bLength 1 0x09 Size of this descriptor, in bytes	learn-tou
	bDescriptorType	1	1	1	bytes	no	corpus/learn/windows-ce-5.0/ms892242(v=msdn.10).html	ms892242(v=msdn.10)	Interface Descriptor for Data Class Interface (Windows CE 5.0)	Offset Field Size Value Description	1 bDescriptorType 1 0x04 INTERFACE descriptor	learn-tou
	bInterfaceNumber	2	2	1	bytes	no	corpus/learn/windows-ce-5.0/ms892242(v=msdn.10).html	ms892242(v=msdn.10)	Interface Descriptor for Data Class Interface (Windows CE 5.0)	Offset Field Size Value Description	2 bInterfaceNumber 1 0x01 Index of this interface	learn-tou
	bAlternateSetting	3	3	1	bytes	no	corpus/learn/windows-ce-5.0/ms892242(v=msdn.10).html	ms892242(v=msdn.10)	Interface Descriptor for Data Class Interface (Windows CE 5.0)	Offset Field Size Value Description	3 bAlternateSetting 1 0x00 Index of this setting	learn-tou
	bNumEndpoints	4	4	1	bytes	no	corpus/learn/windows-ce-5.0/ms892242(v=msdn.10).html	ms892242(v=msdn.10)	Interface Descriptor for Data Class Interface (Windows CE 5.0)	Offset Field Size Value Description	4 bNumEndpoints 1 0x02 2 endpoints	learn-tou
	bInterfaceClass	5	5	1	bytes	no	corpus/learn/windows-ce-5.0/ms892242(v=msdn.10).html	ms892242(v=msdn.10)	Interface Descriptor for Data Class Interface (Windows CE 5.0)	Offset Field Size Value Description	5 bInterfaceClass 1 0x0A Data Class	learn-tou
	bInterfaceSubclass	6	6	1	bytes	no	corpus/learn/windows-ce-5.0/ms892242(v=msdn.10).html	ms892242(v=msdn.10)	Interface Descriptor for Data Class Interface (Windows CE 5.0)	Offset Field Size Value Description	6 bInterfaceSubclass 1 0x00 Unused	learn-tou
	bInterfaceProtocol	7	7	1	bytes	no	corpus/learn/windows-ce-5.0/ms892242(v=msdn.10).html	ms892242(v=msdn.10)	Interface Descriptor for Data Class Interface (Windows CE 5.0)	Offset Field Size Value Description	7 bInterfaceProtocol 1 0x00 Unused	learn-tou
	iInterface	8	8	1	bytes	no	corpus/learn/windows-ce-5.0/ms892242(v=msdn.10).html	ms892242(v=msdn.10)	Interface Descriptor for Data Class Interface (Windows CE 5.0)	Offset Field Size Value Description	8 iInterface 1 0x00 Unused	learn-tou
	MessageType	0	0	4	bytes	no	corpus/learn/windows-ce-5.0/ms892502(v=msdn.10).html	ms892502(v=msdn.10)	Multi-Packet Messages (Windows CE 5.0)	Offset Size Field Value	0 4 MessageType 0x1	learn-tou
	MessageLength	4	4	4	bytes	no	corpus/learn/windows-ce-5.0/ms892502(v=msdn.10).html	ms892502(v=msdn.10)	Multi-Packet Messages (Windows CE 5.0)	Offset Size Field Value	4 4 MessageLength 72 (includes 2 padding bytes; see below)	learn-tou
	DataOffset	8	8	4	bytes	no	corpus/learn/windows-ce-5.0/ms892502(v=msdn.10).html	ms892502(v=msdn.10)	Multi-Packet Messages (Windows CE 5.0)	Offset Size Field Value	8 4 DataOffset 36	learn-tou
	DataLength	12	12	4	bytes	no	corpus/learn/windows-ce-5.0/ms892502(v=msdn.10).html	ms892502(v=msdn.10)	Multi-Packet Messages (Windows CE 5.0)	Offset Size Field Value	12 4 DataLength 26	learn-tou
	OOBDataOffset	16	16	4	bytes	no	corpus/learn/windows-ce-5.0/ms892502(v=msdn.10).html	ms892502(v=msdn.10)	Multi-Packet Messages (Windows CE 5.0)	Offset Size Field Value	16 4 OOBDataOffset 0	learn-tou
	OOBDataLength	20	20	4	bytes	no	corpus/learn/windows-ce-5.0/ms892502(v=msdn.10).html	ms892502(v=msdn.10)	Multi-Packet Messages (Windows CE 5.0)	Offset Size Field Value	20 4 OOBDataLength 0	learn-tou
	NumOOBDataElements	24	24	4	bytes	no	corpus/learn/windows-ce-5.0/ms892502(v=msdn.10).html	ms892502(v=msdn.10)	Multi-Packet Messages (Windows CE 5.0)	Offset Size Field Value	24 4 NumOOBDataElements 0	learn-tou
	PerPacketInfoOffset	28	28	4	bytes	no	corpus/learn/windows-ce-5.0/ms892502(v=msdn.10).html	ms892502(v=msdn.10)	Multi-Packet Messages (Windows CE 5.0)	Offset Size Field Value	28 4 PerPacketInfoOffset 0	learn-tou
	PerPacketInfoLength	32	32	4	bytes	no	corpus/learn/windows-ce-5.0/ms892502(v=msdn.10).html	ms892502(v=msdn.10)	Multi-Packet Messages (Windows CE 5.0)	Offset Size Field Value	32 4 PerPacketInfoLength 0	learn-tou
	VcHandle	36	36	4	bytes	no	corpus/learn/windows-ce-5.0/ms892502(v=msdn.10).html	ms892502(v=msdn.10)	Multi-Packet Messages (Windows CE 5.0)	Offset Size Field Value	36 4 VcHandle 0	learn-tou
	Reserved	40	40	4	bytes	no	corpus/learn/windows-ce-5.0/ms892502(v=msdn.10).html	ms892502(v=msdn.10)	Multi-Packet Messages (Windows CE 5.0)	Offset Size Field Value	40 4 Reserved 0	learn-tou
	Payload (data)	44	44	26	bytes	no	corpus/learn/windows-ce-5.0/ms892502(v=msdn.10).html	ms892502(v=msdn.10)	Multi-Packet Messages (Windows CE 5.0)	Offset Size Field Value	44 26 Payload (data) Some network data of 26 bytes in length	learn-tou
	Padding	70	70	2	bytes	no	corpus/learn/windows-ce-5.0/ms892502(v=msdn.10).html	ms892502(v=msdn.10)	Multi-Packet Messages (Windows CE 5.0)	Offset Size Field Value	70 2 Padding Does not matter – unused	learn-tou
	MessageType (start of second REMOTE_NDIS_PACKET _MSG)	72	72	4	bytes	no	corpus/learn/windows-ce-5.0/ms892502(v=msdn.10).html	ms892502(v=msdn.10)	Multi-Packet Messages (Windows CE 5.0)	Offset Size Field Value	72 4 MessageType (start of second REMOTE_NDIS_PACKET _MSG) 0x1	learn-tou
	MessageLength	76	76	4	bytes	no	corpus/learn/windows-ce-5.0/ms892502(v=msdn.10).html	ms892502(v=msdn.10)	Multi-Packet Messages (Windows CE 5.0)	Offset Size Field Value	76 4 MessageLength 60	learn-tou
	DataOffset	80	80	4	bytes	no	corpus/learn/windows-ce-5.0/ms892502(v=msdn.10).html	ms892502(v=msdn.10)	Multi-Packet Messages (Windows CE 5.0)	Offset Size Field Value	80 4 DataOffset 36	learn-tou
	DataLength	84	84	4	bytes	no	corpus/learn/windows-ce-5.0/ms892502(v=msdn.10).html	ms892502(v=msdn.10)	Multi-Packet Messages (Windows CE 5.0)	Offset Size Field Value	84 4 DataLength 16	learn-tou
	OOBDataOffset	88	88	4	bytes	no	corpus/learn/windows-ce-5.0/ms892502(v=msdn.10).html	ms892502(v=msdn.10)	Multi-Packet Messages (Windows CE 5.0)	Offset Size Field Value	88 4 OOBDataOffset 0	learn-tou
	OOBDataLength	92	92	4	bytes	no	corpus/learn/windows-ce-5.0/ms892502(v=msdn.10).html	ms892502(v=msdn.10)	Multi-Packet Messages (Windows CE 5.0)	Offset Size Field Value	92 4 OOBDataLength 0	learn-tou
	NumOOBDataElements	96	96	4	bytes	no	corpus/learn/windows-ce-5.0/ms892502(v=msdn.10).html	ms892502(v=msdn.10)	Multi-Packet Messages (Windows CE 5.0)	Offset Size Field Value	96 4 NumOOBDataElements 0	learn-tou
	PerPacketInfoOffset	100	100	4	bytes	no	corpus/learn/windows-ce-5.0/ms892502(v=msdn.10).html	ms892502(v=msdn.10)	Multi-Packet Messages (Windows CE 5.0)	Offset Size Field Value	100 4 PerPacketInfoOffset 0	learn-tou
	PerPacketInfoLength	104	104	4	bytes	no	corpus/learn/windows-ce-5.0/ms892502(v=msdn.10).html	ms892502(v=msdn.10)	Multi-Packet Messages (Windows CE 5.0)	Offset Size Field Value	104 4 PerPacketInfoLength 0	learn-tou
	VcHandle	108	108	4	bytes	no	corpus/learn/windows-ce-5.0/ms892502(v=msdn.10).html	ms892502(v=msdn.10)	Multi-Packet Messages (Windows CE 5.0)	Offset Size Field Value	108 4 VcHandle 0	learn-tou
	Reserved	112	112	4	bytes	no	corpus/learn/windows-ce-5.0/ms892502(v=msdn.10).html	ms892502(v=msdn.10)	Multi-Packet Messages (Windows CE 5.0)	Offset Size Field Value	112 4 Reserved 0	learn-tou
	Payload (data)	116	116	16	bytes	no	corpus/learn/windows-ce-5.0/ms892502(v=msdn.10).html	ms892502(v=msdn.10)	Multi-Packet Messages (Windows CE 5.0)	Offset Size Field Value	116 16 Payload (data) Some network data of 16 bytes in length	learn-tou
	bLength	0	0	1	bytes	no	corpus/learn/windows-ce-5.0/ms892547(v=msdn.10).html	ms892547(v=msdn.10)	Notification Endpoint Descriptor (Windows CE 5.0)	Offset Field Size Value Description	0 bLength 1 0x07 Size of this descriptor, in bytes	learn-tou
	bDescriptorType	1	1	1	bytes	no	corpus/learn/windows-ce-5.0/ms892547(v=msdn.10).html	ms892547(v=msdn.10)	Notification Endpoint Descriptor (Windows CE 5.0)	Offset Field Size Value Description	1 bDescriptorType 1 0x05 ENDPOINT descriptor	learn-tou
	bEndpointAddress	2	2	1	bytes	no	corpus/learn/windows-ce-5.0/ms892547(v=msdn.10).html	ms892547(v=msdn.10)	Notification Endpoint Descriptor (Windows CE 5.0)	Offset Field Size Value Description	2 bEndpointAddress 1 0x81 Endpoint 1 IN	learn-tou
	bmAttributes	3	3	1	bytes	no	corpus/learn/windows-ce-5.0/ms892547(v=msdn.10).html	ms892547(v=msdn.10)	Notification Endpoint Descriptor (Windows CE 5.0)	Offset Field Size Value Description	3 bmAttributes 1 0x03 Interrupt Endpoint	learn-tou
	wMaxPacketSize	4	4	2	bytes	no	corpus/learn/windows-ce-5.0/ms892547(v=msdn.10).html	ms892547(v=msdn.10)	Notification Endpoint Descriptor (Windows CE 5.0)	Offset Field Size Value Description	4 wMaxPacketSize 2 0x0008 8 byte maximum packet size	learn-tou
	bInterval	6	6	1	bytes	no	corpus/learn/windows-ce-5.0/ms892547(v=msdn.10).html	ms892547(v=msdn.10)	Notification Endpoint Descriptor (Windows CE 5.0)	Offset Field Size Value Description	6 bInterval 1 0x01 Polling interval	learn-tou
	bDeviceClass	4	4	1	bytes	no	corpus/learn/windows-ce-5.0/ms894077(v=msdn.10).html	ms894077(v=msdn.10)	USB Device Descriptor (Windows CE 5.0)	Offset (bytes) Field Size (bytes) Value Description	4 bDeviceClass 1 02h Communication Device Class code.	learn-tou
	bDeviceSubClass	5	5	1	bytes	no	corpus/learn/windows-ce-5.0/ms894077(v=msdn.10).html	ms894077(v=msdn.10)	USB Device Descriptor (Windows CE 5.0)	Offset (bytes) Field Size (bytes) Value Description	5 bDeviceSubClass 1 00h Communication Device Subclass code, unused at this time.	learn-tou
	bDeviceProtocol	6	6	1	bytes	no	corpus/learn/windows-ce-5.0/ms894077(v=msdn.10).html	ms894077(v=msdn.10)	USB Device Descriptor (Windows CE 5.0)	Offset (bytes) Field Size (bytes) Value Description	6 bDeviceProtocol 1 00h Communication Device Protocol code, unused at this time.	learn-tou
	Begin Address	0	0	4	bytes	no	corpus/learn/windows-ce-net-4x/ms863597(v=msdn.10).html	ms863597(v=msdn.10)	SH-4 pdata Format (Windows CE .NET 4.2)	Offset Size Field Description	0 4 Begin Address Virtual address of the corresponding function.	learn-tou
	32-bit Flag	4	4	1	bits	no	corpus/learn/windows-ce-net-4x/ms863597(v=msdn.10).html	ms863597(v=msdn.10)	SH-4 pdata Format (Windows CE .NET 4.2)	Offset Size Field Description	4 1 bit 32-bit Flag Set if the function is comprised of 32-bit instructions, cleared for a 16-bit function.	learn-tou
	Exception Flag	4	4	1	bits	no	corpus/learn/windows-ce-net-4x/ms863597(v=msdn.10).html	ms863597(v=msdn.10)	SH-4 pdata Format (Windows CE .NET 4.2)	Offset Size Field Description	4 1 bit Exception Flag Set if an exception handler exists for the function.	learn-tou
	Function Length	4	4	22	bits	no	corpus/learn/windows-ce-net-4x/ms863597(v=msdn.10).html	ms863597(v=msdn.10)	SH-4 pdata Format (Windows CE .NET 4.2)	Offset Size Field Description	4 22 bits Function Length Number of instructions in the function.	learn-tou
	Prolog Length	4	4	8	bits	no	corpus/learn/windows-ce-net-4x/ms863597(v=msdn.10).html	ms863597(v=msdn.10)	SH-4 pdata Format (Windows CE .NET 4.2)	Offset Size Field Description	4 8 bits Prolog Length Number of instructions in the function's prolog.	learn-tou
	Begin Address	0	0	4	bytes	no	corpus/learn/windows-ce-net-4x/ms863627(v=msdn.10).html	ms863627(v=msdn.10)	ARM pdata Structures (Windows CE .NET 4.2)	Offset Size Field Description	0 4 Begin Address Virtual address of the corresponding function.	learn-tou
	32-bit Flag	4	4	1	bits	no	corpus/learn/windows-ce-net-4x/ms863627(v=msdn.10).html	ms863627(v=msdn.10)	ARM pdata Structures (Windows CE .NET 4.2)	Offset Size Field Description	4 1 bit 32-bit Flag Set if the function is comprised of 32-bit instructions, cleared for a 16-bit function.	learn-tou
	Exception Flag	4	4	1	bits	no	corpus/learn/windows-ce-net-4x/ms863627(v=msdn.10).html	ms863627(v=msdn.10)	ARM pdata Structures (Windows CE .NET 4.2)	Offset Size Field Description	4 1 bit Exception Flag Set if an exception handler exists for the function.	learn-tou
	Function Length	4	4	22	bits	no	corpus/learn/windows-ce-net-4x/ms863627(v=msdn.10).html	ms863627(v=msdn.10)	ARM pdata Structures (Windows CE .NET 4.2)	Offset Size Field Description	4 22 bits Function Length Number of instructions in the function.	learn-tou
	Prolog Length	4	4	8	bits	no	corpus/learn/windows-ce-net-4x/ms863627(v=msdn.10).html	ms863627(v=msdn.10)	ARM pdata Structures (Windows CE .NET 4.2)	Offset Size Field Description	4 8 bits Prolog Length Number of instructions in the functions prolog.	learn-tou
	Begin Address	0	0	4	bytes	no	corpus/learn/windows-ce-net-4x/ms881465(v=msdn.10).html	ms881465(v=msdn.10)	MIPS pdata Format (Windows CE .NET 4.2)	Offset Size Field Description	0 4 Begin Address Virtual address of the corresponding function.	learn-tou
	End Address	4	4	4	bytes	no	corpus/learn/windows-ce-net-4x/ms881465(v=msdn.10).html	ms881465(v=msdn.10)	MIPS pdata Format (Windows CE .NET 4.2)	Offset Size Field Description	4 4 End Address Virtual address of the end of the function.	learn-tou
	Exception Handler	8	8	4	bytes	no	corpus/learn/windows-ce-net-4x/ms881465(v=msdn.10).html	ms881465(v=msdn.10)	MIPS pdata Format (Windows CE .NET 4.2)	Offset Size Field Description	8 4 Exception Handler Pointer to the exception handler to be executed.	learn-tou
	Handler Data	12	12	4	bytes	no	corpus/learn/windows-ce-net-4x/ms881465(v=msdn.10).html	ms881465(v=msdn.10)	MIPS pdata Format (Windows CE .NET 4.2)	Offset Size Field Description	12 4 Handler Data Pointer to additional information to be passed to the handler.	learn-tou
	Prolog End Address	16	16	4	bytes	no	corpus/learn/windows-ce-net-4x/ms881465(v=msdn.10).html	ms881465(v=msdn.10)	MIPS pdata Format (Windows CE .NET 4.2)	Offset Size Field Description	16 4 Prolog End Address Virtual address of the end of the function prolog.	learn-tou
	Begin Address	0	0	4	bytes	no	corpus/learn/windows-ce-net-4x/ms881473(v=msdn.10).html	ms881473(v=msdn.10)	SH-3 pdata Format (Windows CE .NET 4.2)	Offset Size Field Description	0 4 Begin Address Virtual address of the corresponding function.	learn-tou
	32-bit Flag	4	4	1	bits	no	corpus/learn/windows-ce-net-4x/ms881473(v=msdn.10).html	ms881473(v=msdn.10)	SH-3 pdata Format (Windows CE .NET 4.2)	Offset Size Field Description	4 1 bit 32-bit Flag Set if the function is comprised of 32-bit instructions, cleared for a 16-bit function.	learn-tou
	Exception Flag	4	4	1	bits	no	corpus/learn/windows-ce-net-4x/ms881473(v=msdn.10).html	ms881473(v=msdn.10)	SH-3 pdata Format (Windows CE .NET 4.2)	Offset Size Field Description	4 1 bit Exception Flag Set if an exception handler exists for the function.	learn-tou
	Function Length	4	4	22	bits	no	corpus/learn/windows-ce-net-4x/ms881473(v=msdn.10).html	ms881473(v=msdn.10)	SH-3 pdata Format (Windows CE .NET 4.2)	Offset Size Field Description	4 22 bits Function Length Number of instructions in the function.	learn-tou
	Prolog Length	4	4	8	bits	no	corpus/learn/windows-ce-net-4x/ms881473(v=msdn.10).html	ms881473(v=msdn.10)	SH-3 pdata Format (Windows CE .NET 4.2)	Offset Size Field Description	4 8 bits Prolog Length Number of instructions in the functions prolog.	learn-tou
	bLength	0	0	1	bytes	no	corpus/learn/windows-embedded-ce-6.0/ee481260(v=winembedded.60).html	ee481260(v=winembedded.60)	Interface Descriptor for Data Class Interface (Windows Embedded CE 6.0)	Offset Field Size Value Description	0 bLength 1 0x09 Size of this descriptor, in bytes	learn-tou
	bDescriptorType	1	1	1	bytes	no	corpus/learn/windows-embedded-ce-6.0/ee481260(v=winembedded.60).html	ee481260(v=winembedded.60)	Interface Descriptor for Data Class Interface (Windows Embedded CE 6.0)	Offset Field Size Value Description	1 bDescriptorType 1 0x04 INTERFACE descriptor	learn-tou
	bInterfaceNumber	2	2	1	bytes	no	corpus/learn/windows-embedded-ce-6.0/ee481260(v=winembedded.60).html	ee481260(v=winembedded.60)	Interface Descriptor for Data Class Interface (Windows Embedded CE 6.0)	Offset Field Size Value Description	2 bInterfaceNumber 1 0x01 Index of this interface	learn-tou
	bAlternateSetting	3	3	1	bytes	no	corpus/learn/windows-embedded-ce-6.0/ee481260(v=winembedded.60).html	ee481260(v=winembedded.60)	Interface Descriptor for Data Class Interface (Windows Embedded CE 6.0)	Offset Field Size Value Description	3 bAlternateSetting 1 0x00 Index of this setting	learn-tou
	bNumEndpoints	4	4	1	bytes	no	corpus/learn/windows-embedded-ce-6.0/ee481260(v=winembedded.60).html	ee481260(v=winembedded.60)	Interface Descriptor for Data Class Interface (Windows Embedded CE 6.0)	Offset Field Size Value Description	4 bNumEndpoints 1 0x02 2 endpoints	learn-tou
	bInterfaceClass	5	5	1	bytes	no	corpus/learn/windows-embedded-ce-6.0/ee481260(v=winembedded.60).html	ee481260(v=winembedded.60)	Interface Descriptor for Data Class Interface (Windows Embedded CE 6.0)	Offset Field Size Value Description	5 bInterfaceClass 1 0x0A Data Class	learn-tou
	bInterfaceSubclass	6	6	1	bytes	no	corpus/learn/windows-embedded-ce-6.0/ee481260(v=winembedded.60).html	ee481260(v=winembedded.60)	Interface Descriptor for Data Class Interface (Windows Embedded CE 6.0)	Offset Field Size Value Description	6 bInterfaceSubclass 1 0x00 Unused	learn-tou
	bInterfaceProtocol	7	7	1	bytes	no	corpus/learn/windows-embedded-ce-6.0/ee481260(v=winembedded.60).html	ee481260(v=winembedded.60)	Interface Descriptor for Data Class Interface (Windows Embedded CE 6.0)	Offset Field Size Value Description	7 bInterfaceProtocol 1 0x00 Unused	learn-tou
	iInterface	8	8	1	bytes	no	corpus/learn/windows-embedded-ce-6.0/ee481260(v=winembedded.60).html	ee481260(v=winembedded.60)	Interface Descriptor for Data Class Interface (Windows Embedded CE 6.0)	Offset Field Size Value Description	8 iInterface 1 0x00 Unused	learn-tou
	bLength	0	0	1	bytes	no	corpus/learn/windows-embedded-ce-6.0/ee482464(v=winembedded.60).html	ee482464(v=winembedded.60)	Data Out Endpoint Descriptor (Windows Embedded CE 6.0)	Offset Field Size Value Description	0 bLength 1 0x07 Size of this descriptor, in bytes	learn-tou
	bDescriptorType	1	1	1	bytes	no	corpus/learn/windows-embedded-ce-6.0/ee482464(v=winembedded.60).html	ee482464(v=winembedded.60)	Data Out Endpoint Descriptor (Windows Embedded CE 6.0)	Offset Field Size Value Description	1 bDescriptorType 1 0x05 ENDPOINT descriptor	learn-tou
	bEndpointAddress	2	2	1	bytes	no	corpus/learn/windows-embedded-ce-6.0/ee482464(v=winembedded.60).html	ee482464(v=winembedded.60)	Data Out Endpoint Descriptor (Windows Embedded CE 6.0)	Offset Field Size Value Description	2 bEndpointAddress 1 0x03 Endpoint 3 OUT	learn-tou
	bmAttributes	3	3	1	bytes	no	corpus/learn/windows-embedded-ce-6.0/ee482464(v=winembedded.60).html	ee482464(v=winembedded.60)	Data Out Endpoint Descriptor (Windows Embedded CE 6.0)	Offset Field Size Value Description	3 bmAttributes 1 0x02 Bulk Endpoint	learn-tou
	wMaxPacketSize	4	4	2	bytes	no	corpus/learn/windows-embedded-ce-6.0/ee482464(v=winembedded.60).html	ee482464(v=winembedded.60)	Data Out Endpoint Descriptor (Windows Embedded CE 6.0)	Offset Field Size Value Description	4 wMaxPacketSize 2 0x0040 64 byte maximum packet size	learn-tou
	bInterval	6	6	1	bytes	no	corpus/learn/windows-embedded-ce-6.0/ee482464(v=winembedded.60).html	ee482464(v=winembedded.60)	Data Out Endpoint Descriptor (Windows Embedded CE 6.0)	Offset Field Size Value Description	6 bInterval 1 0x00 Unused	learn-tou
	bLength	0	0	1	bytes	no	corpus/learn/windows-embedded-ce-6.0/ee482509(v=winembedded.60).html	ee482509(v=winembedded.60)	Notification Endpoint Descriptor (Windows Embedded CE 6.0)	Offset Field Size Value Description	0 bLength 1 0x07 Size of this descriptor, in bytes	learn-tou
	bDescriptorType	1	1	1	bytes	no	corpus/learn/windows-embedded-ce-6.0/ee482509(v=winembedded.60).html	ee482509(v=winembedded.60)	Notification Endpoint Descriptor (Windows Embedded CE 6.0)	Offset Field Size Value Description	1 bDescriptorType 1 0x05 ENDPOINT descriptor	learn-tou
	bEndpointAddress	2	2	1	bytes	no	corpus/learn/windows-embedded-ce-6.0/ee482509(v=winembedded.60).html	ee482509(v=winembedded.60)	Notification Endpoint Descriptor (Windows Embedded CE 6.0)	Offset Field Size Value Description	2 bEndpointAddress 1 0x81 Endpoint 1 IN	learn-tou
	bmAttributes	3	3	1	bytes	no	corpus/learn/windows-embedded-ce-6.0/ee482509(v=winembedded.60).html	ee482509(v=winembedded.60)	Notification Endpoint Descriptor (Windows Embedded CE 6.0)	Offset Field Size Value Description	3 bmAttributes 1 0x03 Interrupt Endpoint	learn-tou
	wMaxPacketSize	4	4	2	bytes	no	corpus/learn/windows-embedded-ce-6.0/ee482509(v=winembedded.60).html	ee482509(v=winembedded.60)	Notification Endpoint Descriptor (Windows Embedded CE 6.0)	Offset Field Size Value Description	4 wMaxPacketSize 2 0x0008 8 byte maximum packet size	learn-tou
	bInterval	6	6	1	bytes	no	corpus/learn/windows-embedded-ce-6.0/ee482509(v=winembedded.60).html	ee482509(v=winembedded.60)	Notification Endpoint Descriptor (Windows Embedded CE 6.0)	Offset Field Size Value Description	6 bInterval 1 0x01 Polling interval	learn-tou
	bDeviceClass	4	4	1	bytes	no	corpus/learn/windows-embedded-ce-6.0/ee482882(v=winembedded.60).html	ee482882(v=winembedded.60)	USB Device Descriptor (Windows Embedded CE 6.0)	Offset (bytes) Field Size (bytes) Value Description	4 bDeviceClass 1 02h Communication Device Class code.	learn-tou
	bDeviceSubClass	5	5	1	bytes	no	corpus/learn/windows-embedded-ce-6.0/ee482882(v=winembedded.60).html	ee482882(v=winembedded.60)	USB Device Descriptor (Windows Embedded CE 6.0)	Offset (bytes) Field Size (bytes) Value Description	5 bDeviceSubClass 1 00h Communication Device Subclass code, unused at this time.	learn-tou
	bDeviceProtocol	6	6	1	bytes	no	corpus/learn/windows-embedded-ce-6.0/ee482882(v=winembedded.60).html	ee482882(v=winembedded.60)	USB Device Descriptor (Windows Embedded CE 6.0)	Offset (bytes) Field Size (bytes) Value Description	6 bDeviceProtocol 1 00h Communication Device Protocol code, unused at this time.	learn-tou
	bLength	0	0	1	bytes	no	corpus/learn/windows-embedded-ce-6.0/ee482887(v=winembedded.60).html	ee482887(v=winembedded.60)	Configuration Descriptor (Windows Embedded CE 6.0)	Offset Field Size Value Description	0 bLength 1 0x09 Size of this descriptor, in bytes	learn-tou
	bDescriptorType	1	1	1	bytes	no	corpus/learn/windows-embedded-ce-6.0/ee482887(v=winembedded.60).html	ee482887(v=winembedded.60)	Configuration Descriptor (Windows Embedded CE 6.0)	Offset Field Size Value Description	1 bDescriptorType 1 0x02 CONFIGURATION descriptor	learn-tou
	wTotalLength	2	2	2	bytes	no	corpus/learn/windows-embedded-ce-6.0/ee482887(v=winembedded.60).html	ee482887(v=winembedded.60)	Configuration Descriptor (Windows Embedded CE 6.0)	Offset Field Size Value Description	2 wTotalLength 2 0x003E Length of the total configuration block, including this descriptor and all following descriptors, in bytes	learn-tou
	bNumInterfaces	4	4	1	bytes	no	corpus/learn/windows-embedded-ce-6.0/ee482887(v=winembedded.60).html	ee482887(v=winembedded.60)	Configuration Descriptor (Windows Embedded CE 6.0)	Offset Field Size Value Description	4 bNumInterfaces 1 0x02 Two interfaces	learn-tou
	bConfigurationValue	5	5	1	bytes	no	corpus/learn/windows-embedded-ce-6.0/ee482887(v=winembedded.60).html	ee482887(v=winembedded.60)	Configuration Descriptor (Windows Embedded CE 6.0)	Offset Field Size Value Description	5 bConfigurationValue 1 0x01 ID of this configuration	learn-tou
	iConfiguration	6	6	1	bytes	no	corpus/learn/windows-embedded-ce-6.0/ee482887(v=winembedded.60).html	ee482887(v=winembedded.60)	Configuration Descriptor (Windows Embedded CE 6.0)	Offset Field Size Value Description	6 iConfiguration 1 0x00 Unused	learn-tou
	bmAttributes	7	7	1	bytes	no	corpus/learn/windows-embedded-ce-6.0/ee482887(v=winembedded.60).html	ee482887(v=winembedded.60)	Configuration Descriptor (Windows Embedded CE 6.0)	Offset Field Size Value Description	7 bmAttributes 1 0x80 Bus Powered	learn-tou
	MaxPower	8	8	1	bytes	no	corpus/learn/windows-embedded-ce-6.0/ee482887(v=winembedded.60).html	ee482887(v=winembedded.60)	Configuration Descriptor (Windows Embedded CE 6.0)	Offset Field Size Value Description	8 MaxPower 1 0x64 200 mA	learn-tou
	bInterfaceClass	5	5	1	bytes	no	corpus/learn/windows-embedded-ce-6.0/ee483256(v=winembedded.60).html	ee483256(v=winembedded.60)	Communication Class Interface (Windows Embedded CE 6.0)	Offset (bytes) Field Size (bytes) Value Description	5 bInterfaceClass 1 02h Communication Interface Class code.	learn-tou
	bInterfaceSubClass	6	6	1	bytes	no	corpus/learn/windows-embedded-ce-6.0/ee483256(v=winembedded.60).html	ee483256(v=winembedded.60)	Communication Class Interface (Windows Embedded CE 6.0)	Offset (bytes) Field Size (bytes) Value Description	6 bInterfaceSubClass 1 02h Communication Interface Class SubClass code for Abstract Control Model.	learn-tou
	bInterfaceProtocol	7	7	1	bytes	no	corpus/learn/windows-embedded-ce-6.0/ee483256(v=winembedded.60).html	ee483256(v=winembedded.60)	Communication Class Interface (Windows Embedded CE 6.0)	Offset (bytes) Field Size (bytes) Value Description	7 bInterfaceProtocol 1 FFh Communication Interface Class Protocol code for vendor specific protocol.	learn-tou
	MessageType	0	0	4	bytes	no	corpus/learn/windows-embedded-ce-6.0/ee483399(v=winembedded.60).html	ee483399(v=winembedded.60)	Multi-Packet Messages (Windows Embedded CE 6.0)	Offset Size Field Value	0 4 MessageType 0x1	learn-tou
	MessageLength	4	4	4	bytes	no	corpus/learn/windows-embedded-ce-6.0/ee483399(v=winembedded.60).html	ee483399(v=winembedded.60)	Multi-Packet Messages (Windows Embedded CE 6.0)	Offset Size Field Value	4 4 MessageLength 72 (includes 2 padding bytes; see below)	learn-tou
	DataOffset	8	8	4	bytes	no	corpus/learn/windows-embedded-ce-6.0/ee483399(v=winembedded.60).html	ee483399(v=winembedded.60)	Multi-Packet Messages (Windows Embedded CE 6.0)	Offset Size Field Value	8 4 DataOffset 36	learn-tou
	DataLength	12	12	4	bytes	no	corpus/learn/windows-embedded-ce-6.0/ee483399(v=winembedded.60).html	ee483399(v=winembedded.60)	Multi-Packet Messages (Windows Embedded CE 6.0)	Offset Size Field Value	12 4 DataLength 26	learn-tou
	OOBDataOffset	16	16	4	bytes	no	corpus/learn/windows-embedded-ce-6.0/ee483399(v=winembedded.60).html	ee483399(v=winembedded.60)	Multi-Packet Messages (Windows Embedded CE 6.0)	Offset Size Field Value	16 4 OOBDataOffset 0	learn-tou
	OOBDataLength	20	20	4	bytes	no	corpus/learn/windows-embedded-ce-6.0/ee483399(v=winembedded.60).html	ee483399(v=winembedded.60)	Multi-Packet Messages (Windows Embedded CE 6.0)	Offset Size Field Value	20 4 OOBDataLength 0	learn-tou
	NumOOBDataElements	24	24	4	bytes	no	corpus/learn/windows-embedded-ce-6.0/ee483399(v=winembedded.60).html	ee483399(v=winembedded.60)	Multi-Packet Messages (Windows Embedded CE 6.0)	Offset Size Field Value	24 4 NumOOBDataElements 0	learn-tou
	PerPacketInfoOffset	28	28	4	bytes	no	corpus/learn/windows-embedded-ce-6.0/ee483399(v=winembedded.60).html	ee483399(v=winembedded.60)	Multi-Packet Messages (Windows Embedded CE 6.0)	Offset Size Field Value	28 4 PerPacketInfoOffset 0	learn-tou
	PerPacketInfoLength	32	32	4	bytes	no	corpus/learn/windows-embedded-ce-6.0/ee483399(v=winembedded.60).html	ee483399(v=winembedded.60)	Multi-Packet Messages (Windows Embedded CE 6.0)	Offset Size Field Value	32 4 PerPacketInfoLength 0	learn-tou
	VcHandle	36	36	4	bytes	no	corpus/learn/windows-embedded-ce-6.0/ee483399(v=winembedded.60).html	ee483399(v=winembedded.60)	Multi-Packet Messages (Windows Embedded CE 6.0)	Offset Size Field Value	36 4 VcHandle 0	learn-tou
	Reserved	40	40	4	bytes	no	corpus/learn/windows-embedded-ce-6.0/ee483399(v=winembedded.60).html	ee483399(v=winembedded.60)	Multi-Packet Messages (Windows Embedded CE 6.0)	Offset Size Field Value	40 4 Reserved 0	learn-tou
	Payload (data)	44	44	26	bytes	no	corpus/learn/windows-embedded-ce-6.0/ee483399(v=winembedded.60).html	ee483399(v=winembedded.60)	Multi-Packet Messages (Windows Embedded CE 6.0)	Offset Size Field Value	44 26 Payload (data) Some network data of 26 bytes in length	learn-tou
	Padding	70	70	2	bytes	no	corpus/learn/windows-embedded-ce-6.0/ee483399(v=winembedded.60).html	ee483399(v=winembedded.60)	Multi-Packet Messages (Windows Embedded CE 6.0)	Offset Size Field Value	70 2 Padding Does not matter – unused	learn-tou
	MessageType (start of second REMOTE_NDIS_PACKET_MSG)	72	72	4	bytes	no	corpus/learn/windows-embedded-ce-6.0/ee483399(v=winembedded.60).html	ee483399(v=winembedded.60)	Multi-Packet Messages (Windows Embedded CE 6.0)	Offset Size Field Value	72 4 MessageType (start of second REMOTE_NDIS_PACKET_MSG) 0x1	learn-tou
	MessageLength	76	76	4	bytes	no	corpus/learn/windows-embedded-ce-6.0/ee483399(v=winembedded.60).html	ee483399(v=winembedded.60)	Multi-Packet Messages (Windows Embedded CE 6.0)	Offset Size Field Value	76 4 MessageLength 60	learn-tou
	DataOffset	80	80	4	bytes	no	corpus/learn/windows-embedded-ce-6.0/ee483399(v=winembedded.60).html	ee483399(v=winembedded.60)	Multi-Packet Messages (Windows Embedded CE 6.0)	Offset Size Field Value	80 4 DataOffset 36	learn-tou
	DataLength	84	84	4	bytes	no	corpus/learn/windows-embedded-ce-6.0/ee483399(v=winembedded.60).html	ee483399(v=winembedded.60)	Multi-Packet Messages (Windows Embedded CE 6.0)	Offset Size Field Value	84 4 DataLength 16	learn-tou
	OOBDataOffset	88	88	4	bytes	no	corpus/learn/windows-embedded-ce-6.0/ee483399(v=winembedded.60).html	ee483399(v=winembedded.60)	Multi-Packet Messages (Windows Embedded CE 6.0)	Offset Size Field Value	88 4 OOBDataOffset 0	learn-tou
	OOBDataLength	92	92	4	bytes	no	corpus/learn/windows-embedded-ce-6.0/ee483399(v=winembedded.60).html	ee483399(v=winembedded.60)	Multi-Packet Messages (Windows Embedded CE 6.0)	Offset Size Field Value	92 4 OOBDataLength 0	learn-tou
	NumOOBDataElements	96	96	4	bytes	no	corpus/learn/windows-embedded-ce-6.0/ee483399(v=winembedded.60).html	ee483399(v=winembedded.60)	Multi-Packet Messages (Windows Embedded CE 6.0)	Offset Size Field Value	96 4 NumOOBDataElements 0	learn-tou
	PerPacketInfoOffset	100	100	4	bytes	no	corpus/learn/windows-embedded-ce-6.0/ee483399(v=winembedded.60).html	ee483399(v=winembedded.60)	Multi-Packet Messages (Windows Embedded CE 6.0)	Offset Size Field Value	100 4 PerPacketInfoOffset 0	learn-tou
	PerPacketInfoLength	104	104	4	bytes	no	corpus/learn/windows-embedded-ce-6.0/ee483399(v=winembedded.60).html	ee483399(v=winembedded.60)	Multi-Packet Messages (Windows Embedded CE 6.0)	Offset Size Field Value	104 4 PerPacketInfoLength 0	learn-tou
	VcHandle	108	108	4	bytes	no	corpus/learn/windows-embedded-ce-6.0/ee483399(v=winembedded.60).html	ee483399(v=winembedded.60)	Multi-Packet Messages (Windows Embedded CE 6.0)	Offset Size Field Value	108 4 VcHandle 0	learn-tou
	Reserved	112	112	4	bytes	no	corpus/learn/windows-embedded-ce-6.0/ee483399(v=winembedded.60).html	ee483399(v=winembedded.60)	Multi-Packet Messages (Windows Embedded CE 6.0)	Offset Size Field Value	112 4 Reserved 0	learn-tou
	Payload (data)	116	116	16	bytes	no	corpus/learn/windows-embedded-ce-6.0/ee483399(v=winembedded.60).html	ee483399(v=winembedded.60)	Multi-Packet Messages (Windows Embedded CE 6.0)	Offset Size Field Value	116 16 Payload (data) Some network data of 16 bytes in length	learn-tou
	bLength	0	0	1	bytes	no	corpus/learn/windows-embedded-ce-6.0/ee484483(v=winembedded.60).html	ee484483(v=winembedded.60)	Data In Endpoint Descriptor (Windows Embedded CE 6.0)	Offset Field Size Value Description	0 bLength 1 0x07 Size of this descriptor, in bytes	learn-tou
	bDescriptorType	1	1	1	bytes	no	corpus/learn/windows-embedded-ce-6.0/ee484483(v=winembedded.60).html	ee484483(v=winembedded.60)	Data In Endpoint Descriptor (Windows Embedded CE 6.0)	Offset Field Size Value Description	1 bDescriptorType 1 0x05 ENDPOINT descriptor	learn-tou
	bEndpointAddress	2	2	1	bytes	no	corpus/learn/windows-embedded-ce-6.0/ee484483(v=winembedded.60).html	ee484483(v=winembedded.60)	Data In Endpoint Descriptor (Windows Embedded CE 6.0)	Offset Field Size Value Description	2 bEndpointAddress 1 0x82 Endpoint 2 IN	learn-tou
	bmAttributes	3	3	1	bytes	no	corpus/learn/windows-embedded-ce-6.0/ee484483(v=winembedded.60).html	ee484483(v=winembedded.60)	Data In Endpoint Descriptor (Windows Embedded CE 6.0)	Offset Field Size Value Description	3 bmAttributes 1 0x02 Bulk Endpoint	learn-tou
	wMaxPacketSize	4	4	2	bytes	no	corpus/learn/windows-embedded-ce-6.0/ee484483(v=winembedded.60).html	ee484483(v=winembedded.60)	Data In Endpoint Descriptor (Windows Embedded CE 6.0)	Offset Field Size Value Description	4 wMaxPacketSize 2 0x0040 64 byte maximum packet size	learn-tou
	bInterval	6	6	1	bytes	no	corpus/learn/windows-embedded-ce-6.0/ee484483(v=winembedded.60).html	ee484483(v=winembedded.60)	Data In Endpoint Descriptor (Windows Embedded CE 6.0)	Offset Field Size Value Description	6 bInterval 1 0x00 Unused	learn-tou
	Notification	0	0	4	bytes	no	corpus/learn/windows-embedded-ce-6.0/ee484623(v=winembedded.60).html	ee484623(v=winembedded.60)	Control Channel Characteristics (Windows Embedded CE 6.0)	Offset (bytes) Length (bytes) Field Data	0 4 Notification RESPONSE_AVAILABLE (0x00000001)	learn-tou
	Reserved	4	4	4	bytes	no	corpus/learn/windows-embedded-ce-6.0/ee484623(v=winembedded.60).html	ee484623(v=winembedded.60)	Control Channel Characteristics (Windows Embedded CE 6.0)	Offset (bytes) Length (bytes) Field Data	4 4 Reserved 0	learn-tou
	ParameterNameOffset	0	0	4	bytes	no	corpus/learn/windows-embedded-ce-6.0/ee485089(v=winembedded.60).html	ee485089(v=winembedded.60)	RNDIS Device Control (Windows Embedded CE 6.0)	Offset Size Field Description	0 4 ParameterNameOffset Specifies the byte offset from the beginning of the ParameterNameOffset field at which a Unicode character string representing the parameter name is located. The string does not include a NULL terminator.	learn-tou
	ParameterNameLength	4	4	4	bytes	no	corpus/learn/windows-embedded-ce-6.0/ee485089(v=winembedded.60).html	ee485089(v=winembedded.60)	RNDIS Device Control (Windows Embedded CE 6.0)	Offset Size Field Description	4 4 ParameterNameLength Specifies the byte length of the parameter name string.	learn-tou
	ParameterType	8	8	4	bytes	no	corpus/learn/windows-embedded-ce-6.0/ee485089(v=winembedded.60).html	ee485089(v=winembedded.60)	RNDIS Device Control (Windows Embedded CE 6.0)	Offset Size Field Description	8 4 ParameterType Specifies the data type of the parameter value. This is one of the following: 0 – numeric value; 2 – string value.	learn-tou
	ParameterValueOffset	12	12	4	bytes	no	corpus/learn/windows-embedded-ce-6.0/ee485089(v=winembedded.60).html	ee485089(v=winembedded.60)	RNDIS Device Control (Windows Embedded CE 6.0)	Offset Size Field Description	12 4 ParameterValueOffset Specifies the byte offset from the beginning of the ParameterNameOffset field at which the parameter value is located.	learn-tou
	ParameterValueLength	16	16	4	bytes	no	corpus/learn/windows-embedded-ce-6.0/ee485089(v=winembedded.60).html	ee485089(v=winembedded.60)	RNDIS Device Control (Windows Embedded CE 6.0)	Offset Size Field Description	16 4 ParameterValueLength Specifies the byte length of the parameter value.	learn-tou
	bDescriptorType	1	1	1	bytes	no	corpus/learn/windows-embedded-ce-6.0/ee485851(v=winembedded.60).html	ee485851(v=winembedded.60)	Interface Descriptor for Communication Class Interface (Windows Embedded CE 6.0)	Offset Field Size Value Description	1 bDescriptorType 1 0x04 INTERFACE descriptor	learn-tou
	bInterfaceNumber	2	2	1	bytes	no	corpus/learn/windows-embedded-ce-6.0/ee485851(v=winembedded.60).html	ee485851(v=winembedded.60)	Interface Descriptor for Communication Class Interface (Windows Embedded CE 6.0)	Offset Field Size Value Description	2 bInterfaceNumber 1 0x00 Index of this interface	learn-tou
	bAlternateSetting	3	3	1	bytes	no	corpus/learn/windows-embedded-ce-6.0/ee485851(v=winembedded.60).html	ee485851(v=winembedded.60)	Interface Descriptor for Communication Class Interface (Windows Embedded CE 6.0)	Offset Field Size Value Description	3 bAlternateSetting 1 0x00 Index of this setting	learn-tou
	bNumEndpoints	4	4	1	bytes	no	corpus/learn/windows-embedded-ce-6.0/ee485851(v=winembedded.60).html	ee485851(v=winembedded.60)	Interface Descriptor for Communication Class Interface (Windows Embedded CE 6.0)	Offset Field Size Value Description	4 bNumEndpoints 1 0x01 1 endpoint	learn-tou
	bInterfaceClass	5	5	1	bytes	no	corpus/learn/windows-embedded-ce-6.0/ee485851(v=winembedded.60).html	ee485851(v=winembedded.60)	Interface Descriptor for Communication Class Interface (Windows Embedded CE 6.0)	Offset Field Size Value Description	5 bInterfaceClass 1 0x02 Communication Class	learn-tou
	bInterfaceSubclass	6	6	1	bytes	no	corpus/learn/windows-embedded-ce-6.0/ee485851(v=winembedded.60).html	ee485851(v=winembedded.60)	Interface Descriptor for Communication Class Interface (Windows Embedded CE 6.0)	Offset Field Size Value Description	6 bInterfaceSubclass 1 0x02 Abstract Control Model	learn-tou
	bInterfaceProtocol	7	7	1	bytes	no	corpus/learn/windows-embedded-ce-6.0/ee485851(v=winembedded.60).html	ee485851(v=winembedded.60)	Interface Descriptor for Communication Class Interface (Windows Embedded CE 6.0)	Offset Field Size Value Description	7 bInterfaceProtocol 1 0xFF Vendor-specific protocol	learn-tou
	iInterface	8	8	1	bytes	no	corpus/learn/windows-embedded-ce-6.0/ee485851(v=winembedded.60).html	ee485851(v=winembedded.60)	Interface Descriptor for Communication Class Interface (Windows Embedded CE 6.0)	Offset Field Size Value Description	8 iInterface 1 0x00 Unused	learn-tou
	bInterfaceClass	5	5	1	bytes	no	corpus/learn/windows-embedded-ce-6.0/ee486316(v=winembedded.60).html	ee486316(v=winembedded.60)	Data Class Interface (Windows Embedded CE 6.0)	Offset (bytes) Field Size (bytes) Value Description	5 bInterfaceClass 1 0Ah Data Interface Class code.	learn-tou
	bInterfaceSubClass	6	6	1	bytes	no	corpus/learn/windows-embedded-ce-6.0/ee486316(v=winembedded.60).html	ee486316(v=winembedded.60)	Data Class Interface (Windows Embedded CE 6.0)	Offset (bytes) Field Size (bytes) Value Description	6 bInterfaceSubClass 1 00h Data Class SubClass code.	learn-tou
	bInterfaceProtocol	7	7	1	bytes	no	corpus/learn/windows-embedded-ce-6.0/ee486316(v=winembedded.60).html	ee486316(v=winembedded.60)	Data Class Interface (Windows Embedded CE 6.0)	Offset (bytes) Field Size (bytes) Value Description	7 bInterfaceProtocol 1 00h Data Class Protocol code.	learn-tou
	bLength	0	0	1	bytes	no	corpus/learn/windows-embedded-ce-6.0/ee486842(v=winembedded.60).html	ee486842(v=winembedded.60)	Device Descriptor (Windows Embedded CE 6.0)	Offset Field Size Value Description	0 bLength 1 0x12 Size of this descriptor, in bytes	learn-tou
	bDescriptorType	1	1	1	bytes	no	corpus/learn/windows-embedded-ce-6.0/ee486842(v=winembedded.60).html	ee486842(v=winembedded.60)	Device Descriptor (Windows Embedded CE 6.0)	Offset Field Size Value Description	1 bDescriptorType 1 0x01 DEVICE descriptor	learn-tou
	bcdUSB	2	2	2	bytes	no	corpus/learn/windows-embedded-ce-6.0/ee486842(v=winembedded.60).html	ee486842(v=winembedded.60)	Device Descriptor (Windows Embedded CE 6.0)	Offset Field Size Value Description	2 bcdUSB 2 0x0110 1.1 - current revision of USB spec	learn-tou
	bDeviceClass	4	4	1	bytes	no	corpus/learn/windows-embedded-ce-6.0/ee486842(v=winembedded.60).html	ee486842(v=winembedded.60)	Device Descriptor (Windows Embedded CE 6.0)	Offset Field Size Value Description	4 bDeviceClass 1 0x02 Communication Device Class	learn-tou
	bDeviceSubClass	5	5	1	bytes	no	corpus/learn/windows-embedded-ce-6.0/ee486842(v=winembedded.60).html	ee486842(v=winembedded.60)	Device Descriptor (Windows Embedded CE 6.0)	Offset Field Size Value Description	5 bDeviceSubClass 1 0x00 Unused	learn-tou
	bDeviceProtocol	6	6	1	bytes	no	corpus/learn/windows-embedded-ce-6.0/ee486842(v=winembedded.60).html	ee486842(v=winembedded.60)	Device Descriptor (Windows Embedded CE 6.0)	Offset Field Size Value Description	6 bDeviceProtocol 1 0x00 Unused	learn-tou
	bMaxPacketSize0	7	7	1	bytes	no	corpus/learn/windows-embedded-ce-6.0/ee486842(v=winembedded.60).html	ee486842(v=winembedded.60)	Device Descriptor (Windows Embedded CE 6.0)	Offset Field Size Value Description	7 bMaxPacketSize0 1 0x08 Max packet size on control pipe	learn-tou
	idVendor	8	8	2	bytes	no	corpus/learn/windows-embedded-ce-6.0/ee486842(v=winembedded.60).html	ee486842(v=winembedded.60)	Device Descriptor (Windows Embedded CE 6.0)	Offset Field Size Value Description	8 idVendor 2 0xXXXX Vendor ID	learn-tou
	idProduct	10	10	2	bytes	no	corpus/learn/windows-embedded-ce-6.0/ee486842(v=winembedded.60).html	ee486842(v=winembedded.60)	Device Descriptor (Windows Embedded CE 6.0)	Offset Field Size Value Description	10 idProduct 2 0xXXXX Product ID	learn-tou
	bcdDevice	12	12	2	bytes	no	corpus/learn/windows-embedded-ce-6.0/ee486842(v=winembedded.60).html	ee486842(v=winembedded.60)	Device Descriptor (Windows Embedded CE 6.0)	Offset Field Size Value Description	12 bcdDevice 2 0xXXXX Device Release Code	learn-tou
	iManufacturer	14	14	1	bytes	no	corpus/learn/windows-embedded-ce-6.0/ee486842(v=winembedded.60).html	ee486842(v=winembedded.60)	Device Descriptor (Windows Embedded CE 6.0)	Offset Field Size Value Description	14 iManufacturer 1 0x01 Index of manufacturer string	learn-tou
	iProduct	15	15	1	bytes	no	corpus/learn/windows-embedded-ce-6.0/ee486842(v=winembedded.60).html	ee486842(v=winembedded.60)	Device Descriptor (Windows Embedded CE 6.0)	Offset Field Size Value Description	15 iProduct 1 0x02 Index of product string	learn-tou
	iSerialNumber	16	16	1	bytes	no	corpus/learn/windows-embedded-ce-6.0/ee486842(v=winembedded.60).html	ee486842(v=winembedded.60)	Device Descriptor (Windows Embedded CE 6.0)	Offset Field Size Value Description	16 iSerialNumber 1 0x03 Index of device serial number string	learn-tou
	bNumConfigurations	17	17	1	bytes	no	corpus/learn/windows-embedded-ce-6.0/ee486842(v=winembedded.60).html	ee486842(v=winembedded.60)	Device Descriptor (Windows Embedded CE 6.0)	Offset Field Size Value Description	17 bNumConfigurations 1 0x01 One configuration	learn-tou
	dwHeight	0	0	2	bytes	no	corpus/msdn-library/wcedevcon-99/wcehpc/hpc_pxl_12.html	hpc_pxl_12	FONT: Font Description (31h)	Offset Name Size Contents	0 dwHeight 2 Height of font, in twips	msdn-library-copyright
	grbit	2	2	2	bytes	no	corpus/msdn-library/wcedevcon-99/wcehpc/hpc_pxl_12.html	hpc_pxl_12	FONT: Font Description (31h)	Offset Name Size Contents	2 grbit 2 Font attributes	msdn-library-copyright
	Reserved	4	4	2	bytes	no	corpus/msdn-library/wcedevcon-99/wcehpc/hpc_pxl_12.html	hpc_pxl_12	FONT: Font Description (31h)	Offset Name Size Contents	4 Reserved 2 Reserved	msdn-library-copyright
	bls	6	6	2	bytes	no	corpus/msdn-library/wcedevcon-99/wcehpc/hpc_pxl_12.html	hpc_pxl_12	FONT: Font Description (31h)	Offset Name Size Contents	6 bls 2 Bold style	msdn-library-copyright
	Reserved	8	8	2	bytes	no	corpus/msdn-library/wcedevcon-99/wcehpc/hpc_pxl_12.html	hpc_pxl_12	FONT: Font Description (31h)	Offset Name Size Contents	8 Reserved 2 Reserved	msdn-library-copyright
	uls	10	10	1	bytes	no	corpus/msdn-library/wcedevcon-99/wcehpc/hpc_pxl_12.html	hpc_pxl_12	FONT: Font Description (31h)	Offset Name Size Contents	10 uls 1 Underline style	msdn-library-copyright
	bFamily	11	11	1	bytes	no	corpus/msdn-library/wcedevcon-99/wcehpc/hpc_pxl_12.html	hpc_pxl_12	FONT: Font Description (31h)	Offset Name Size Contents	11 bFamily 1 Font Family	msdn-library-copyright
	bCharSet	12	12	1	bytes	no	corpus/msdn-library/wcedevcon-99/wcehpc/hpc_pxl_12.html	hpc_pxl_12	FONT: Font Description (31h)	Offset Name Size Contents	12 bCharSet 1 Character set	msdn-library-copyright
	Reserved	13	13	1	bytes	no	corpus/msdn-library/wcedevcon-99/wcehpc/hpc_pxl_12.html	hpc_pxl_12	FONT: Font Description (31h)	Offset Name Size Contents	13 Reserved 1 Reserved	msdn-library-copyright
	cch	14	14	1	bytes	no	corpus/msdn-library/wcedevcon-99/wcehpc/hpc_pxl_12.html	hpc_pxl_12	FONT: Font Description (31h)	Offset Name Size Contents	14 cch 1 Length of font name, in characters	msdn-library-copyright
	rgch	15	15			no	corpus/msdn-library/wcedevcon-99/wcehpc/hpc_pxl_12.html	hpc_pxl_12	FONT: Font Description (31h)	Offset Name Size Contents	15 rgch Variable Font Name	msdn-library-copyright
	cce	0	0	1	bytes	no	corpus/msdn-library/wcedevcon-99/wcehpc/hpc_pxl_13.html	hpc_pxl_13	FORMAT: Number Format (1Eh)	Offset Name Size Contents	0 cce 1 Length of format string, in characters	msdn-library-copyright
	rgch	1	1			no	corpus/msdn-library/wcedevcon-99/wcehpc/hpc_pxl_13.html	hpc_pxl_13	FORMAT: Number Format (1Eh)	Offset Name Size Contents	1 rgch Variable Number format string	msdn-library-copyright
	otBlankString	0	0	1	bytes	no	corpus/msdn-library/wcedevcon-99/wcehpc/hpc_pxl_14.html	hpc_pxl_14	FORMULA: Cell Formula (06h)	Offset Name Size Contents	0 otBlankString 1 = 3, always	msdn-library-copyright
	otBool	0	0	1	bytes	no	corpus/msdn-library/wcedevcon-99/wcehpc/hpc_pxl_14.html	hpc_pxl_14	FORMULA: Cell Formula (06h)	Offset Name Size Contents	0 otBool 1 =1, always	msdn-library-copyright
	otErr	0	0	1	bytes	no	corpus/msdn-library/wcedevcon-99/wcehpc/hpc_pxl_14.html	hpc_pxl_14	FORMULA: Cell Formula (06h)	Offset Name Size Contents	0 otErr 1 = 2, always	msdn-library-copyright
	otString	0	0	1	bytes	no	corpus/msdn-library/wcedevcon-99/wcehpc/hpc_pxl_14.html	hpc_pxl_14	FORMULA: Cell Formula (06h)	Offset Name Size Contents	0 otString 1 = 0, always	msdn-library-copyright
	rw	0	0	2	bytes	no	corpus/msdn-library/wcedevcon-99/wcehpc/hpc_pxl_14.html	hpc_pxl_14	FORMULA: Cell Formula (06h)	Offset Name Size Contents	0 rw 2 Row	msdn-library-copyright
	Reserved	1	1	1	bytes	no	corpus/msdn-library/wcedevcon-99/wcehpc/hpc_pxl_14.html	hpc_pxl_14	FORMULA: Cell Formula (06h)	Offset Name Size Contents	1 Reserved 1 Must be zero	msdn-library-copyright
	Reserved	1	1	1	bytes	no	corpus/msdn-library/wcedevcon-99/wcehpc/hpc_pxl_14.html	hpc_pxl_14	FORMULA: Cell Formula (06h)	Offset Name Size Contents	1 Reserved 1 Must be zero	msdn-library-copyright
	Reserved	1	1	5	bytes	no	corpus/msdn-library/wcedevcon-99/wcehpc/hpc_pxl_14.html	hpc_pxl_14	FORMULA: Cell Formula (06h)	Offset Name Size Contents	1 Reserved 5 Must be zero	msdn-library-copyright
	Reserved	1	1	5	bytes	no	corpus/msdn-library/wcedevcon-99/wcehpc/hpc_pxl_14.html	hpc_pxl_14	FORMULA: Cell Formula (06h)	Offset Name Size Contents	1 Reserved 5 Must be zero	msdn-library-copyright
	col	2	2	1	bytes	no	corpus/msdn-library/wcedevcon-99/wcehpc/hpc_pxl_14.html	hpc_pxl_14	FORMULA: Cell Formula (06h)	Offset Name Size Contents	2 col 1 Column	msdn-library-copyright
	err	2	2	1	bytes	no	corpus/msdn-library/wcedevcon-99/wcehpc/hpc_pxl_14.html	hpc_pxl_14	FORMULA: Cell Formula (06h)	Offset Name Size Contents	2 err 1 Error value	msdn-library-copyright
	f	2	2	1	bytes	no	corpus/msdn-library/wcedevcon-99/wcehpc/hpc_pxl_14.html	hpc_pxl_14	FORMULA: Cell Formula (06h)	Offset Name Size Contents	2 f 1 Boolean value	msdn-library-copyright
	ixfe	3	3	2	bytes	no	corpus/msdn-library/wcedevcon-99/wcehpc/hpc_pxl_14.html	hpc_pxl_14	FORMULA: Cell Formula (06h)	Offset Name Size Contents	3 ixfe 2 Index to XF record	msdn-library-copyright
	Reserved	3	3	3	bytes	no	corpus/msdn-library/wcedevcon-99/wcehpc/hpc_pxl_14.html	hpc_pxl_14	FORMULA: Cell Formula (06h)	Offset Name Size Contents	3 Reserved 3 Must be zero	msdn-library-copyright
	Reserved	3	3	3	bytes	no	corpus/msdn-library/wcedevcon-99/wcehpc/hpc_pxl_14.html	hpc_pxl_14	FORMULA: Cell Formula (06h)	Offset Name Size Contents	3 Reserved 3 Must be zero	msdn-library-copyright
	num	5	5	8	bytes	no	corpus/msdn-library/wcedevcon-99/wcehpc/hpc_pxl_14.html	hpc_pxl_14	FORMULA: Cell Formula (06h)	Offset Name Size Contents	5 num 8 Current value of formula	msdn-library-copyright
	fExpr0	6	6	2	bytes	no	corpus/msdn-library/wcedevcon-99/wcehpc/hpc_pxl_14.html	hpc_pxl_14	FORMULA: Cell Formula (06h)	Offset Name Size Contents	6 fExpr0 2 = FFFFh, always	msdn-library-copyright
	fExpr0	6	6	2	bytes	no	corpus/msdn-library/wcedevcon-99/wcehpc/hpc_pxl_14.html	hpc_pxl_14	FORMULA: Cell Formula (06h)	Offset Name Size Contents	6 fExpr0 2 = FFFFh, always	msdn-library-copyright
	fExpr0	6	6	2	bytes	no	corpus/msdn-library/wcedevcon-99/wcehpc/hpc_pxl_14.html	hpc_pxl_14	FORMULA: Cell Formula (06h)	Offset Name Size Contents	6 fExpr0 2 = FFFFh, always	msdn-library-copyright
	fExpr0	6	6	2	bytes	no	corpus/msdn-library/wcedevcon-99/wcehpc/hpc_pxl_14.html	hpc_pxl_14	FORMULA: Cell Formula (06h)	Offset Name Size Contents	6 fExpr0 2 = FFFFH	msdn-library-copyright
	grbit	13	13	1	bytes	no	corpus/msdn-library/wcedevcon-99/wcehpc/hpc_pxl_14.html	hpc_pxl_14	FORMULA: Cell Formula (06h)	Offset Name Size Contents	13 grbit 1 Option flags	msdn-library-copyright
	cce	14	14	2	bytes	no	corpus/msdn-library/wcedevcon-99/wcehpc/hpc_pxl_14.html	hpc_pxl_14	FORMULA: Cell Formula (06h)	Offset Name Size Contents	14 cce 2 Length of parsed expression, in bytes	msdn-library-copyright
	rgce	16	16			no	corpus/msdn-library/wcedevcon-99/wcehpc/hpc_pxl_14.html	hpc_pxl_14	FORMULA: Cell Formula (06h)	Offset Name Size Contents	16 rgce Variable Parsed expression	msdn-library-copyright
	rw	0	0	2	bytes	no	corpus/msdn-library/wcedevcon-99/wcehpc/hpc_pxl_15.html	hpc_pxl_15	LABEL: Cell Value, String Constant (04h)	Offset Name Size Contents	0 rw 2 Row	msdn-library-copyright
	col	2	2	1	bytes	no	corpus/msdn-library/wcedevcon-99/wcehpc/hpc_pxl_15.html	hpc_pxl_15	LABEL: Cell Value, String Constant (04h)	Offset Name Size Contents	2 col 1 Column	msdn-library-copyright
	ixfe	3	3	2	bytes	no	corpus/msdn-library/wcedevcon-99/wcehpc/hpc_pxl_15.html	hpc_pxl_15	LABEL: Cell Value, String Constant (04h)	Offset Name Size Contents	3 ixfe 2 Index to XF record	msdn-library-copyright
	cch	5	5	2	bytes	no	corpus/msdn-library/wcedevcon-99/wcehpc/hpc_pxl_15.html	hpc_pxl_15	LABEL: Cell Value, String Constant (04h)	Offset Name Size Contents	5 cch 2 Length of the string, in characters	msdn-library-copyright
	rgch	7	7			no	corpus/msdn-library/wcedevcon-99/wcehpc/hpc_pxl_15.html	hpc_pxl_15	LABEL: Cell Value, String Constant (04h)	Offset Name Size Contents	7 rgch Variable The string	msdn-library-copyright
	cch	0	0	1	bytes	no	corpus/msdn-library/wcedevcon-99/wcehpc/hpc_pxl_16.html	hpc_pxl_16	NAME: Defined Name (18h) [PXL 1.0]	Offset Name Size Contents	0 cch 1 Length of the name text, in characters	msdn-library-copyright
	cce	1	1	2	bytes	no	corpus/msdn-library/wcedevcon-99/wcehpc/hpc_pxl_16.html	hpc_pxl_16	NAME: Defined Name (18h) [PXL 1.0]	Offset Name Size Contents	1 cce 2 Length of the name definition, in bytes	msdn-library-copyright
	ixals	3	3	2	bytes	no	corpus/msdn-library/wcedevcon-99/wcehpc/hpc_pxl_16.html	hpc_pxl_16	NAME: Defined Name (18h) [PXL 1.0]	Offset Name Size Contents	3 ixals 2 Index to sheet that contains name	msdn-library-copyright
	rgch	5	5			no	corpus/msdn-library/wcedevcon-99/wcehpc/hpc_pxl_16.html	hpc_pxl_16	NAME: Defined Name (18h) [PXL 1.0]	Offset Name Size Contents	5 rgch Variable Name text	msdn-library-copyright
	grbit	0	0	2	bytes	no	corpus/msdn-library/wcedevcon-99/wcehpc/hpc_pxl_17.html	hpc_pxl_17	NAME: Defined Name (18h) [PXL 2.0]	Offset Name Size Contents	0 grbit 2 Option flags	msdn-library-copyright
	cch	2	2	1	bytes	no	corpus/msdn-library/wcedevcon-99/wcehpc/hpc_pxl_17.html	hpc_pxl_17	NAME: Defined Name (18h) [PXL 2.0]	Offset Name Size Contents	2 cch 1 Length of the name text, in characters	msdn-library-copyright
	cce	3	3	2	bytes	no	corpus/msdn-library/wcedevcon-99/wcehpc/hpc_pxl_17.html	hpc_pxl_17	NAME: Defined Name (18h) [PXL 2.0]	Offset Name Size Contents	3 cce 2 Length of the name definition, in bytes	msdn-library-copyright
	ixals	5	5	2	bytes	no	corpus/msdn-library/wcedevcon-99/wcehpc/hpc_pxl_17.html	hpc_pxl_17	NAME: Defined Name (18h) [PXL 2.0]	Offset Name Size Contents	5 ixals 2 Index to sheet that contains name	msdn-library-copyright
	rgch	7	7			no	corpus/msdn-library/wcedevcon-99/wcehpc/hpc_pxl_17.html	hpc_pxl_17	NAME: Defined Name (18h) [PXL 2.0]	Offset Name Size Contents	7 rgch Variable Name text	msdn-library-copyright
	rw	0	0	2	bytes	no	corpus/msdn-library/wcedevcon-99/wcehpc/hpc_pxl_18.html	hpc_pxl_18	NUMBER: Cell Value, Floating-Point Number (03h)	Offset Name Size Contents	0 rw 2 Row	msdn-library-copyright
	col	2	2	1	bytes	no	corpus/msdn-library/wcedevcon-99/wcehpc/hpc_pxl_18.html	hpc_pxl_18	NUMBER: Cell Value, Floating-Point Number (03h)	Offset Name Size Contents	2 col 1 Column	msdn-library-copyright
	ixfe	3	3	2	bytes	no	corpus/msdn-library/wcedevcon-99/wcehpc/hpc_pxl_18.html	hpc_pxl_18	NUMBER: Cell Value, Floating-Point Number (03h)	Offset Name Size Contents	3 ixfe 2 Index to XF record	msdn-library-copyright
	num	5	5	8	bytes	no	corpus/msdn-library/wcedevcon-99/wcehpc/hpc_pxl_18.html	hpc_pxl_18	NUMBER: Cell Value, Floating-Point Number (03h)	Offset Name Size Contents	5 num 8 Floating point value	msdn-library-copyright
	x	0	0	2	bytes	no	corpus/msdn-library/wcedevcon-99/wcehpc/hpc_pxl_19.html	hpc_pxl_19	PANE: Number of Panes and their Position (41h) [PXL 2.0]	Offset Name Size Contents	0 x 2 Horizontal position	msdn-library-copyright
	y	2	2	2	bytes	no	corpus/msdn-library/wcedevcon-99/wcehpc/hpc_pxl_19.html	hpc_pxl_19	PANE: Number of Panes and their Position (41h) [PXL 2.0]	Offset Name Size Contents	2 y 2 Vertical position	msdn-library-copyright
	rwTop	4	4	2	bytes	no	corpus/msdn-library/wcedevcon-99/wcehpc/hpc_pxl_19.html	hpc_pxl_19	PANE: Number of Panes and their Position (41h) [PXL 2.0]	Offset Name Size Contents	4 rwTop 2 Top row visible	msdn-library-copyright
	colLeft	6	6	2	bytes	no	corpus/msdn-library/wcedevcon-99/wcehpc/hpc_pxl_19.html	hpc_pxl_19	PANE: Number of Panes and their Position (41h) [PXL 2.0]	Offset Name Size Contents	6 colLeft 2 Leftmost column visible	msdn-library-copyright
	pnnAct	8	8	1	bytes	no	corpus/msdn-library/wcedevcon-99/wcehpc/hpc_pxl_19.html	hpc_pxl_19	PANE: Number of Panes and their Position (41h) [PXL 2.0]	Offset Name Size Contents	8 pnnAct 1 Pane number	msdn-library-copyright
	rw	0	0	2	bytes	no	corpus/msdn-library/wcedevcon-99/wcehpc/hpc_pxl_2.html	hpc_pxl_2	BLANK: Cell Value, Blank Cell (01h)	Offset Name Size Contents	0 rw 2 Row	msdn-library-copyright
	col	2	2	1	bytes	no	corpus/msdn-library/wcedevcon-99/wcehpc/hpc_pxl_2.html	hpc_pxl_2	BLANK: Cell Value, Blank Cell (01h)	Offset Name Size Contents	2 col 1 Column	msdn-library-copyright
	ixfe	3	3	2	bytes	no	corpus/msdn-library/wcedevcon-99/wcehpc/hpc_pxl_2.html	hpc_pxl_2	BLANK: Cell Value, Blank Cell (01h)	Offset Name Size Contents	3 ixfe 2 Index to XF record	msdn-library-copyright
	rw	0	0	2	bytes	no	corpus/msdn-library/wcedevcon-99/wcehpc/hpc_pxl_20.html	hpc_pxl_20	ROW: Describes a Row (08h)	Offset Name Size Contents	0 rw 2 Row number	msdn-library-copyright
	miyRw	2	2	2	bytes	no	corpus/msdn-library/wcedevcon-99/wcehpc/hpc_pxl_20.html	hpc_pxl_20	ROW: Describes a Row (08h)	Offset Name Size Contents	2 miyRw 2 Row height	msdn-library-copyright
	grbit	4	4	2	bytes	no	corpus/msdn-library/wcedevcon-99/wcehpc/hpc_pxl_20.html	hpc_pxl_20	ROW: Describes a Row (08h)	Offset Name Size Contents	4 grbit 2 Option flags	msdn-library-copyright
	ixfe	6	6	2	bytes	no	corpus/msdn-library/wcedevcon-99/wcehpc/hpc_pxl_20.html	hpc_pxl_20	ROW: Describes a Row (08h)	Offset Name Size Contents	6 ixfe 2 Index to the XF record for the row	msdn-library-copyright
	rwTop	0	0	2	bytes	no	corpus/msdn-library/wcedevcon-99/wcehpc/hpc_pxl_21.html	hpc_pxl_21	SELECTION: Current Selection (1Dh)	Offset Name Size Contents	0 rwTop 2 Top Row of the selection	msdn-library-copyright
	colLeft	2	2	1	bytes	no	corpus/msdn-library/wcedevcon-99/wcehpc/hpc_pxl_21.html	hpc_pxl_21	SELECTION: Current Selection (1Dh)	Offset Name Size Contents	2 colLeft 1 Leftmost column of the selection	msdn-library-copyright
	rwBottom	3	3	2	bytes	no	corpus/msdn-library/wcedevcon-99/wcehpc/hpc_pxl_21.html	hpc_pxl_21	SELECTION: Current Selection (1Dh)	Offset Name Size Contents	3 rwBottom 2 Bottom row of the selection	msdn-library-copyright
	colRight	5	5	1	bytes	no	corpus/msdn-library/wcedevcon-99/wcehpc/hpc_pxl_21.html	hpc_pxl_21	SELECTION: Current Selection (1Dh)	Offset Name Size Contents	5 colRight 1 Rightmost column of the selection	msdn-library-copyright
	rwActive	6	6	2	bytes	no	corpus/msdn-library/wcedevcon-99/wcehpc/hpc_pxl_21.html	hpc_pxl_21	SELECTION: Current Selection (1Dh)	Offset Name Size Contents	6 rwActive 2 Row number of the active cell	msdn-library-copyright
	colActive	8	8	1	bytes	no	corpus/msdn-library/wcedevcon-99/wcehpc/hpc_pxl_21.html	hpc_pxl_21	SELECTION: Current Selection (1Dh)	Offset Name Size Contents	8 colActive 1 Column number of the active column	msdn-library-copyright
	cch	0	0	1	bytes	no	corpus/msdn-library/wcedevcon-99/wcehpc/hpc_pxl_22.html	hpc_pxl_22	STRING: String Value of a Formula (07h)	Offset Name Size Contents	0 cch 1 Length of the string, in characters	msdn-library-copyright
	rgch	1	1			no	corpus/msdn-library/wcedevcon-99/wcehpc/hpc_pxl_22.html	hpc_pxl_22	STRING: String Value of a Formula (07h)	Offset Name Size Contents	1 rgch Variable String	msdn-library-copyright
	grbit	0	0	2	bytes	no	corpus/msdn-library/wcedevcon-99/wcehpc/hpc_pxl_23.html	hpc_pxl_23	WINDOW1: Window Information (3Dh) [PXL 2.0]	Offset Name Size Contents	0 grbit 2 Option flags. Must be set to zero	msdn-library-copyright
	itabCur	2	2	2	bytes	no	corpus/msdn-library/wcedevcon-99/wcehpc/hpc_pxl_23.html	hpc_pxl_23	WINDOW1: Window Information (3Dh) [PXL 2.0]	Offset Name Size Contents	2 itabCur 2 Index of selected workbook tab (active sheet)	msdn-library-copyright
	rwTop	0	0	2	bytes	no	corpus/msdn-library/wcedevcon-99/wcehpc/hpc_pxl_24.html	hpc_pxl_24	WINDOW2: Sheet Window Information (3Eh) [PXL 1.0]	Offset Name Size Contents	0 rwTop 2 Top row visible in the window	msdn-library-copyright
	colLeft	2	2	1	bytes	no	corpus/msdn-library/wcedevcon-99/wcehpc/hpc_pxl_24.html	hpc_pxl_24	WINDOW2: Sheet Window Information (3Eh) [PXL 1.0]	Offset Name Size Contents	2 colLeft 1 Leftmost column visible in the window	msdn-library-copyright
	rwTop	0	0	2	bytes	no	corpus/msdn-library/wcedevcon-99/wcehpc/hpc_pxl_25.html	hpc_pxl_25	WINDOW2: Sheet Window Information (3Eh) [PXL 2.0]	Offset Name Size Contents	0 rwTop 2 Top row visible in the window	msdn-library-copyright
	colLeft	2	2	1	bytes	no	corpus/msdn-library/wcedevcon-99/wcehpc/hpc_pxl_25.html	hpc_pxl_25	WINDOW2: Sheet Window Information (3Eh) [PXL 2.0]	Offset Name Size Contents	2 colLeft 1 Leftmost column visible in the window	msdn-library-copyright
	grbit	4	4	2	bytes	no	corpus/msdn-library/wcedevcon-99/wcehpc/hpc_pxl_25.html	hpc_pxl_25	WINDOW2: Sheet Window Information (3Eh) [PXL 2.0]	Offset Name Size Contents	4 grbit 2 Option flags	msdn-library-copyright
	ixfnt	0	0	2	bytes	no	corpus/msdn-library/wcedevcon-99/wcehpc/hpc_pxl_26.html	hpc_pxl_26	XF: Extended Format (E0h) [PXL 1.0]	Offset Name Size Contents	0 ixfnt 2 Index to FONT record	msdn-library-copyright
	ixfmtParent	2	2	2	bytes	no	corpus/msdn-library/wcedevcon-99/wcehpc/hpc_pxl_26.html	hpc_pxl_26	XF: Extended Format (E0h) [PXL 1.0]	Offset Name Size Contents	2 ixfmtParent 2 Unused	msdn-library-copyright
	ixnf	4	4	2	bytes	no	corpus/msdn-library/wcedevcon-99/wcehpc/hpc_pxl_26.html	hpc_pxl_26	XF: Extended Format (E0h) [PXL 1.0]	Offset Name Size Contents	4 ixnf 2 Index to FORMAT record plus 230	msdn-library-copyright
	fAttributes	6	6	4	bytes	no	corpus/msdn-library/wcedevcon-99/wcehpc/hpc_pxl_26.html	hpc_pxl_26	XF: Extended Format (E0h) [PXL 1.0]	Offset Name Size Contents	6 fAttributes 4 Unused	msdn-library-copyright
	fBaseAttr	10	10	2	bytes	no	corpus/msdn-library/wcedevcon-99/wcehpc/hpc_pxl_26.html	hpc_pxl_26	XF: Extended Format (E0h) [PXL 1.0]	Offset Name Size Contents	10 fBaseAttr 2 Base attribute flags	msdn-library-copyright
	fTextAttr	12	12	2	bytes	no	corpus/msdn-library/wcedevcon-99/wcehpc/hpc_pxl_26.html	hpc_pxl_26	XF: Extended Format (E0h) [PXL 1.0]	Offset Name Size Contents	12 fTextAttr 2 Text attribute flags	msdn-library-copyright
	icvFore	14	14	2	bytes	no	corpus/msdn-library/wcedevcon-99/wcehpc/hpc_pxl_26.html	hpc_pxl_26	XF: Extended Format (E0h) [PXL 1.0]	Offset Name Size Contents	14 icvFore 2 Foreground color	msdn-library-copyright
	icvFill	16	16	2	bytes	no	corpus/msdn-library/wcedevcon-99/wcehpc/hpc_pxl_26.html	hpc_pxl_26	XF: Extended Format (E0h) [PXL 1.0]	Offset Name Size Contents	16 icvFill 2 Unused	msdn-library-copyright
	icvBorder	18	18	2	bytes	no	corpus/msdn-library/wcedevcon-99/wcehpc/hpc_pxl_26.html	hpc_pxl_26	XF: Extended Format (E0h) [PXL 1.0]	Offset Name Size Contents	18 icvBorder 2 Unused	msdn-library-copyright
	backstyle	20	20	1	bytes	no	corpus/msdn-library/wcedevcon-99/wcehpc/hpc_pxl_26.html	hpc_pxl_26	XF: Extended Format (E0h) [PXL 1.0]	Offset Name Size Contents	20 backstyle 1 Unused	msdn-library-copyright
	borderstyle	21	21	1	bytes	no	corpus/msdn-library/wcedevcon-99/wcehpc/hpc_pxl_26.html	hpc_pxl_26	XF: Extended Format (E0h) [PXL 1.0]	Offset Name Size Contents	21 borderstyle 1 Unused	msdn-library-copyright
	ixfnt	0	0	2	bytes	no	corpus/msdn-library/wcedevcon-99/wcehpc/hpc_pxl_27.html	hpc_pxl_27	XF: Extended Format (E0h) [PXL 2.0]	Offset Name Size Contents	0 ixfnt 2 Index to FONT record	msdn-library-copyright
	ixnf	4	4	2	bytes	no	corpus/msdn-library/wcedevcon-99/wcehpc/hpc_pxl_27.html	hpc_pxl_27	XF: Extended Format (E0h) [PXL 2.0]	Offset Name Size Contents	4 ixnf 2 Index to FORMAT record plus 230	msdn-library-copyright
	fattributes	6	6	4	bytes	no	corpus/msdn-library/wcedevcon-99/wcehpc/hpc_pxl_27.html	hpc_pxl_27	XF: Extended Format (E0h) [PXL 2.0]	Offset Name Size Contents	6 fattributes 4 Unused, set to 0xFFFF	msdn-library-copyright
	fBaseAttr	10	10	2	bytes	no	corpus/msdn-library/wcedevcon-99/wcehpc/hpc_pxl_27.html	hpc_pxl_27	XF: Extended Format (E0h) [PXL 2.0]	Offset Name Size Contents	10 fBaseAttr 2 Base attribute flags	msdn-library-copyright
	fTextAttr	12	12	2	bytes	no	corpus/msdn-library/wcedevcon-99/wcehpc/hpc_pxl_27.html	hpc_pxl_27	XF: Extended Format (E0h) [PXL 2.0]	Offset Name Size Contents	12 fTextAttr 2 Text attribute flags	msdn-library-copyright
	icvFore	14	14	2	bytes	no	corpus/msdn-library/wcedevcon-99/wcehpc/hpc_pxl_27.html	hpc_pxl_27	XF: Extended Format (E0h) [PXL 2.0]	Offset Name Size Contents	14 icvFore 2 Background color of cell	msdn-library-copyright
	icvFill	16	16	2	bytes	no	corpus/msdn-library/wcedevcon-99/wcehpc/hpc_pxl_27.html	hpc_pxl_27	XF: Extended Format (E0h) [PXL 2.0]	Offset Name Size Contents	16 icvFill 2 Unused	msdn-library-copyright
	bRight	18	18	1	bytes	no	corpus/msdn-library/wcedevcon-99/wcehpc/hpc_pxl_27.html	hpc_pxl_27	XF: Extended Format (E0h) [PXL 2.0]	Offset Name Size Contents	18 bRight 1 Right border style	msdn-library-copyright
	bTop	19	19	1	bytes	no	corpus/msdn-library/wcedevcon-99/wcehpc/hpc_pxl_27.html	hpc_pxl_27	XF: Extended Format (E0h) [PXL 2.0]	Offset Name Size Contents	19 bTop 1 Top border style	msdn-library-copyright
	backstyle	20	20	1	bytes	no	corpus/msdn-library/wcedevcon-99/wcehpc/hpc_pxl_27.html	hpc_pxl_27	XF: Extended Format (E0h) [PXL 2.0]	Offset Name Size Contents	20 backstyle 1 Unused	msdn-library-copyright
	bLeft	20	20	1	bytes	no	corpus/msdn-library/wcedevcon-99/wcehpc/hpc_pxl_27.html	hpc_pxl_27	XF: Extended Format (E0h) [PXL 2.0]	Offset Name Size Contents	20 bLeft 1 Left border style	msdn-library-copyright
	bBottom	21	21	1	bytes	no	corpus/msdn-library/wcedevcon-99/wcehpc/hpc_pxl_27.html	hpc_pxl_27	XF: Extended Format (E0h) [PXL 2.0]	Offset Name Size Contents	21 bBottom 1 Bottom border style	msdn-library-copyright
	borderstyle	21	21	1	bytes	no	corpus/msdn-library/wcedevcon-99/wcehpc/hpc_pxl_27.html	hpc_pxl_27	XF: Extended Format (E0h) [PXL 2.0]	Offset Name Size Contents	21 borderstyle 1 Unused	msdn-library-copyright
	vers	0	0	2	bytes	no	corpus/msdn-library/wcedevcon-99/wcehpc/hpc_pxl_3.html	hpc_pxl_3	BOF: Beginning of File (09h)	Offset Name Size Contents	0 vers 2 Version number	msdn-library-copyright
	dt	2	2	2	bytes	no	corpus/msdn-library/wcedevcon-99/wcehpc/hpc_pxl_3.html	hpc_pxl_3	BOF: Beginning of File (09h)	Offset Name Size Contents	2 dt 2 Substream type	msdn-library-copyright
	rw	0	0	2	bytes	no	corpus/msdn-library/wcedevcon-99/wcehpc/hpc_pxl_4.html	hpc_pxl_4	BOOLERR: Cell Value, Boolean or Error (05h)	Offset Name Size Contents	0 rw 2 Row	msdn-library-copyright
	col	2	2	1	bytes	no	corpus/msdn-library/wcedevcon-99/wcehpc/hpc_pxl_4.html	hpc_pxl_4	BOOLERR: Cell Value, Boolean or Error (05h)	Offset Name Size Contents	2 col 1 Column	msdn-library-copyright
	ixfe	3	3	2	bytes	no	corpus/msdn-library/wcedevcon-99/wcehpc/hpc_pxl_4.html	hpc_pxl_4	BOOLERR: Cell Value, Boolean or Error (05h)	Offset Name Size Contents	3 ixfe 2 Index to XF record	msdn-library-copyright
	bBoolErr	5	5	1	bytes	no	corpus/msdn-library/wcedevcon-99/wcehpc/hpc_pxl_4.html	hpc_pxl_4	BOOLERR: Cell Value, Boolean or Error (05h)	Offset Name Size Contents	5 bBoolErr 1 Boolean value or error value	msdn-library-copyright
	fError	6	6	1	bytes	no	corpus/msdn-library/wcedevcon-99/wcehpc/hpc_pxl_4.html	hpc_pxl_4	BOOLERR: Cell Value, Boolean or Error (05h)	Offset Name Size Contents	6 fError 1 Boolean error flag	msdn-library-copyright
	Reserved	0	0	1	bytes	no	corpus/msdn-library/wcedevcon-99/wcehpc/hpc_pxl_5.html	hpc_pxl_5	BOUNDSHEET: Sheet Information (85h)	Offset Name Size Contents	0 Reserved 1 Reserved (must be set to zero).	msdn-library-copyright
	cch	1	1	1	bytes	no	corpus/msdn-library/wcedevcon-99/wcehpc/hpc_pxl_5.html	hpc_pxl_5	BOUNDSHEET: Sheet Information (85h)	Offset Name Size Contents	1 cch 1 Length of sheet name, in characters	msdn-library-copyright
	rgch	2	2			no	corpus/msdn-library/wcedevcon-99/wcehpc/hpc_pxl_5.html	hpc_pxl_5	BOUNDSHEET: Sheet Information (85h)	Offset Name Size Contents	2 rgch Variable Sheet name	msdn-library-copyright
	col	0	0	2	bytes	no	corpus/msdn-library/wcedevcon-99/wcehpc/hpc_pxl_6.html	hpc_pxl_6	COLINFO: Column Formatting Information (7Dh) [PXL 1.0]	Offset Name Size Contents	0 col 2 Column	msdn-library-copyright
	grbit	2	2	2	bytes	no	corpus/msdn-library/wcedevcon-99/wcehpc/hpc_pxl_6.html	hpc_pxl_6	COLINFO: Column Formatting Information (7Dh) [PXL 1.0]	Offset Name Size Contents	2 grbit 2 Column width, in pixels	msdn-library-copyright
	ixfe	4	4	2	bytes	no	corpus/msdn-library/wcedevcon-99/wcehpc/hpc_pxl_6.html	hpc_pxl_6	COLINFO: Column Formatting Information (7Dh) [PXL 1.0]	Offset Name Size Contents	4 ixfe 2 Index to the XF record that contains the default format for the column	msdn-library-copyright
	colfirst	0	0	2	bytes	no	corpus/msdn-library/wcedevcon-99/wcehpc/hpc_pxl_7.html	hpc_pxl_7	COLINFO: Column Formatting Information (7Dh) [PXL 2.0]	Offset Name Size Contents	0 colfirst 2 First Column this applies to	msdn-library-copyright
	colLast	2	2	2	bytes	no	corpus/msdn-library/wcedevcon-99/wcehpc/hpc_pxl_7.html	hpc_pxl_7	COLINFO: Column Formatting Information (7Dh) [PXL 2.0]	Offset Name Size Contents	2 colLast 2 Last Column this applies to	msdn-library-copyright
	coldx	4	4	2	bytes	no	corpus/msdn-library/wcedevcon-99/wcehpc/hpc_pxl_7.html	hpc_pxl_7	COLINFO: Column Formatting Information (7Dh) [PXL 2.0]	Offset Name Size Contents	4 coldx 2 Column width in 1/255s of a character	msdn-library-copyright
	ixfe	6	6	2	bytes	no	corpus/msdn-library/wcedevcon-99/wcehpc/hpc_pxl_7.html	hpc_pxl_7	COLINFO: Column Formatting Information (7Dh) [PXL 2.0]	Offset Name Size Contents	6 ixfe 2 Index to format to apply to columns	msdn-library-copyright
	grbit	8	8	1	bytes	no	corpus/msdn-library/wcedevcon-99/wcehpc/hpc_pxl_7.html	hpc_pxl_7	COLINFO: Column Formatting Information (7Dh) [PXL 2.0]	Offset Name Size Contents	8 grbit 1 Option flags	msdn-library-copyright
	grbit	0	0	2	bytes	no	corpus/msdn-library/wcedevcon-99/wcehpc/hpc_pxl_8.html	hpc_pxl_8	DEFAULTROWHEIGHT: Default Row Height (25h) [PXL 2.0]	Offset Name Size Contents	0 grbit 2 Flags	msdn-library-copyright
	miyRw	2	2	2	bytes	no	corpus/msdn-library/wcedevcon-99/wcehpc/hpc_pxl_8.html	hpc_pxl_8	DEFAULTROWHEIGHT: Default Row Height (25h) [PXL 2.0]	Offset Name Size Contents	2 miyRw 2 Row height, in twips	msdn-library-copyright
	grbit	0	0	2	bytes	no	corpus/msdn-library/wcedevcon-99/wcehpc/hpc_pxl_9.html	hpc_pxl_9	DEFCOLWIDTH: Default Column Width (55h) [PXL 2.0]	Offset Name Size Contents	0 grbit 2 Flags	msdn-library-copyright
	coldx	2	2	2	bytes	no	corpus/msdn-library/wcedevcon-99/wcehpc/hpc_pxl_9.html	hpc_pxl_9	DEFCOLWIDTH: Default Column Width (55h) [PXL 2.0]	Offset Name Size Contents	2 coldx 2 Column width, in characters	msdn-library-copyright
	ixfe	4	4	2	bytes	no	corpus/msdn-library/wcedevcon-99/wcehpc/hpc_pxl_9.html	hpc_pxl_9	DEFCOLWIDTH: Default Column Width (55h) [PXL 2.0]	Offset Name Size Contents	4 ixfe 2 Format index	msdn-library-copyright
ipcandidate	dwSize	0	0			yes	corpus/learn/windows-ce-5.0/ms906186(v=msdn.10).html	ms906186(v=msdn.10)	IPCANDIDATE (Windows CE 5.0)	Offset (in dec) Data (in hex) Member Description	0 00 44 00 00 dwSize The size of this structure is 68 bytes.	learn-tou
ipcandidate	dwFlags	4	4			yes	corpus/learn/windows-ce-5.0/ms906186(v=msdn.10).html	ms906186(v=msdn.10)	IPCANDIDATE (Windows CE 5.0)	Offset (in dec) Data (in hex) Member Description	4 00 00 00 00 dwFlags 0	learn-tou
ipcandidate	iSelIndex	8	8			yes	corpus/learn/windows-ce-5.0/ms906186(v=msdn.10).html	ms906186(v=msdn.10)	IPCANDIDATE (Windows CE 5.0)	Offset (in dec) Data (in hex) Member Description	8 00 02 00 00 iSelIndex The third candidate, 'DE', is selected.	learn-tou
ipcandidate	nCandidate	12	12			yes	corpus/learn/windows-ce-5.0/ms906186(v=msdn.10).html	ms906186(v=msdn.10)	IPCANDIDATE (Windows CE 5.0)	Offset (in dec) Data (in hex) Member Description	12 00 05 00 00 nCandidate This structure has five candidates.	learn-tou
ipcandidate	dwPrivateDataOffset	16	16			yes	corpus/learn/windows-ce-5.0/ms906186(v=msdn.10).html	ms906186(v=msdn.10)	IPCANDIDATE (Windows CE 5.0)	Offset (in dec) Data (in hex) Member Description	16 00 00 00 00 dwPrivateDataOffset 0	learn-tou
ipcandidate	dwPrivateDataSize	20	20			yes	corpus/learn/windows-ce-5.0/ms906186(v=msdn.10).html	ms906186(v=msdn.10)	IPCANDIDATE (Windows CE 5.0)	Offset (in dec) Data (in hex) Member Description	20 00 00 00 00 dwPrivateDataSize 0	learn-tou
ipcandidate	dwIndex[0]	24	24			no	corpus/learn/windows-ce-5.0/ms906186(v=msdn.10).html	ms906186(v=msdn.10)	IPCANDIDATE (Windows CE 5.0)	Offset (in dec) Data (in hex) Member Description	24 00 2C 00 00 dwIndex[0] The offset 44 points to 'A'.	learn-tou
ipcandidate	dwIndex[1]	28	28			no	corpus/learn/windows-ce-5.0/ms906186(v=msdn.10).html	ms906186(v=msdn.10)	IPCANDIDATE (Windows CE 5.0)	Offset (in dec) Data (in hex) Member Description	28 00 30 00 00 dwIndex[1] The offset 48 points to 'BC'.	learn-tou
ipcandidate	dwIndex[2]	32	32			no	corpus/learn/windows-ce-5.0/ms906186(v=msdn.10).html	ms906186(v=msdn.10)	IPCANDIDATE (Windows CE 5.0)	Offset (in dec) Data (in hex) Member Description	32 00 36 00 00 dwIndex[2] The offset 54 points to 'DE'.	learn-tou
ipcandidate	dwIndex[3]	36	36			no	corpus/learn/windows-ce-5.0/ms906186(v=msdn.10).html	ms906186(v=msdn.10)	IPCANDIDATE (Windows CE 5.0)	Offset (in dec) Data (in hex) Member Description	36 00 3C 00 00 dwIndex[3] The offset 60 points to 'F'.	learn-tou
ipcandidate	dwIndex[4]	40	40			no	corpus/learn/windows-ce-5.0/ms906186(v=msdn.10).html	ms906186(v=msdn.10)	IPCANDIDATE (Windows CE 5.0)	Offset (in dec) Data (in hex) Member Description	40 00 40 00 00 dwIndex[4] The offset 64 points to 'G'.	learn-tou
ipcandidate	L'A'	44	44			no	corpus/learn/windows-ce-5.0/ms906186(v=msdn.10).html	ms906186(v=msdn.10)	IPCANDIDATE (Windows CE 5.0)	Offset (in dec) Data (in hex) Member Description	44 00 41 00 00 L'A' The first candidate.	learn-tou
ipcandidate	L'BC'	48	48			no	corpus/learn/windows-ce-5.0/ms906186(v=msdn.10).html	ms906186(v=msdn.10)	IPCANDIDATE (Windows CE 5.0)	Offset (in dec) Data (in hex) Member Description	48 00 42 00 43 00 00 L'BC' The second candidate.	learn-tou
ipcandidate	L'DE'	54	54			no	corpus/learn/windows-ce-5.0/ms906186(v=msdn.10).html	ms906186(v=msdn.10)	IPCANDIDATE (Windows CE 5.0)	Offset (in dec) Data (in hex) Member Description	54 00 44 00 45 00 00 L'DE' The third candidate.	learn-tou
ipcandidate	L'F'	60	60			no	corpus/learn/windows-ce-5.0/ms906186(v=msdn.10).html	ms906186(v=msdn.10)	IPCANDIDATE (Windows CE 5.0)	Offset (in dec) Data (in hex) Member Description	60 00 46 00 00 L'F' The fourth candidate.	learn-tou
ipcandidate	L'G'	64	64			no	corpus/learn/windows-ce-5.0/ms906186(v=msdn.10).html	ms906186(v=msdn.10)	IPCANDIDATE (Windows CE 5.0)	Offset (in dec) Data (in hex) Member Description	64 00 47 00 00 L'G' The fifth candidate.	learn-tou
ipcandidate	dwSize	0	0			yes	corpus/learn/windows-ce-net-4x/ms921420(v=msdn.10).html	ms921420(v=msdn.10)	IPCANDIDATE (Windows CE .NET 4.2)	Offset (in dec) Data (in hex) Member Description	0 00 44 00 00 dwSize The size of this structure is 68 bytes.	learn-tou
ipcandidate	dwFlags	4	4			yes	corpus/learn/windows-ce-net-4x/ms921420(v=msdn.10).html	ms921420(v=msdn.10)	IPCANDIDATE (Windows CE .NET 4.2)	Offset (in dec) Data (in hex) Member Description	4 00 00 00 00 dwFlags 0	learn-tou
ipcandidate	iSelIndex	8	8			yes	corpus/learn/windows-ce-net-4x/ms921420(v=msdn.10).html	ms921420(v=msdn.10)	IPCANDIDATE (Windows CE .NET 4.2)	Offset (in dec) Data (in hex) Member Description	8 00 02 00 00 iSelIndex The third candidate, 'DE', is selected.	learn-tou
ipcandidate	nCandidate	12	12			yes	corpus/learn/windows-ce-net-4x/ms921420(v=msdn.10).html	ms921420(v=msdn.10)	IPCANDIDATE (Windows CE .NET 4.2)	Offset (in dec) Data (in hex) Member Description	12 00 05 00 00 nCandidate This structure has five candidates.	learn-tou
ipcandidate	dwPrivateDataOffset	16	16			yes	corpus/learn/windows-ce-net-4x/ms921420(v=msdn.10).html	ms921420(v=msdn.10)	IPCANDIDATE (Windows CE .NET 4.2)	Offset (in dec) Data (in hex) Member Description	16 00 00 00 00 dwPrivateDataOffset 0	learn-tou
ipcandidate	dwPrivateDataSize	20	20			yes	corpus/learn/windows-ce-net-4x/ms921420(v=msdn.10).html	ms921420(v=msdn.10)	IPCANDIDATE (Windows CE .NET 4.2)	Offset (in dec) Data (in hex) Member Description	20 00 00 00 00 dwPrivateDataSize 0	learn-tou
ipcandidate	dwIndex[0]	24	24			no	corpus/learn/windows-ce-net-4x/ms921420(v=msdn.10).html	ms921420(v=msdn.10)	IPCANDIDATE (Windows CE .NET 4.2)	Offset (in dec) Data (in hex) Member Description	24 00 2C 00 00 dwIndex[0] The offset 44 points to 'A'.	learn-tou
ipcandidate	dwIndex[1]	28	28			no	corpus/learn/windows-ce-net-4x/ms921420(v=msdn.10).html	ms921420(v=msdn.10)	IPCANDIDATE (Windows CE .NET 4.2)	Offset (in dec) Data (in hex) Member Description	28 00 30 00 00 dwIndex[1] The offset 48 points to 'BC'.	learn-tou
ipcandidate	dwIndex[2]	32	32			no	corpus/learn/windows-ce-net-4x/ms921420(v=msdn.10).html	ms921420(v=msdn.10)	IPCANDIDATE (Windows CE .NET 4.2)	Offset (in dec) Data (in hex) Member Description	32 00 36 00 00 dwIndex[2] The offset 54 points to 'DE'.	learn-tou
ipcandidate	dwIndex[3]	36	36			no	corpus/learn/windows-ce-net-4x/ms921420(v=msdn.10).html	ms921420(v=msdn.10)	IPCANDIDATE (Windows CE .NET 4.2)	Offset (in dec) Data (in hex) Member Description	36 00 3C 00 00 dwIndex[3] The offset 60 points to 'F'.	learn-tou
ipcandidate	dwIndex[4]	40	40			no	corpus/learn/windows-ce-net-4x/ms921420(v=msdn.10).html	ms921420(v=msdn.10)	IPCANDIDATE (Windows CE .NET 4.2)	Offset (in dec) Data (in hex) Member Description	40 00 40 00 00 dwIndex[4] The offset 64 points to 'G'.	learn-tou
ipcandidate	L'A'	44	44			no	corpus/learn/windows-ce-net-4x/ms921420(v=msdn.10).html	ms921420(v=msdn.10)	IPCANDIDATE (Windows CE .NET 4.2)	Offset (in dec) Data (in hex) Member Description	44 00 41 00 00 L'A' The first candidate.	learn-tou
ipcandidate	L'BC'	48	48			no	corpus/learn/windows-ce-net-4x/ms921420(v=msdn.10).html	ms921420(v=msdn.10)	IPCANDIDATE (Windows CE .NET 4.2)	Offset (in dec) Data (in hex) Member Description	48 00 42 00 43 00 00 L'BC' The second candidate.	learn-tou
ipcandidate	L'DE'	54	54			no	corpus/learn/windows-ce-net-4x/ms921420(v=msdn.10).html	ms921420(v=msdn.10)	IPCANDIDATE (Windows CE .NET 4.2)	Offset (in dec) Data (in hex) Member Description	54 00 44 00 45 00 00 L'DE' The third candidate.	learn-tou
ipcandidate	L'F'	60	60			no	corpus/learn/windows-ce-net-4x/ms921420(v=msdn.10).html	ms921420(v=msdn.10)	IPCANDIDATE (Windows CE .NET 4.2)	Offset (in dec) Data (in hex) Member Description	60 00 46 00 00 L'F' The fourth candidate.	learn-tou
ipcandidate	L'G'	64	64			no	corpus/learn/windows-ce-net-4x/ms921420(v=msdn.10).html	ms921420(v=msdn.10)	IPCANDIDATE (Windows CE .NET 4.2)	Offset (in dec) Data (in hex) Member Description	64 00 47 00 00 L'G' The fifth candidate.	learn-tou
ipcandidate	dwSize	0	0			yes	corpus/learn/windows-embedded-ce-6.0/ee491322(v=winembedded.60).html	ee491322(v=winembedded.60)	IPCANDIDATE (Windows Embedded CE 6.0)	Offset (in dec) Data (in hex) Member Description	0 00 44 00 00 dwSize The size of this structure is 68 bytes.	learn-tou
ipcandidate	dwFlags	4	4			yes	corpus/learn/windows-embedded-ce-6.0/ee491322(v=winembedded.60).html	ee491322(v=winembedded.60)	IPCANDIDATE (Windows Embedded CE 6.0)	Offset (in dec) Data (in hex) Member Description	4 00 00 00 00 dwFlags 0	learn-tou
ipcandidate	iSelIndex	8	8			yes	corpus/learn/windows-embedded-ce-6.0/ee491322(v=winembedded.60).html	ee491322(v=winembedded.60)	IPCANDIDATE (Windows Embedded CE 6.0)	Offset (in dec) Data (in hex) Member Description	8 00 02 00 00 iSelIndex The third candidate, 'DE', is selected.	learn-tou
ipcandidate	nCandidate	12	12			yes	corpus/learn/windows-embedded-ce-6.0/ee491322(v=winembedded.60).html	ee491322(v=winembedded.60)	IPCANDIDATE (Windows Embedded CE 6.0)	Offset (in dec) Data (in hex) Member Description	12 00 05 00 00 nCandidate This structure has five candidates.	learn-tou
ipcandidate	dwPrivateDataOffset	16	16			yes	corpus/learn/windows-embedded-ce-6.0/ee491322(v=winembedded.60).html	ee491322(v=winembedded.60)	IPCANDIDATE (Windows Embedded CE 6.0)	Offset (in dec) Data (in hex) Member Description	16 00 00 00 00 dwPrivateDataOffset 0	learn-tou
ipcandidate	dwPrivateDataSize	20	20			yes	corpus/learn/windows-embedded-ce-6.0/ee491322(v=winembedded.60).html	ee491322(v=winembedded.60)	IPCANDIDATE (Windows Embedded CE 6.0)	Offset (in dec) Data (in hex) Member Description	20 00 00 00 00 dwPrivateDataSize 0	learn-tou
ipcandidate	dwIndex[0]	24	24			no	corpus/learn/windows-embedded-ce-6.0/ee491322(v=winembedded.60).html	ee491322(v=winembedded.60)	IPCANDIDATE (Windows Embedded CE 6.0)	Offset (in dec) Data (in hex) Member Description	24 00 2C 00 00 dwIndex[0] The offset 44 points to 'A'.	learn-tou
ipcandidate	dwIndex[1]	28	28			no	corpus/learn/windows-embedded-ce-6.0/ee491322(v=winembedded.60).html	ee491322(v=winembedded.60)	IPCANDIDATE (Windows Embedded CE 6.0)	Offset (in dec) Data (in hex) Member Description	28 00 30 00 00 dwIndex[1] The offset 48 points to 'BC'.	learn-tou
ipcandidate	dwIndex[2]	32	32			no	corpus/learn/windows-embedded-ce-6.0/ee491322(v=winembedded.60).html	ee491322(v=winembedded.60)	IPCANDIDATE (Windows Embedded CE 6.0)	Offset (in dec) Data (in hex) Member Description	32 00 36 00 00 dwIndex[2] The offset 54 points to 'DE'.	learn-tou
ipcandidate	dwIndex[3]	36	36			no	corpus/learn/windows-embedded-ce-6.0/ee491322(v=winembedded.60).html	ee491322(v=winembedded.60)	IPCANDIDATE (Windows Embedded CE 6.0)	Offset (in dec) Data (in hex) Member Description	36 00 3C 00 00 dwIndex[3] The offset 60 points to 'F'.	learn-tou
ipcandidate	dwIndex[4]	40	40			no	corpus/learn/windows-embedded-ce-6.0/ee491322(v=winembedded.60).html	ee491322(v=winembedded.60)	IPCANDIDATE (Windows Embedded CE 6.0)	Offset (in dec) Data (in hex) Member Description	40 00 40 00 00 dwIndex[4] The offset 64 points to 'G'.	learn-tou
ipcandidate	L'A'	44	44			no	corpus/learn/windows-embedded-ce-6.0/ee491322(v=winembedded.60).html	ee491322(v=winembedded.60)	IPCANDIDATE (Windows Embedded CE 6.0)	Offset (in dec) Data (in hex) Member Description	44 00 41 00 00 L'A' The first candidate.	learn-tou
ipcandidate	L'BC'	48	48			no	corpus/learn/windows-embedded-ce-6.0/ee491322(v=winembedded.60).html	ee491322(v=winembedded.60)	IPCANDIDATE (Windows Embedded CE 6.0)	Offset (in dec) Data (in hex) Member Description	48 00 42 00 43 00 00 L'BC' The second candidate.	learn-tou
ipcandidate	L'DE'	54	54			no	corpus/learn/windows-embedded-ce-6.0/ee491322(v=winembedded.60).html	ee491322(v=winembedded.60)	IPCANDIDATE (Windows Embedded CE 6.0)	Offset (in dec) Data (in hex) Member Description	54 00 44 00 45 00 00 L'DE' The third candidate.	learn-tou
ipcandidate	L'F'	60	60			no	corpus/learn/windows-embedded-ce-6.0/ee491322(v=winembedded.60).html	ee491322(v=winembedded.60)	IPCANDIDATE (Windows Embedded CE 6.0)	Offset (in dec) Data (in hex) Member Description	60 00 46 00 00 L'F' The fourth candidate.	learn-tou
ipcandidate	L'G'	64	64			no	corpus/learn/windows-embedded-ce-6.0/ee491322(v=winembedded.60).html	ee491322(v=winembedded.60)	IPCANDIDATE (Windows Embedded CE 6.0)	Offset (in dec) Data (in hex) Member Description	64 00 47 00 00 L'G' The fifth candidate.	learn-tou
