dll	entities	sets	as_printed	entity_names
Adhocreportingexcelclient.dll	1	win32/api/oleidl	Adhocreportingexcelclient.dll	iviewobject2getextent
Advapi32.dll	71	win32/api/wincred,win32/api/wincrypt,win32/api/winreg	Advapi32.dll	creddeletea,creddeletew,credfree,credreada,credreadw,credwritea,credwritew,cryptacquirecontexta,cryptacquirecontextw,cryptcontextaddref,cryptcreatehash,cryptdecrypt,cryptderivekey,cryptdestroyhash,cryptdestroykey,cryptduplicatehash,cryptduplicatekey,cryptencrypt,cryptenumprovidersa,cryptenumprovidersw,cryptenumprovidertypesa,cryptenumprovidertypesw,cryptexportkey,cryptgenkey,cryptgenrandom,cryptgetdefaultprovidera,cryptgetdefaultproviderw,cryptgethashparam,cryptgetkeyparam,cryptgetprovparam,cryptgetuserkey,crypthashdata,crypthashsessionkey,cryptimportkey,cryptreleasecontext,cryptsethashparam,cryptsetkeyparam,cryptsetprovidera,cryptsetproviderexa,cryptsetproviderexw,cryptsetproviderw,cryptsetprovparam,cryptsignhasha,cryptsignhashw,cryptverifysignaturea,cryptverifysignaturew,regclosekey,regcreatekeyexa,regcreatekeyexw,regdeletekeya,regdeletekeyw,regdeletevaluea,regdeletevaluew,regenumkeyexa,regenumkeyexw,regenumvaluea,regenumvaluew,regflushkey,regnotifychangekeyvalue,regopenkeyexa,regopenkeyexw,regqueryinfokeya,regqueryinfokeyw,regqueryvalueexa,regqueryvalueexw,regreplacekeya,regreplacekeyw,regsavekeya,regsavekeyw,regsetvalueexa,regsetvalueexw
Api-ms-win-core-version-l1-1-0.dll	6	win32/api/winver	Api-ms-win-core-version-l1-1-0.dll	getfileversioninfoa,getfileversioninfosizea,getfileversioninfosizew,getfileversioninfow,verqueryvaluea,verqueryvaluew
ComBase.dll	2	win32/api/combaseapi,win32/api/objbase	ComBase.dll	cofreeunusedlibrariesex,cogetinstancefromfile
ComCtl32.dll	1	win32/api/dpa_dsa	ComCtl32.dll	dpa_getptr
Combase.dll	1	win32/api/objbase	Combase.dll	coregisterchannelhook
Comctl32.dll	45	win32/api/commctrl,win32/api/prsht	Comctl32.dll,Comctl32.dll (version 4.70 or later),Comctl32.dll (version 4.71 or later)	createpropertysheetpagea,createpropertysheetpagew,createstatuswindowa,createstatuswindoww,createtoolbarex,createupdowncontrol,destroypropertysheetpage,drawstatustexta,drawstatustextw,imagelist_add,imagelist_addmasked,imagelist_begindrag,imagelist_copy,imagelist_create,imagelist_destroy,imagelist_dragenter,imagelist_dragleave,imagelist_dragmove,imagelist_dragshownolock,imagelist_draw,imagelist_drawex,imagelist_drawindirect,imagelist_duplicate,imagelist_enddrag,imagelist_getbkcolor,imagelist_getdragimage,imagelist_geticon,imagelist_geticonsize,imagelist_getimagecount,imagelist_getimageinfo,imagelist_loadimagea,imagelist_loadimagew,imagelist_merge,imagelist_remove,imagelist_replace,imagelist_replaceicon,imagelist_setbkcolor,imagelist_setdragcursorimage,imagelist_seticonsize,imagelist_setimagecount,imagelist_setoverlayimage,initcommoncontrols,initcommoncontrolsex,propertysheeta,propertysheetw
Comdlg32.dll	5	win32/api/commdlg	Comdlg32.dll	commdlgextendederror,getopenfilenamea,getopenfilenamew,getsavefilenamea,getsavefilenamew
Crypt32.dll	99	win32/api/dpapi,win32/api/wincrypt	Crypt32.dll	certaddcertificatecontexttostore,certaddcertificatelinktostore,certaddencodedcertificatetostore,certaddenhancedkeyusageidentifier,certaddserializedelementtostore,certalgidtooid,certclosestore,certcomparecertificate,certcomparecertificatename,certcompareintegerblob,certcomparepublickeyinfo,certcontrolstore,certcreatecertificatecontext,certdeletecertificatefromstore,certduplicatecertificatechain,certduplicatecertificatecontext,certduplicatestore,certenumcertificatecontextproperties,certenumcertificatesinstore,certenumphysicalstore,certenumsystemstore,certenumsystemstorelocation,certfindattribute,certfindcertificateinstore,certfindextension,certfindrdnattr,certfreecertificatechain,certfreecertificatecontext,certgetcertificatechain,certgetcertificatecontextproperty,certgetenhancedkeyusage,certgetintendedkeyusage,certgetissuercertificatefromstore,certgetnamestringa,certgetnamestringw,certgetpublickeylength,certgetstoreproperty,certgetsubjectcertificatefromstore,certgetvalidusages,certisrdnattrsincertificatename,certnametostra,certnametostrw,certoidtoalgid,certopenstore,certopensystemstorea,certopensystemstorew,certrdnvaluetostra,certrdnvaluetostrw,certremoveenhancedkeyusageidentifier,certsavestore,certserializecertificatestoreelement,certsetcertificatecontextproperty,certsetenhancedkeyusage,certsetstoreproperty,certstrtonamea,certstrtonamew,certverifysubjectcertificatecontext,certverifytimevalidity,certverifyvaliditynesting,cryptacquirecertificateprivatekey,cryptcreatekeyidentifierfromcsp,cryptdecodeobjectex,cryptencodeobjectex,cryptenumkeyidentifierproperties,cryptenumoidinfo,cryptexportpublickeyinfoex,cryptfindcertificatekeyprovinfo,cryptfindlocalizedname,cryptfindoidinfo,cryptfreeoidfunctionaddress,cryptgetdefaultoidfunctionaddress,cryptgetkeyidentifierproperty,cryptgetoidfunctionaddress,crypthashcertificate,crypthashpublickeyinfo,crypthashtobesigned,cryptimportpublickeyinfoex,cryptinitoidfunctionset,cryptinstalldefaultcontext,cryptinstalloidfunctionaddress,cryptmsgcalculateencodedlength,cryptmsgclose,cryptmsgcontrol,cryptmsgduplicate,cryptmsggetparam,cryptmsgopentodecode,cryptmsgopentoencode,cryptmsgupdate,cryptprotectdata,cryptsetkeyidentifierproperty,cryptsignandencodecertificate,cryptsigncertificate,cryptuninstalldefaultcontext,cryptunprotectdata,cryptverifycertificatesignature,pfxexportcertstoreex,pfximportcertstore,pfxispfxblob,pfxverifypassword
Ddraw.dll	23	win32/api/ddraw	Ddraw.dll	directdrawcreate,directdrawcreateclipper,directdrawenumeratea,directdrawenumerateexa,directdrawenumerateexw,directdrawenumeratew,idirectdrawclipper,idirectdrawclippergetcliplist,idirectdrawclippergethwnd,idirectdrawclipperinitialize,idirectdrawclipperiscliplistchanged,idirectdrawclippersetcliplist,idirectdrawclippersethwnd,idirectdrawcolorcontrol,idirectdrawcolorcontrolgetcolorcontrols,idirectdrawcolorcontrolsetcolorcontrols,idirectdrawgammacontrolgetgammaramp,idirectdrawgammacontrolsetgammaramp,idirectdrawpalette,idirectdrawpalettegetcaps,idirectdrawpalettegetentries,idirectdrawpaletteinitialize,idirectdrawpalettesetentries
Dnsapi.dll	4	win32/api/windns	Dnsapi.dll	dnsmodifyrecordsinset_w,dnsquery_w,dnsrecordlistfree,dnsreplacerecordsetw
Faultrep.dll	1	win32/api/errorrep	Faultrep.dll	reportfault
Gdi32.dll	134	win32/api/wingdi	Gdi32.dll	abortdoc,addfontresourcea,addfontresourcew,bitblt,combinergn,createbitmap,createcompatiblebitmap,createcompatibledc,createdca,createdcw,createdibpatternbrushpt,createdibsection,createfontindirecta,createfontindirectw,createpalette,createpatternbrush,createpen,createpenindirect,createrectrgn,createrectrgnindirect,createsolidbrush,deletedc,deleteobject,ellipse,enddoc,endpage,enumfontfamiliesa,enumfontfamiliesexa,enumfontfamiliesexw,enumfontfamiliesw,enumfontsa,enumfontsw,equalrgn,excludecliprect,extcreateregion,extescape,exttextouta,exttextoutw,fillrgn,getbkcolor,getbkmode,getcharabcwidthsa,getcharabcwidthsi,getcharabcwidthsw,getcharwidth32a,getcharwidth32w,getclipbox,getcliprgn,getcurrentobject,getcurrentpositionex,getdevicecaps,getdibcolortable,getfontdata,getlayout,getnearestcolor,getnearestpaletteindex,getobject,getobjecta,getobjecttype,getobjectw,getoutlinetextmetricsa,getoutlinetextmetricsw,getpaletteentries,getpixel,getregiondata,getrgnbox,getrop2,getstockobject,getstretchbltmode,getsystempaletteentries,gettextalign,gettextcharacterextra,gettextcolor,gettextextentexpointa,gettextextentexpointw,gettextextentpoint32a,gettextextentpoint32w,gettextextentpointa,gettextextentpointw,gettextfacea,gettextfacew,gettextmetrics,gettextmetricsa,gettextmetricsw,getviewportextex,getviewportorgex,getwindowextex,getwindoworgex,intersectcliprect,lineto,maskblt,movetoex,offsetrgn,offsetviewportorgex,patblt,polygon,polyline,ptinregion,realizepalette,rectangle,rectinregion,rectvisible,removefontresourcea,removefontresourcew,restoredc,roundrect,savedc,selectcliprgn,selectobject,selectpalette,setabortproc,setbitmapbits,setbkcolor,setbkmode,setbrushorgex,setdibcolortable,setdibitstodevice,setlayout,setpaletteentries,setpixel,setrectrgn,setrop2,setstretchbltmode,settextalign,settextcharacterextra,settextcolor,setviewportorgex,setwindoworgex,startdoca,startdocw,startpage,stretchblt,stretchdibits,translatecharsetinfo
Icmp.dll	5	win32/api/icmpapi	Icmp.dll on Windows 2000 Server and Windows 2000 Professional	icmpclosehandle,icmpcreatefile,icmpparsereplies,icmpsendecho,icmpsendecho2
Imm32.dll	59	win32/api/imm,win32/api/immdev	Imm32.dll	immassociatecontext,immassociatecontextex,immconfigureimea,immconfigureimew,immcreatecontext,immdestroycontext,immdisableime,immenumregisterworda,immenumregisterwordw,immescapea,immescapew,immgetcandidatelista,immgetcandidatelistcounta,immgetcandidatelistcountw,immgetcandidatelistw,immgetcandidatewindow,immgetcompositionfonta,immgetcompositionfontw,immgetcompositionstringa,immgetcompositionstringw,immgetcompositionwindow,immgetcontext,immgetconversionlista,immgetconversionlistw,immgetconversionstatus,immgetdefaultimewnd,immgetdescriptiona,immgetdescriptionw,immgetguidelinea,immgetguidelinew,immgetimefilenamea,immgetimefilenamew,immgetimemenuitemsa,immgetimemenuitemsw,immgetopenstatus,immgetproperty,immgetregisterwordstylea,immgetregisterwordstylew,immgetstatuswindowpos,immgetvirtualkey,immisime,immisuimessagea,immisuimessagew,immnotifyime,immregisterworda,immregisterwordw,immreleasecontext,immsetcandidatewindow,immsetcompositionfonta,immsetcompositionfontw,immsetcompositionstringa,immsetcompositionstringw,immsetcompositionwindow,immsetconversionstatus,immsetopenstatus,immsetstatuswindowpos,immsimulatehotkey,immunregisterworda,immunregisterwordw
Iphlpapi.dll	56	win32/api/icmpapi,win32/api/iphlpapi	Iphlpapi.dll,Iphlpapi.dll on Windows Server 2008	addipaddress,createipforwardentry,createipnetentry,createproxyarpentry,deleteipaddress,deleteipforwardentry,deleteipnetentry,deleteproxyarpentry,flushipnettable,getadapterindex,getadaptersaddresses,getadaptersinfo,getbestinterface,getbestinterfaceex,getbestroute,getfriendlyifindex,geticmpstatistics,geticmpstatisticsex,getifentry,getiftable,getinterfaceinfo,getipaddrtable,getipforwardtable,getipnettable,getipstatistics,getipstatisticsex,getnetworkparams,getnumberofinterfaces,getperadapterinfo,getrttandhopcount,gettcpstatistics,gettcpstatisticsex,gettcptable,getudpstatistics,getudpstatisticsex,getudptable,getunidirectionaladapterinfo,icmp6createfile,icmp6parsereplies,icmp6sendecho2,icmpclosehandle,icmpcreatefile,icmpparsereplies,icmpsendecho,icmpsendecho2,ipreleaseaddress,iprenewaddress,notifyaddrchange,notifyroutechange,sendarp,setifentry,setipforwardentry,setipnetentry,setipstatistics,setipttl,settcpentry
Kernel32.dll	293	win32/api/datetimeapi,win32/api/debugapi,win32/api/errhandlingapi,win32/api/fileapi,win32/api/handleapi,win32/api/heapapi,win32/api/ioapiset,win32/api/libloaderapi,win32/api/memoryapi,win32/api/processenv,win32/api/processthreadsapi,win32/api/profileapi,win32/api/psapi,win32/api/stringapiset,win32/api/synchapi,win32/api/sysinfoapi,win32/api/timezoneapi,win32/api/tlhelp32,win32/api/winbase,win32/api/winnls,win32/api/winnt	Kernel32.dll,Kernel32.dll on Windows 7 and Windows Server 2008 R2	addvectoredexceptionhandler,checkremotedebuggerpresent,clearcommbreak,clearcommerror,closehandle,comparefiletime,comparestring,comparestringa,comparestringw,continuedebugevent,convertdefaultlocale,convertthreadtofiber,copyfile,copyfilea,copyfileexa,copyfileexw,copyfilew,createdirectory,createdirectorya,createdirectoryw,createeventa,createeventw,createfiber,createfilea,createfilemappinga,createfilemappingw,createfilew,createmutexa,createmutexw,createprocessa,createprocessw,createsemaphorea,createsemaphorew,createthread,createtoolhelp32snapshot,debugactiveprocess,debugactiveprocessstop,debugbreak,deletecriticalsection,deletefiber,deletefile,deletefilea,deletefilew,deviceiocontrol,disablethreadlibrarycalls,duplicatehandle,entercriticalsection,enumcalendarinfoa,enumcalendarinfow,enumdateformatsa,enumdateformatsw,enumsystemcodepagesa,enumsystemcodepagesw,enumsystemlocalesa,enumsystemlocalesw,enumtimeformatsa,enumtimeformatsw,enumuilanguagesa,enumuilanguagesw,escapecommfunction,exitprocess,exitthread,filetimetolocalfiletime,filetimetosystemtime,findclose,findclosechangenotification,findfirstchangenotificationa,findfirstchangenotificationw,findfirstfilea,findfirstfileexa,findfirstfileexw,findfirstfilew,findnextchangenotification,findnextfilea,findnextfilew,findresourcea,findresourcew,flushfilebuffers,flushinstructioncache,flushviewoffile,foldstringa,foldstringw,formatmessage,formatmessagea,formatmessagew,freelibrary,freelibraryandexitthread,getacp,getcommandlinea,getcommandlinew,getcommmask,getcommmodemstatus,getcommproperties,getcommstate,getcommtimeouts,getcpinfo,getcurrencyformata,getcurrencyformatw,getcurrentprocess,getcurrentprocessid,getcurrentthread,getcurrentthreadid,getdateformata,getdateformatw,getdevicepowerstate,getdiskfreespaceexa,getdiskfreespaceexw,getexitcodeprocess,getexitcodethread,getfileattributesa,getfileattributesexa,getfileattributesexw,getfileattributesw,getfileinformationbyhandle,getfilesize,getfiletime,getlasterror,getlocaleinfoa,getlocaleinfow,getlocaltime,getmodulefilenamea,getmodulefilenamew,getmodulehandlea,getmodulehandlew,getmoduleinformation,getnumberformata,getnumberformatw,getoemcp,getprocaddress,getprocessheap,getprocessversion,getstringtypea,getstringtypeexw,getstringtypew,getsystemdefaultlangid,getsystemdefaultlcid,getsystemdefaultuilanguage,getsysteminfo,getsystemtime,getsystemtimeasfiletime,gettempfilename,gettempfilenamea,gettempfilenamew,gettemppatha,gettemppathw,getthreadcontext,getthreadpriority,getthreadtimes,gettickcount,gettimeformata,gettimeformatw,gettimezoneinformation,getuserdefaultlangid,getuserdefaultlcid,getuserdefaultuilanguage,getversionexa,getversionexw,globaladdatoma,globaladdatomw,globaldeleteatom,globalfindatoma,globalfindatomw,globalmemorystatus,heap32first,heap32listfirst,heap32listnext,heap32next,heapalloc,heapcompact,heapcreate,heapdestroy,heapfree,heaprealloc,heapsize,heapvalidate,initializecriticalsection,interlockedcompareexchange,interlockeddecrement,interlockedexchange,interlockedexchangeadd,interlockedincrement,isbadcodeptr,isbadreadptr,isbadwriteptr,isdbcsleadbyte,isdbcsleadbyteex,isdebuggerpresent,isprocessorfeaturepresent,isvalidcodepage,isvalidlocale,lcmapstringa,lcmapstringw,leavecriticalsection,loadlibrarya,loadlibraryexa,loadlibraryexw,loadlibraryw,loadresource,localalloc,localfiletimetofiletime,localfree,locallock,localrealloc,localsize,lockfileex,lockresource,mapviewoffile,module32first,module32firstw,module32next,module32nextw,movefile,movefilea,movefilew,muldiv,multibytetowidechar,openeventa,openeventw,openprocess,openthread,outputdebugstringa,outputdebugstringw,process32first,process32firstw,process32next,process32nextw,pulseevent,purgecomm,queryperformancecounter,queryperformancefrequency,raiseexception,readfile,readprocessmemory,releasemutex,releasesemaphore,removedirectorya,removedirectoryw,removevectoredexceptionhandler,resetevent,resumethread,setcommbreak,setcommmask,setcommstate,setcommtimeouts,setendoffile,setevent,setfileattributesa,setfileattributesw,setfilepointer,setfiletime,setlasterror,setlocaleinfoa,setlocaleinfow,setlocaltime,setsystempowerstate,setsystemtime,setthreadcontext,setthreadpriority,settimezoneinformation,setupcomm,sizeofresource,sleep,suspendthread,switchtofiber,systemtimetofiletime,terminateprocess,terminatethread,thread32first,thread32next,tlsalloc,tlsfree,tlsgetvalue,tlssetvalue,toolhelp32readprocessmemory,transmitcommchar,tryentercriticalsection,unlockfileex,unmapviewoffile,virtualalloc,virtualallocex,virtualfree,virtualfreeex,virtualprotect,virtualprotectex,virtualquery,virtualqueryex,waitcommevent,waitfordebugevent,waitformultipleobjects,waitforsingleobject,widechartomultibyte,writefile,writeprocessmemory
KernelBase.dll	12	win32/api/processthreadsapi,win32/api/synchapi	KernelBase.dll on Windows Phone 8.1	createthread,exitthread,getexitcodethread,getthreadpriority,resumethread,setthreadpriority,sleep,suspendthread,tlsalloc,tlsfree,tlsgetvalue,tlssetvalue
Mpr.dll	20	win32/api/winnetwk	Mpr.dll	wnetaddconnection3a,wnetaddconnection3w,wnetcancelconnection2a,wnetcancelconnection2w,wnetcloseenum,wnetconnectiondialog1a,wnetconnectiondialog1w,wnetdisconnectdialog,wnetdisconnectdialog1a,wnetdisconnectdialog1w,wnetenumresourcea,wnetenumresourcew,wnetgetconnectiona,wnetgetconnectionw,wnetgetuniversalnamea,wnetgetuniversalnamew,wnetgetusera,wnetgetuserw,wnetopenenuma,wnetopenenumw
Msdmo.dll	11	win32/api/dmoreg,win32/api/dmort	Msdmo.dll	dmoenum,dmogetname,dmogettypes,dmoregister,dmounregister,mocopymediatype,mocreatemediatype,modeletemediatype,moduplicatemediatype,mofreemediatype,moinitmediatype
Msimg32.dll	3	win32/api/wingdi	Msimg32.dll	alphablend,gradientfill,transparentblt
NetApi32.dll	2	win32/api/dsgetdc	NetApi32.dll	dsgetdcnamea,dsgetdcnamew
Netapi32.dll	3	win32/api/dsrole,win32/api/lmapibuf	Netapi32.dll	dsrolefreememory,dsrolegetprimarydomaininformation,netapibufferfree
Ole32.dll	155	win32/api/combaseapi,win32/api/coml2api,win32/api/guiddef,win32/api/objbase,win32/api/objidl,win32/api/ole,win32/api/ole2,win32/api/olectl,win32/api/propidl,win32/api/winddi	Ole32.dll,Ole32.dll (version 6.0 or later)	bindmoniker,clsidfromprogid,clsidfromstring,coaddrefserverprocess,cocopyproxy,cocreatefreethreadedmarshaler,cocreateguid,cocreateinstance,cocreateinstanceex,codisconnectobject,cofiletimenow,cofreealllibraries,cofreelibrary,cofreeunusedlibraries,cogetcallcontext,cogetcallertid,cogetclassobject,cogetcurrentlogicalthreadid,cogetcurrentprocess,cogetinstancefromistorage,cogetinterfaceandreleasestream,cogetmalloc,cogetmarshalsizemax,cogetobject,cogetpsclsid,cogetstandardmarshal,cogettreatasclass,coimpersonateclient,coinitialize,coinitializeex,coinitializesecurity,coishandlerconnected,coisole1class,coloadlibrary,colockobjectexternal,comarshalhresult,comarshalinterface,comarshalinterthreadinterfaceinstream,coqueryauthenticationservices,coqueryclientblanket,coqueryproxyblanket,coregisterclassobject,coregistermallocspy,coregistermessagefilter,coregisterpsclsid,coregistersurrogate,coreleasemarshaldata,coreleaseserverprocess,coresumeclassobjects,coreverttoself,corevokeclassobject,corevokemallocspy,cosetproxyblanket,cosuspendclassobjects,coswitchcallcontext,cotaskmemalloc,cotaskmemfree,cotaskmemrealloc,cotreatasclass,couninitialize,counmarshalhresult,counmarshalinterface,createantimoniker,createbindctx,createclassmoniker,createfilemoniker,creategenericcomposite,createitemmoniker,createoleadviseholder,createpointermoniker,createstreamonhglobal,dllregisterserver,dllunregisterserver,freepropvariantarray,getclassfile,gethglobalfromstream,getrunningobjecttable,ienumstatstg,ienumstatstgclone,ienumstatstgnext,ienumstatstgreset,ienumstatstgskip,ifilllockbytes,ifilllockbytesfillappend,ifilllockbytesfillat,ifilllockbytessetfillsize,ifilllockbytesterminate,iidfromstring,ilockbytes,ilockbytesflush,ilockbyteslockregion,ilockbytesreadat,ilockbytessetsize,ilockbytesstat,ilockbytesunlockregion,ilockbyteswriteat,irootstorage,irootstorageswitchtofile,isequalguid,isequentialstream,isequentialstreamread,isequentialstreamwrite,istorage,istoragecommit,istoragecopyto,istoragecreatestorage,istoragecreatestream,istoragedestroyelement,istorageenumelements,istoragemoveelementto,istorageopenstorage,istorageopenstream,istoragerenameelement,istoragerevert,istoragesetclass,istoragesetelementtimes,istoragesetstatebits,istoragestat,istream,istreamclone,istreamcommit,istreamcopyto,istreamlockregion,istreamrevert,istreamseek,istreamsetsize,istreamstat,istreamunlockregion,mkparsedisplayname,monikercommonprefixwith,monikerrelativepathto,olecreate,oledraw,oleisrunning,oleloadfromstream,olerun,olesave,olesavetostream,olesetcontainedobject,olesetmenudescriptor,progidfromclsid,propvariantclear,propvariantcopy,readclassstg,readclassstm,releasestgmedium,stgcreatedocfile,stgcreatedocfileonilockbytes,stgopenstorage,stgopenstorageonilockbytes,stringfromclsid,stringfromguid2,stringfromiid,writeclassstg,writeclassstm
OleAut32.dll	226	win32/api/oleauto,win32/api/olectl	OleAut32.dll	bstrfromvector,createerrorinfo,createtypelib2,dispgetidsofnames,dispgetparam,dispinvoke,geterrorinfo,loadregtypelib,loadtypelib,oabuildversion,olecreatefontindirect,olecreatepropertyframe,registertypelib,safearrayaccessdata,safearrayallocdata,safearrayallocdescriptor,safearraycopy,safearraycopydata,safearraycreate,safearraycreatevector,safearraydestroy,safearraydestroydata,safearraydestroydescriptor,safearraygetdim,safearraygetelement,safearraygetelemsize,safearraygetlbound,safearraygetubound,safearraylock,safearrayptrofindex,safearrayputelement,safearrayredim,safearrayunaccessdata,safearrayunlock,seterrorinfo,sysallocstring,sysallocstringbytelen,sysallocstringlen,sysfreestring,sysreallocstring,sysreallocstringlen,sysstringbytelen,sysstringlen,systemtimetovarianttime,unregistertypelib,varboolfromcy,varboolfromdate,varboolfromdec,varboolfromdisp,varboolfromi1,varboolfromi2,varboolfromi4,varboolfromr4,varboolfromr8,varboolfromstr,varboolfromui1,varboolfromui2,varboolfromui4,varbstrfrombool,varbstrfromcy,varbstrfromdate,varbstrfromdec,varbstrfromdisp,varbstrfromi1,varbstrfromi2,varbstrfromi4,varbstrfromr4,varbstrfromr8,varbstrfromui1,varbstrfromui2,varbstrfromui4,varcyfrombool,varcyfromdate,varcyfromdec,varcyfromdisp,varcyfromi1,varcyfromi2,varcyfromi4,varcyfromr4,varcyfromr8,varcyfromstr,varcyfromui1,varcyfromui2,varcyfromui4,vardatefrombool,vardatefromcy,vardatefromdec,vardatefromdisp,vardatefromi1,vardatefromi2,vardatefromi4,vardatefromr4,vardatefromr8,vardatefromstr,vardatefromudate,vardatefromui1,vardatefromui2,vardatefromui4,vardecfrombool,vardecfromcy,vardecfromdate,vardecfromdisp,vardecfromi1,vardecfromi2,vardecfromi4,vardecfromr4,vardecfromr8,vardecfromstr,vardecfromui1,vardecfromui2,vardecfromui4,vari1frombool,vari1fromcy,vari1fromdate,vari1fromdec,vari1fromdisp,vari1fromi2,vari1fromi4,vari1fromr4,vari1fromr8,vari1fromstr,vari1fromui1,vari1fromui2,vari1fromui4,vari2frombool,vari2fromcy,vari2fromdate,vari2fromdec,vari2fromdisp,vari2fromi1,vari2fromi4,vari2fromr4,vari2fromr8,vari2fromstr,vari2fromui1,vari2fromui2,vari2fromui4,vari4frombool,vari4fromcy,vari4fromdate,vari4fromdec,vari4fromdisp,vari4fromi1,vari4fromi2,vari4fromr4,vari4fromr8,vari4fromstr,vari4fromui1,vari4fromui2,vari4fromui4,variantchangetype,variantchangetypeex,variantclear,variantcopy,variantcopyind,variantinit,varianttimetosystemtime,varnumfromparsenum,varparsenumfromstr,varr4frombool,varr4fromcy,varr4fromdate,varr4fromdec,varr4fromdisp,varr4fromi1,varr4fromi2,varr4fromi4,varr4fromr8,varr4fromstr,varr4fromui1,varr4fromui2,varr4fromui4,varr8frombool,varr8fromcy,varr8fromdate,varr8fromdec,varr8fromdisp,varr8fromi1,varr8fromi2,varr8fromi4,varr8fromr4,varr8fromstr,varr8fromui1,varr8fromui2,varr8fromui4,varudatefromdate,varui1frombool,varui1fromcy,varui1fromdate,varui1fromdec,varui1fromdisp,varui1fromi1,varui1fromi2,varui1fromi4,varui1fromr4,varui1fromr8,varui1fromstr,varui1fromui2,varui1fromui4,varui2frombool,varui2fromcy,varui2fromdate,varui2fromdec,varui2fromdisp,varui2fromi1,varui2fromi2,varui2fromi4,varui2fromr4,varui2fromr8,varui2fromstr,varui2fromui1,varui2fromui4,varui4frombool,varui4fromcy,varui4fromdate,varui4fromdec,varui4fromdisp,varui4fromi1,varui4fromi2,varui4fromi4,varui4fromr4,varui4fromr8,varui4fromstr,varui4fromui1,varui4fromui2,vectorfrombstr
P2P.dll	15	win32/api/p2p	P2P.dll	peercreatepeername,peerendenumeration,peerenumgroups,peerenumidentities,peerfreedata,peergetitemcount,peergetnextitem,peeridentitycreate,peeridentitydelete,peeridentityexport,peeridentitygetcryptkey,peeridentitygetfriendlyname,peeridentitygetxml,peeridentityimport,peeridentitysetfriendlyname
Psapi.dll	1	win32/api/psapi	Psapi.dll on Windows Server 2008,Psapi.dll (if PSAPI_VERSION=1) on Windows 7 and Windows Server 2008 R2	getmoduleinformation
Quartz.dll	1	win32/api/strmif	Quartz.dll	imediasamplegetactualdatalength
Rasapi32.dll	33	win32/api/ras	Rasapi32.dll	rasdeleteentrya,rasdeleteentryw,rasdiala,rasdialw,rasenumconnectionsa,rasenumconnectionsw,rasenumdevicesa,rasenumdevicesw,rasenumentriesa,rasenumentriesw,rasgetconnectstatusa,rasgetconnectstatusw,rasgeteapuserdataa,rasgeteapuserdataw,rasgetentrydialparamsa,rasgetentrydialparamsw,rasgetentrypropertiesa,rasgetentrypropertiesw,rasgetlinkstatistics,rasgetprojectioninfoa,rasgetprojectioninfow,rashangupa,rashangupw,rasrenameentrya,rasrenameentryw,rasseteapuserdataa,rasseteapuserdataw,rassetentrydialparamsa,rassetentrydialparamsw,rassetentrypropertiesa,rassetentrypropertiesw,rasvalidateentrynamea,rasvalidateentrynamew
Secur32.dll	24	win32/api/secext,win32/api/sspi	Secur32.dll	acceptsecuritycontext,acquirecredentialshandlea,acquirecredentialshandlew,applycontroltoken,completeauthtoken,decryptmessage,deletesecuritycontext,encryptmessage,freecontextbuffer,freecredentialshandle,getusernameexa,getusernameexw,initializesecuritycontexta,initializesecuritycontextw,initsecurityinterfacea,initsecurityinterfacew,makesignature,querycontextattributesa,querycontextattributesw,querycredentialsattributesa,querycredentialsattributesw,querysecuritypackageinfoa,querysecuritypackageinfow,verifysignature
Shell32.dll	57	win32/api/shellapi,win32/api/shlobj_core,win32/api/shobjidl_core	Shell32.dll (version 4.0 or later),Shell32.dll (version 4.71 or later),Shell32.dll	extracticona,extracticonexa,extracticonexw,extracticonw,ipersistfolder,ipersistfolderinitialize,ishellfolder,ishellfolderbindtoobject,ishellfoldercompareids,ishellfoldercreateviewobject,ishellfolderenumobjects,ishellfoldergetattributesof,ishellfoldergetdisplaynameof,ishellfoldergetuiobjectof,ishellfolderparsedisplayname,ishellfoldersetnameof,ishellview,ishellviewaddpropertysheetpages,ishellviewcreateviewwindow,ishellviewdestroyviewwindow,ishellviewenablemodeless,ishellviewgetcurrentinfo,ishellviewgetitemobject,ishellviewrefresh,ishellviewsaveviewstate,ishellviewselectitem,ishellviewtranslateaccelerator,ishellviewuiactivate,itaskbarlist,itaskbarlist2,itaskbarlist2markfullscreenwindow,itaskbarlistactivatetab,itaskbarlistaddtab,itaskbarlistdeletetab,itaskbarlisthrinit,itaskbarlistsetactivealt,shaddtorecentdocs,shbindtoparent,shbrowseforfoldera,shbrowseforfolderw,shchangenotifyderegister,shchangenotifyregister,shell_notifyicona,shell_notifyiconw,shellexecuteexa,shellexecuteexw,shfileoperationa,shfileoperationw,shgetdesktopfolder,shgetfileinfoa,shgetfileinfow,shgetmalloc,shgetpathfromidlista,shgetpathfromidlistw,shgetspecialfolderlocation,shgetspecialfolderpatha,shgetspecialfolderpathw
Shlwapi.dll	2	win32/api/shlwapi	Shlwapi.dll (version 5.0 or later)	strrettobufa,strrettobufw
Snmpapi.dll	24	win32/api/snmp	Snmpapi.dll	snmpsvcgetuptime,snmpsvcsetloglevel,snmpsvcsetlogtype,snmputilasnanycpy,snmputilasnanyfree,snmputildbgprint,snmputilidstoa,snmputilmemalloc,snmputilmemfree,snmputilmemrealloc,snmputiloctetscmp,snmputiloctetscpy,snmputiloctetsfree,snmputiloctetsncmp,snmputiloidappend,snmputiloidcmp,snmputiloidcpy,snmputiloidfree,snmputiloidncmp,snmputiloidtoa,snmputilvarbindcpy,snmputilvarbindfree,snmputilvarbindlistcpy,snmputilvarbindlistfree
SspiCli.dll	2	win32/api/sspi	SspiCli.dll	enumeratesecuritypackagesa,enumeratesecuritypackagesw
Tapi32.dll	166	win32/api/tapi	Tapi32.dll	lineaccept,lineaddprovider,lineaddprovidera,lineaddproviderw,lineaddtoconference,lineanswer,lineblindtransfer,lineblindtransfera,lineblindtransferw,lineclose,linecompletetransfer,lineconfigdialogedit,lineconfigdialogedita,lineconfigdialogeditw,linedeallocatecall,linedevspecific,linedial,linediala,linedialw,linedrop,lineforward,lineforwarda,lineforwardw,linegeneratedigits,linegeneratedigitsa,linegeneratedigitsw,linegeneratetone,linegetaddresscaps,linegetaddresscapsa,linegetaddresscapsw,linegetaddressid,linegetaddressida,linegetaddressidw,linegetaddressstatus,linegetaddressstatusa,linegetaddressstatusw,linegetapppriority,linegetappprioritya,linegetapppriorityw,linegetcallinfo,linegetcallinfoa,linegetcallinfow,linegetcallstatus,linegetconfrelatedcalls,linegetdevcaps,linegetdevcapsa,linegetdevcapsw,linegetdevconfig,linegetdevconfiga,linegetdevconfigw,linegeticon,linegeticona,linegeticonw,linegetid,linegetida,linegetidw,linegetlinedevstatus,linegetlinedevstatusa,linegetlinedevstatusw,linegetmessage,linegetnewcalls,linegetnumrings,linegetproviderlist,linegetproviderlista,linegetproviderlistw,linegetstatusmessages,linegettranslatecaps,linegettranslatecapsa,linegettranslatecapsw,linehandoff,linehandoffa,linehandoffw,linehold,lineinitialize,lineinitializeexa,lineinitializeexw,linemakecall,linemakecalla,linemakecallw,linemonitordigits,linemonitormedia,linenegotiateapiversion,linenegotiateextversion,lineopen,lineopena,lineopenw,linepickup,linepickupa,linepickupw,lineprepareaddtoconference,lineprepareaddtoconferencea,lineprepareaddtoconferencew,lineredirect,lineredirecta,lineredirectw,linereleaseuseruserinfo,lineremovefromconference,linesenduseruserinfo,linesetapppriority,linesetappprioritya,linesetapppriorityw,linesetcallparams,linesetcallprivilege,linesetcurrentlocation,linesetdevconfig,linesetdevconfiga,linesetdevconfigw,linesetmediamode,linesetnumrings,linesetstatusmessages,linesetterminal,linesettolllist,linesettolllista,linesettolllistw,linesetupconference,linesetupconferencea,linesetupconferencew,linesetuptransfer,linesetuptransfera,linesetuptransferw,lineshutdown,lineswaphold,linetranslateaddress,linetranslateaddressa,linetranslateaddressw,linetranslatedialog,linetranslatedialoga,linetranslatedialogw,lineunhold,phoneclose,phoneconfigdialog,phoneconfigdialoga,phoneconfigdialogw,phonedevspecific,phonegetdevcaps,phonegetdevcapsa,phonegetdevcapsw,phonegetgain,phonegethookswitch,phonegeticon,phonegeticona,phonegeticonw,phonegetid,phonegetida,phonegetidw,phonegetmessage,phonegetring,phonegetstatus,phonegetstatusa,phonegetstatusmessages,phonegetstatusw,phonegetvolume,phoneinitializeexa,phoneinitializeexw,phonenegotiateapiversion,phonenegotiateextversion,phoneopen,phonesetgain,phonesethookswitch,phonesetring,phonesetstatusmessages,phonesetvolume,phoneshutdown,tapirequestmakecall,tapirequestmakecalla,tapirequestmakecallw
Upnp.dll	31	win32/api/upnp	Upnp.dll	iupnpdescriptiondocument,iupnpdescriptiondocumentabort,iupnpdescriptiondocumentcallback,iupnpdescriptiondocumentcallbackloadcomplete,iupnpdescriptiondocumentdevicebyudn,iupnpdescriptiondocumentload,iupnpdescriptiondocumentloadasync,iupnpdescriptiondocumentrootdevice,iupnpdevice,iupnpdevicedocumentaccess,iupnpdevicedocumentaccessgetdocumenturl,iupnpdevicefinder,iupnpdevicefindercallback,iupnpdevicefindercallbackdeviceadded,iupnpdevicefindercallbackdeviceremoved,iupnpdevicefindercallbacksearchcomplete,iupnpdevicefindercancelasyncfind,iupnpdevicefindercreateasyncfind,iupnpdevicefinderfindbytype,iupnpdevicefinderfindbyudn,iupnpdevicefinderstartasyncfind,iupnpdeviceiconurl,iupnpdevices,iupnpservice,iupnpserviceaddcallback,iupnpservicecallback,iupnpservicecallbackserviceinstancedied,iupnpservicecallbackstatevariablechanged,iupnpserviceinvokeaction,iupnpservicequerystatevariable,iupnpservices
Upnphost.dll	17	win32/api/upnphost	Upnphost.dll	iupnpdevicecontrol,iupnpdevicecontrolgetserviceobject,iupnpdevicecontrolinitialize,iupnpeventsink,iupnpeventsinkonstatechanged,iupnpeventsinkonstatechangedsafe,iupnpeventsource,iupnpeventsourceadvise,iupnpeventsourceunadvise,iupnpregistrar,iupnpregistrargetuniquedevicename,iupnpregistrarregisterdevice,iupnpregistrarregisterrunningdevice,iupnpregistrarunregisterdevice,iupnpreregistrar,iupnpreregistrarreregisterdevice,iupnpreregistrarreregisterrunningdevice
Urlmon.dll	2	win32/api/urlmon	Urlmon.dll	createasyncbindctx,createformatenumerator
User32.dll	327	win32/api/winuser	User32.dll	activatekeyboardlayout,adjustwindowrectex,appendmenua,appendmenuw,begindeferwindowpos,beginpaint,bringwindowtotop,callwindowproca,callwindowprocw,changedisplaysettingsexa,changedisplaysettingsexw,charlowera,charlowerbuffa,charlowerbuffw,charlowerw,charnexta,charnextw,charpreva,charprevw,charuppera,charupperbuffa,charupperbuffw,charupperw,checkdlgbutton,checkmenuitem,checkmenuradioitem,checkradiobutton,childwindowfrompoint,clienttoscreen,clipcursor,closeclipboard,closegestureinfohandle,copyrect,countclipboardformats,createacceleratortablea,createacceleratortablew,createcaret,createcursor,createdialoga,createdialogindirecta,createdialogindirectparama,createdialogindirectparamw,createdialogindirectw,createdialogparama,createdialogparamw,createdialogw,createiconindirect,createmenu,createpopupmenu,createwindowexa,createwindowexw,defdlgproca,defdlgprocw,deferwindowpos,defwindowproca,defwindowprocw,deletemenu,destroyacceleratortable,destroycaret,destroycursor,destroyicon,destroymenu,destroywindow,dialogboxa,dialogboxindirecta,dialogboxindirectparama,dialogboxindirectparamw,dialogboxindirectw,dialogboxparama,dialogboxparamw,dialogboxw,dispatchmessage,dispatchmessagea,dispatchmessagew,drawedge,drawfocusrect,drawframecontrol,drawicon,drawiconex,drawmenubar,drawtext,drawtexta,drawtextw,emptyclipboard,enablemenuitem,enablewindow,enddeferwindowpos,enddialog,endpaint,enumclipboardformats,enumdisplaydevicesa,enumdisplaydevicesw,enumdisplaymonitors,enumdisplaysettingsa,enumdisplaysettingsw,enumpropsexa,enumpropsexw,enumwindows,equalrect,fillrect,findwindowa,findwindoww,getactivewindow,getasynckeystate,getcapture,getcaretblinktime,getcaretpos,getclassinfoa,getclassinfow,getclasslonga,getclasslongw,getclassname,getclassnamea,getclassnamew,getclientrect,getclipboarddata,getclipboardformatnamea,getclipboardformatnamew,getclipboardowner,getclipcursor,getcursor,getcursorpos,getdc,getdcex,getdesktopwindow,getdialogbaseunits,getdlgctrlid,getdlgitem,getdlgitemint,getdlgitemtexta,getdlgitemtextw,getdoubleclicktime,getfocus,getforegroundwindow,getgestureinfo,geticoninfo,getkeyboardlayout,getkeyboardlayoutlist,getkeyboardlayoutnamea,getkeyboardlayoutnamew,getkeyboardtype,getkeystate,getmenuiteminfoa,getmenuiteminfow,getmessage,getmessagea,getmessagepos,getmessagew,getmonitorinfoa,getmonitorinfow,getnextdlggroupitem,getnextdlgtabitem,getopenclipboardwindow,getparent,getpriorityclipboardformat,getpropa,getpropw,getqueuestatus,getscrollinfo,getsubmenu,getsyscolor,getsyscolorbrush,getsystemmenu,getsystemmetrics,getupdaterect,getupdatergn,getwindow,getwindowdc,getwindowlonga,getwindowlongw,getwindowrect,getwindowrgn,getwindowtexta,getwindowtextlengtha,getwindowtextlengthw,getwindowtextw,getwindowthreadprocessid,hidecaret,inflaterect,insendmessage,insertmenua,insertmenuw,intersectrect,invalidaterect,invalidatergn,invertrect,ischaralphaa,ischaralphanumerica,ischaralphanumericw,ischaralphaw,ischarlowera,ischaruppera,ischarupperw,ischild,isclipboardformatavailable,isdialogmessagea,isdialogmessagew,isdlgbuttonchecked,isrectempty,iswindow,iswindowenabled,iswindowvisible,keybd_event,killtimer,loadacceleratorsa,loadacceleratorsw,loadbitmapa,loadbitmapw,loadcursora,loadcursorw,loadicona,loadiconw,loadimagea,loadimagew,loadkeyboardlayouta,loadkeyboardlayoutw,loadmenua,loadmenuw,loadstringa,loadstringw,mapdialogrect,mapvirtualkeya,mapvirtualkeyw,mapwindowpoints,messagebeep,messagebox,messageboxa,messageboxw,monitorfrompoint,monitorfromrect,monitorfromwindow,mouse_event,movewindow,msgwaitformultipleobjects,msgwaitformultipleobjectsex,offsetrect,openclipboard,peekmessagea,peekmessagew,postmessagea,postmessagew,postquitmessage,postthreadmessagea,postthreadmessagew,ptinrect,redrawwindow,registerclassa,registerclassw,registerclipboardformata,registerclipboardformatw,registerhotkey,registerwindowmessagea,registerwindowmessagew,releasecapture,releasedc,removemenu,removepropa,removepropw,screentoclient,scrolldc,scrollwindowex,senddlgitemmessagea,senddlgitemmessagew,sendinput,sendmessage,sendmessagea,sendmessagetimeouta,sendmessagetimeoutw,sendmessagew,sendnotifymessagea,sendnotifymessagew,setactivewindow,setcapture,setcaretblinktime,setcaretpos,setclasslonga,setclasslongw,setclipboarddata,setcursor,setcursorpos,setdlgitemint,setdlgitemtexta,setdlgitemtextw,setfocus,setforegroundwindow,setmenuiteminfoa,setmenuiteminfow,setparent,setpropa,setpropw,setrect,setrectempty,setscrollinfo,setscrollpos,setscrollrange,setsyscolors,settimer,setwindowlonga,setwindowlongw,setwindowpos,setwindowrgn,setwindowtexta,setwindowtextw,showcaret,showcursor,showwindow,soundsentry,subtractrect,systemparametersinfoa,systemparametersinfow,trackpopupmenu,trackpopupmenuex,translateacceleratora,translateacceleratorw,translatemessage,unionrect,unregisterclassa,unregisterclassw,unregisterhotkey,updatewindow,validaterect,validatergn,windowfrompoint,wsprintfa,wsprintfw,wvsprintfa,wvsprintfw
Usp10.dll	31	win32/api/usp10	Usp10.dll	scriptapplydigitsubstitution,scriptapplylogicalwidth,scriptbreak,scriptcachegetheight,scriptcptox,scriptfreecache,scriptgetcmap,scriptgetfontproperties,scriptgetglyphabcwidth,scriptgetlogicalwidths,scriptgetproperties,scriptiscomplex,scriptitemize,scriptjustify,scriptlayout,scriptplace,scriptrecorddigitsubstitution,scriptshape,scriptstring_pcoutchars,scriptstring_plogattr,scriptstring_psize,scriptstringanalyse,scriptstringcptox,scriptstringfree,scriptstringgetlogicalwidths,scriptstringgetorder,scriptstringout,scriptstringvalidate,scriptstringxtocp,scripttextout,scriptxtocp
UxTheme.dll	8	win32/api/uxtheme	UxTheme.dll,UxTheme.dll (version 1.0 or later)	closethemedata,drawthemebackground,getthemebackgroundextent,getthemecolor,getthemefont,hittestthemebackground,isappthemed,openthemedataex
Win32k.sys	13	win32/api/winddi	Win32k.sys	brushobj_pvallocrbrush,brushobj_pvgetrbrush,clipobj_benum,clipobj_cenumstart,engcreatedevicebitmap,engcreatedevicesurface,engcreatepalette,engdeletesurface,palobj_cgetcolors,pathobj_benum,pathobj_venumstart,pathobj_vgetbounds,xlateobj_cgetpalette
WinSpool.drv	2	win32/api/wingdi	WinSpool.drv	devicecapabilitiesa,devicecapabilitiesw
Wininet.dll	146	win32/api/wininet,win32/api/winineti	Wininet.dll	commiturlcacheentrya,commiturlcacheentryw,createurlcacheentrya,createurlcacheentryw,createurlcachegroup,deleteurlcacheentry,deleteurlcacheentrya,deleteurlcacheentryw,deleteurlcachegroup,findcloseurlcache,findfirsturlcacheentrya,findfirsturlcacheentryexa,findfirsturlcacheentryexw,findfirsturlcacheentryw,findfirsturlcachegroup,findnexturlcacheentrya,findnexturlcacheentryexa,findnexturlcacheentryexw,findnexturlcacheentryw,findnexturlcachegroup,ftpcommanda,ftpcommandw,ftpcreatedirectorya,ftpcreatedirectoryw,ftpdeletefilea,ftpdeletefilew,ftpfindfirstfilea,ftpfindfirstfilew,ftpgetcurrentdirectorya,ftpgetcurrentdirectoryw,ftpgetfilea,ftpgetfilesize,ftpgetfilew,ftpopenfilea,ftpopenfilew,ftpputfilea,ftpputfilew,ftpremovedirectorya,ftpremovedirectoryw,ftprenamefilea,ftprenamefilew,ftpsetcurrentdirectorya,ftpsetcurrentdirectoryw,geturlcacheentryinfoa,geturlcacheentryinfoexa,geturlcacheentryinfoexw,geturlcacheentryinfow,geturlcachegroupattributea,geturlcachegroupattributew,httpaddrequestheadersa,httpaddrequestheadersw,httpendrequesta,httpendrequestw,httpopenrequesta,httpopenrequestw,httpqueryinfoa,httpqueryinfow,httpsendrequesta,httpsendrequestexa,httpsendrequestexw,httpsendrequestw,internetattemptconnect,internetcanonicalizeurla,internetcanonicalizeurlw,internetcheckconnectiona,internetcheckconnectionw,internetclearallpersitecookiedecisions,internetclosehandle,internetcombineurla,internetcombineurlw,internetconfirmzonecrossing,internetconfirmzonecrossinga,internetconfirmzonecrossingw,internetconnecta,internetconnectw,internetcrackurla,internetcrackurlw,internetcreateurla,internetcreateurlw,internetenumpersitecookiedecisiona,internetenumpersitecookiedecisionw,interneterrordlg,internetfindnextfilea,internetfindnextfilew,internetgetconnectedstate,internetgetconnectedstateex,internetgetconnectedstateexa,internetgetconnectedstateexw,internetgetcookiea,internetgetcookiew,internetgetlastresponseinfoa,internetgetlastresponseinfow,internetgetpersitecookiedecisiona,internetgetpersitecookiedecisionw,internetgoonline,internetgoonlinea,internetgoonlinew,internetlockrequestfile,internetopena,internetopenurla,internetopenurlw,internetopenw,internetquerydataavailable,internetqueryoptiona,internetqueryoptionw,internetreadfile,internetreadfileexa,internetreadfileexw,internetsetcookiea,internetsetcookieexa,internetsetcookieexw,internetsetcookiew,internetsetfilepointer,internetsetoptiona,internetsetoptionexa,internetsetoptionexw,internetsetoptionw,internetsetpersitecookiedecisiona,internetsetpersitecookiedecisionw,internetsetstatuscallback,internettimefromsystemtime,internettimefromsystemtimea,internettimefromsystemtimew,internettimetosystemtime,internettimetosystemtimea,internettimetosystemtimew,internetunlockrequestfile,internetwritefile,privacygetzonepreferencew,privacysetzonepreferencew,readurlcacheentrystream,retrieveurlcacheentryfilea,retrieveurlcacheentryfilew,retrieveurlcacheentrystreama,retrieveurlcacheentrystreamw,seturlcacheentrygroup,seturlcacheentrygroupa,seturlcacheentrygroupw,seturlcacheentryinfoa,seturlcacheentryinfow,seturlcachegroupattributea,seturlcachegroupattributew,unlockurlcacheentryfile,unlockurlcacheentryfilea,unlockurlcacheentryfilew,unlockurlcacheentrystream
Winmm.dll	62	win32/api/mmeapi,win32/api/timeapi	Winmm.dll	mixerclose,mixergetcontroldetails,mixergetcontroldetailsa,mixergetcontroldetailsw,mixergetdevcaps,mixergetdevcapsa,mixergetdevcapsw,mixergetid,mixergetlinecontrols,mixergetlinecontrolsa,mixergetlinecontrolsw,mixergetlineinfo,mixergetlineinfoa,mixergetlineinfow,mixergetnumdevs,mixermessage,mixeropen,mixersetcontroldetails,timebeginperiod,timeendperiod,timegetdevcaps,timegetsystemtime,timegettime,waveinaddbuffer,waveinclose,waveingetdevcaps,waveingetdevcapsa,waveingetdevcapsw,waveingeterrortext,waveingetid,waveingetnumdevs,waveingetposition,waveinmessage,waveinopen,waveinprepareheader,waveinreset,waveinstart,waveinstop,waveinunprepareheader,waveoutbreakloop,waveoutclose,waveoutgetdevcaps,waveoutgetdevcapsa,waveoutgetdevcapsw,waveoutgeterrortext,waveoutgetid,waveoutgetnumdevs,waveoutgetpitch,waveoutgetplaybackrate,waveoutgetposition,waveoutgetvolume,waveoutmessage,waveoutopen,waveoutpause,waveoutprepareheader,waveoutreset,waveoutrestart,waveoutsetpitch,waveoutsetplaybackrate,waveoutsetvolume,waveoutunprepareheader,waveoutwrite
Winscard.dll	43	win32/api/winscard	Winscard.dll	scardbegintransaction,scardcancel,scardconnecta,scardconnectw,scardcontrol,scarddisconnect,scardendtransaction,scardestablishcontext,scardforgetcardtypea,scardforgetcardtypew,scardforgetreadera,scardforgetreaderw,scardfreememory,scardgetattrib,scardgetcardtypeprovidernamea,scardgetcardtypeprovidernamew,scardgetproviderida,scardgetprovideridw,scardgetstatuschangea,scardgetstatuschangew,scardintroducecardtypea,scardintroducecardtypew,scardintroducereadera,scardintroducereaderw,scardisvalidcontext,scardlistcardsa,scardlistcardsw,scardlistinterfacesa,scardlistinterfacesw,scardlistreadersa,scardlistreadersw,scardlocatecardsa,scardlocatecardsbyatra,scardlocatecardsbyatrw,scardlocatecardsw,scardreconnect,scardreleasecontext,scardsetattrib,scardsetcardtypeprovidernamea,scardsetcardtypeprovidernamew,scardstatusa,scardstatusw,scardtransmit
Wldap32.dll	211	win32/api/winber,win32/api/winldap	Wldap32.dll	ber_alloc_t,ber_bvdup,ber_bvecfree,ber_bvfree,ber_first_element,ber_flatten,ber_free,ber_init,ber_next_element,ber_peek_tag,ber_printf,ber_scanf,ber_skip_tag,cldap_open,cldap_opena,cldap_openw,ldap_abandon,ldap_add,ldap_add_ext,ldap_add_ext_s,ldap_add_ext_sa,ldap_add_ext_sw,ldap_add_exta,ldap_add_extw,ldap_add_s,ldap_add_sa,ldap_add_sw,ldap_adda,ldap_addw,ldap_bind,ldap_bind_s,ldap_bind_sa,ldap_bind_sw,ldap_binda,ldap_bindw,ldap_check_filtera,ldap_check_filterw,ldap_close_extended_op,ldap_compare,ldap_compare_ext,ldap_compare_ext_s,ldap_compare_ext_sa,ldap_compare_ext_sw,ldap_compare_exta,ldap_compare_extw,ldap_compare_s,ldap_compare_sa,ldap_compare_sw,ldap_comparea,ldap_comparew,ldap_connect,ldap_control_free,ldap_control_freea,ldap_control_freew,ldap_controls_free,ldap_controls_freea,ldap_controls_freew,ldap_count_entries,ldap_count_references,ldap_count_values,ldap_count_values_len,ldap_count_valuesa,ldap_count_valuesw,ldap_create_page_control,ldap_create_page_controla,ldap_create_page_controlw,ldap_create_sort_control,ldap_create_sort_controla,ldap_create_sort_controlw,ldap_delete,ldap_delete_ext,ldap_delete_ext_s,ldap_delete_ext_sa,ldap_delete_ext_sw,ldap_delete_exta,ldap_delete_extw,ldap_delete_s,ldap_delete_sa,ldap_delete_sw,ldap_deletea,ldap_deletew,ldap_dn2ufn,ldap_dn2ufna,ldap_dn2ufnw,ldap_err2string,ldap_err2stringa,ldap_err2stringw,ldap_escape_filter_element,ldap_escape_filter_elementa,ldap_escape_filter_elementw,ldap_explode_dn,ldap_explode_dna,ldap_explode_dnw,ldap_extended_operation,ldap_extended_operationa,ldap_extended_operationw,ldap_first_attribute,ldap_first_attributea,ldap_first_attributew,ldap_first_entry,ldap_first_reference,ldap_get_dn,ldap_get_dna,ldap_get_dnw,ldap_get_next_page,ldap_get_next_page_s,ldap_get_option,ldap_get_optionw,ldap_get_paged_count,ldap_get_values,ldap_get_values_len,ldap_get_values_lena,ldap_get_values_lenw,ldap_get_valuesa,ldap_get_valuesw,ldap_init,ldap_inita,ldap_initw,ldap_memfree,ldap_memfreea,ldap_memfreew,ldap_modify,ldap_modify_ext,ldap_modify_ext_s,ldap_modify_ext_sa,ldap_modify_ext_sw,ldap_modify_exta,ldap_modify_extw,ldap_modify_s,ldap_modify_sa,ldap_modify_sw,ldap_modifya,ldap_modifyw,ldap_msgfree,ldap_next_attribute,ldap_next_attributea,ldap_next_attributew,ldap_next_entry,ldap_next_reference,ldap_open,ldap_opena,ldap_openw,ldap_parse_extended_resulta,ldap_parse_extended_resultw,ldap_parse_page_control,ldap_parse_page_controla,ldap_parse_page_controlw,ldap_parse_reference,ldap_parse_referencea,ldap_parse_referencew,ldap_parse_result,ldap_parse_resulta,ldap_parse_resultw,ldap_parse_sort_control,ldap_parse_sort_controla,ldap_parse_sort_controlw,ldap_rename_ext,ldap_rename_ext_s,ldap_rename_ext_sa,ldap_rename_ext_sw,ldap_rename_exta,ldap_rename_extw,ldap_result,ldap_result2error,ldap_sasl_bind_sa,ldap_sasl_bind_sw,ldap_sasl_binda,ldap_sasl_bindw,ldap_search,ldap_search_abandon_page,ldap_search_ext,ldap_search_ext_s,ldap_search_ext_sa,ldap_search_ext_sw,ldap_search_exta,ldap_search_extw,ldap_search_init_page,ldap_search_init_pagea,ldap_search_init_pagew,ldap_search_s,ldap_search_sa,ldap_search_st,ldap_search_sta,ldap_search_stw,ldap_search_sw,ldap_searcha,ldap_searchw,ldap_set_option,ldap_set_optionw,ldap_simple_bind,ldap_simple_bind_s,ldap_simple_bind_sa,ldap_simple_bind_sw,ldap_simple_binda,ldap_simple_bindw,ldap_sslinit,ldap_sslinita,ldap_sslinitw,ldap_ufn2dn,ldap_ufn2dna,ldap_ufn2dnw,ldap_unbind,ldap_unbind_s,ldap_value_free,ldap_value_free_len,ldap_value_freea,ldap_value_freew,ldapgetlasterror,ldapmaperrortowin32,ldapunicodetoutf8,ldaputf8tounicode
Wmp.dll	90	win32/api/wmp	Wmp.dll	iwmpcontrols3get_currentpositiontimecode,iwmpcontrols3getlanguagename,iwmpcontrols3put_currentpositiontimecode,iwmpcontrolsfastforward,iwmpcontrolsfastreverse,iwmpcontrolsget_currentitem,iwmpcontrolsget_currentposition,iwmpcontrolsget_currentpositionstring,iwmpcontrolsget_isavailable,iwmpcontrolsnext,iwmpcontrolspause,iwmpcontrolsplay,iwmpcontrolsplayitem,iwmpcontrolsprevious,iwmpcontrolsput_currentitem,iwmpcontrolsput_currentposition,iwmpcontrolsstop,iwmpcoreclose,iwmpcoreget_controls,iwmpcoreget_currentmedia,iwmpcoreget_currentplaylist,iwmpcoreget_error,iwmpcoreget_openstate,iwmpcoreget_playstate,iwmpcoreget_settings,iwmpcoreget_status,iwmpcoreget_url,iwmpcoreget_versioninfo,iwmpcoreput_currentmedia,iwmpcoreput_url,iwmperrorclearerrorqueue,iwmperrorget_errorcount,iwmperrorget_item,iwmperroritemget_errorcode,iwmperroritemget_errordescription,iwmpeventsaudiolanguagechange,iwmpeventsbuffering,iwmpeventsclick,iwmpeventscurrentitemchange,iwmpeventscurrentplaylistchange,iwmpeventsdoubleclick,iwmpeventserror,iwmpeventskeydown,iwmpeventskeypress,iwmpeventskeyup,iwmpeventsmarkerhit,iwmpeventsmousedown,iwmpeventsmousemove,iwmpeventsmouseup,iwmpeventsopenstatechange,iwmpeventsplaystatechange,iwmpeventspositionchange,iwmpeventsstatuschange,iwmpmediaget_attributecount,iwmpmediaget_duration,iwmpmediaget_durationstring,iwmpmediaget_imagesourceheight,iwmpmediaget_imagesourcewidth,iwmpmediaget_isidentical,iwmpmediaget_name,iwmpmediaget_sourceurl,iwmpmediagetattributename,iwmpmediagetiteminfo,iwmpplayerget_enablecontextmenu,iwmpplayerget_enabled,iwmpplayerget_fullscreen,iwmpplayerget_uimode,iwmpplayerput_enablecontextmenu,iwmpplayerput_enabled,iwmpplayerput_fullscreen,iwmpplayerput_uimode,iwmpplaylistget_attributecount,iwmpplaylistget_attributename,iwmpplaylistget_count,iwmpplaylistget_isidentical,iwmpplaylistget_item,iwmpplaylistget_name,iwmpplaylistgetiteminfo,iwmpsettings2get_defaultaudiolanguage,iwmpsettingsget_autostart,iwmpsettingsget_balance,iwmpsettingsget_enableerrordialogs,iwmpsettingsget_isavailable,iwmpsettingsget_mute,iwmpsettingsget_volume,iwmpsettingsput_autostart,iwmpsettingsput_balance,iwmpsettingsput_enableerrordialogs,iwmpsettingsput_mute,iwmpsettingsput_volume
Ws2_32.dll	80	win32/api/winsock,win32/api/winsock2,win32/api/ws2spi,win32/api/ws2tcpip,win32/api/wsipv6ok	Ws2_32.dll	accept,bind,closesocket,connect,freeaddrinfo,freeaddrinfow,getaddrinfo,getaddrinfow,gethostbyaddr,gethostbyname,gethostname,gethostnamew,getnameinfo,getnameinfow,getpeername,getsockname,getsockopt,htonl,htons,inet_addr,inet_ntoa,ioctlsocket,listen,ntohl,ntohs,recv,recvfrom,select,send,sendto,setsockopt,shutdown,socket,wsaaccept,wsaaddresstostringa,wsaaddresstostringw,wsaasyncselect,wsacleanup,wsacloseevent,wsaconnect,wsacreateevent,wsaenumnamespaceprovidersa,wsaenumnamespaceprovidersw,wsaenumnetworkevents,wsaenumprotocolsa,wsaenumprotocolsw,wsaeventselect,wsagetlasterror,wsagetoverlappedresult,wsahtonl,wsahtons,wsaioctl,wsajoinleaf,wsalookupservicebegina,wsalookupservicebeginw,wsalookupserviceend,wsalookupservicenexta,wsalookupservicenextw,wsantohl,wsantohs,wsarecv,wsarecvfrom,wsaresetevent,wsasend,wsasendto,wsasetevent,wsasetlasterror,wsasetservicea,wsasetservicew,wsasocketa,wsasocketw,wsastartup,wsastringtoaddressa,wsastringtoaddressw,wsawaitformultipleevents,wscdeinstallprovider,wscenumprotocols,wscinstallnamespace,wscinstallprovider,wscuninstallnamespace
WsdApi.dll	1	win32/api/wsdxml	WsdApi.dll	wsdxmlcreatecontext
Wsdapi.dll	162	win32/api/wsdattachment,win32/api/wsdbase,win32/api/wsdclient,win32/api/wsddisco,win32/api/wsdhost,win32/api/wsdutil,win32/api/wsdxml	Wsdapi.dll	iwsdaddressdeserialize,iwsdaddressserialize,iwsdasynccallbackasyncoperationcomplete,iwsdasyncresultabort,iwsdasyncresultgetasyncstate,iwsdasyncresultgetendpointproxy,iwsdasyncresultgetevent,iwsdasyncresulthascompleted,iwsdasyncresultsetcallback,iwsdasyncresultsetwaithandle,iwsdattachment,iwsddevicehostadddynamicservice,iwsddevicehostinit,iwsddevicehostnotifygetservice,iwsddevicehostregisterporttype,iwsddevicehostregisterservice,iwsddevicehostremovedynamicservice,iwsddevicehostretireservice,iwsddevicehostsetmetadata,iwsddevicehostsetservicediscoverable,iwsddevicehostsignalevent,iwsddevicehoststart,iwsddevicehoststop,iwsddevicehostterminate,iwsddeviceproxybegingetmetadata,iwsddeviceproxyendgetmetadata,iwsddeviceproxygetallmetadata,iwsddeviceproxygetendpointproxy,iwsddeviceproxygethostmetadata,iwsddeviceproxygetserviceproxybyid,iwsddeviceproxygetserviceproxybytype,iwsddeviceproxygetthisdevicemetadata,iwsddeviceproxygetthismodelmetadata,iwsddeviceproxyinit,iwsdendpointproxyabortasyncoperation,iwsdendpointproxygeterrorinfo,iwsdendpointproxygetfaultinfo,iwsdendpointproxyprocessfault,iwsdendpointproxysendonewayrequest,iwsdendpointproxysendtwowayrequest,iwsdendpointproxysendtwowayrequestasync,iwsdeventingstatussubscriptionended,iwsdeventingstatussubscriptionrenewalfailed,iwsdeventingstatussubscriptionrenewed,iwsdhttpaddressgetpath,iwsdhttpaddressgetsecure,iwsdhttpaddresssetpath,iwsdhttpaddresssetsecure,iwsdhttpmessageparametersclear,iwsdhttpmessageparametersgetcontext,iwsdhttpmessageparametersgetid,iwsdhttpmessageparametersgetinboundhttpheaders,iwsdhttpmessageparametersgetoutboundhttpheaders,iwsdhttpmessageparameterssetcontext,iwsdhttpmessageparameterssetid,iwsdhttpmessageparameterssetinboundhttpheaders,iwsdhttpmessageparameterssetoutboundhttpheaders,iwsdinboundattachmentclose,iwsdinboundattachmentread,iwsdiscoveredservicegetendpointreference,iwsdiscoveredservicegetextendeddiscoxml,iwsdiscoveredservicegetinstanceid,iwsdiscoveredservicegetlocalinterfaceguid,iwsdiscoveredservicegetlocaltransportaddress,iwsdiscoveredservicegetmetadataversion,iwsdiscoveredservicegetproberesolvetag,iwsdiscoveredservicegetremotetransportaddress,iwsdiscoveredservicegetscopes,iwsdiscoveredservicegettypes,iwsdiscoveredservicegetxaddrs,iwsdiscoveryproviderattach,iwsdiscoveryproviderdetach,iwsdiscoveryprovidergetxmlcontext,iwsdiscoveryprovidernotifyadd,iwsdiscoveryprovidernotifyremove,iwsdiscoveryprovidernotifysearchcomplete,iwsdiscoveryprovidernotifysearchfailed,iwsdiscoveryprovidersearchbyaddress,iwsdiscoveryprovidersearchbyid,iwsdiscoveryprovidersearchbytype,iwsdiscoveryprovidersetaddressfamily,iwsdiscoverypublishergetxmlcontext,iwsdiscoverypublishermatchprobe,iwsdiscoverypublishermatchprobeex,iwsdiscoverypublishermatchresolve,iwsdiscoverypublishermatchresolveex,iwsdiscoverypublishernotifyprobehandler,iwsdiscoverypublishernotifyresolvehandler,iwsdiscoverypublisherpublish,iwsdiscoverypublisherpublishex,iwsdiscoverypublisherregisternotificationsink,iwsdiscoverypublisherregisterscopematchingrule,iwsdiscoverypublishersetaddressfamily,iwsdiscoverypublisherunpublish,iwsdiscoverypublisherunregisternotificationsink,iwsdiscoverypublisherunregisterscopematchingrule,iwsdmessageparametersgetlocaladdress,iwsdmessageparametersgetlowerparameters,iwsdmessageparametersgetremoteaddress,iwsdmessageparameterssetlocaladdress,iwsdmessageparameterssetremoteaddress,iwsdmetadataexchangegetmetadata,iwsdoutboundattachmentabort,iwsdoutboundattachmentclose,iwsdoutboundattachmentwrite,iwsdscopematchingrulegetscoperule,iwsdscopematchingrulematchscopes,iwsdservicemessagingfaultrequest,iwsdservicemessagingsendresponse,iwsdserviceproxybegingetmetadata,iwsdserviceproxyendgetmetadata,iwsdserviceproxygetendpointproxy,iwsdserviceproxygetservicemetadata,iwsdserviceproxyseteventingstatuscallback,iwsdserviceproxysubscribetooperation,iwsdserviceproxyunsubscribetooperation,iwsdtransportaddressgetport,iwsdtransportaddressgettransportaddress,iwsdtransportaddressgettransportaddressex,iwsdtransportaddresssetport,iwsdtransportaddresssettransportaddress,iwsdudpaddressgetalias,iwsdudpaddressgetexclusive,iwsdudpaddressgetmessagetype,iwsdudpaddressgetsockaddr,iwsdudpaddressgetttl,iwsdudpaddresssetalias,iwsdudpaddresssetexclusive,iwsdudpaddresssetmessagetype,iwsdudpaddresssetsockaddr,iwsdudpaddresssetttl,iwsdudpmessageparametersgetretransmitparams,iwsdudpmessageparameterssetretransmitparams,iwsdxmlcontextaddnamespace,iwsdxmlcontextaddnametonamespace,iwsdxmlcontextsetnamespaces,iwsdxmlcontextsettypes,wsdallocatelinkedmemory,wsdattachlinkedmemory,wsdcreatedevicehost,wsdcreatedevicehostadvanced,wsdcreatedeviceproxy,wsdcreatedeviceproxyadvanced,wsdcreatediscoveryprovider,wsdcreatediscoverypublisher,wsdcreatehttpaddress,wsdcreatehttpmessageparameters,wsdcreateoutboundattachment,wsdcreateudpaddress,wsdcreateudpmessageparameters,wsddetachlinkedmemory,wsdfreelinkedmemory,wsdgeneratefault,wsdgeneratefaultex,wsdgetconfigurationoption,wsdsetconfigurationoption,wsdxmladdchild,wsdxmladdsibling,wsdxmlbuildanyforsingleelement,wsdxmlcleanupelement,wsdxmlgetnamefrombuiltinnamespace,wsdxmlgetvaluefromany
