name	ordinal	dll	entity	page	page_id	set	title	table	row	dll_evidence	license
__addd	960	Fpcrt.dll	__addd	corpus/learn/windows-embedded-ce-6.0/ee479525(v=winembedded.60).html	ee479525(v=winembedded.60)	learn/windows-embedded-ce-6.0	Exports from the Floating Point C Run-Time Library (Windows Embedded CE 6.0)	Export Ordinal	__addd 960	exports that are required for the floating point C run-time library, Fpcrt.dll	learn-tou
__adds	961	Fpcrt.dll	__adds	corpus/learn/windows-embedded-ce-6.0/ee479525(v=winembedded.60).html	ee479525(v=winembedded.60)	learn/windows-embedded-ce-6.0	Exports from the Floating Point C Run-Time Library (Windows Embedded CE 6.0)	Export Ordinal	__adds 961	exports that are required for the floating point C run-time library, Fpcrt.dll	learn-tou
__divd	962	Fpcrt.dll	__divd	corpus/learn/windows-embedded-ce-6.0/ee479525(v=winembedded.60).html	ee479525(v=winembedded.60)	learn/windows-embedded-ce-6.0	Exports from the Floating Point C Run-Time Library (Windows Embedded CE 6.0)	Export Ordinal	__divd 962	exports that are required for the floating point C run-time library, Fpcrt.dll	learn-tou
__divs	963	Fpcrt.dll	__divs	corpus/learn/windows-embedded-ce-6.0/ee479525(v=winembedded.60).html	ee479525(v=winembedded.60)	learn/windows-embedded-ce-6.0	Exports from the Floating Point C Run-Time Library (Windows Embedded CE 6.0)	Export Ordinal	__divs 963	exports that are required for the floating point C run-time library, Fpcrt.dll	learn-tou
__dtoi	964	Fpcrt.dll	__dtoi	corpus/learn/windows-embedded-ce-6.0/ee479525(v=winembedded.60).html	ee479525(v=winembedded.60)	learn/windows-embedded-ce-6.0	Exports from the Floating Point C Run-Time Library (Windows Embedded CE 6.0)	Export Ordinal	__dtoi 964	exports that are required for the floating point C run-time library, Fpcrt.dll	learn-tou
__dtoi64	965	Fpcrt.dll	__dtoi64	corpus/learn/windows-embedded-ce-6.0/ee479525(v=winembedded.60).html	ee479525(v=winembedded.60)	learn/windows-embedded-ce-6.0	Exports from the Floating Point C Run-Time Library (Windows Embedded CE 6.0)	Export Ordinal	__dtoi64 965	exports that are required for the floating point C run-time library, Fpcrt.dll	learn-tou
__dtos	966	Fpcrt.dll	__dtos	corpus/learn/windows-embedded-ce-6.0/ee479525(v=winembedded.60).html	ee479525(v=winembedded.60)	learn/windows-embedded-ce-6.0	Exports from the Floating Point C Run-Time Library (Windows Embedded CE 6.0)	Export Ordinal	__dtos 966	exports that are required for the floating point C run-time library, Fpcrt.dll	learn-tou
__dtou	967	Fpcrt.dll	__dtou	corpus/learn/windows-embedded-ce-6.0/ee479525(v=winembedded.60).html	ee479525(v=winembedded.60)	learn/windows-embedded-ce-6.0	Exports from the Floating Point C Run-Time Library (Windows Embedded CE 6.0)	Export Ordinal	__dtou 967	exports that are required for the floating point C run-time library, Fpcrt.dll	learn-tou
__dtou64	968	Fpcrt.dll	__dtou64	corpus/learn/windows-embedded-ce-6.0/ee479525(v=winembedded.60).html	ee479525(v=winembedded.60)	learn/windows-embedded-ce-6.0	Exports from the Floating Point C Run-Time Library (Windows Embedded CE 6.0)	Export Ordinal	__dtou64 968	exports that are required for the floating point C run-time library, Fpcrt.dll	learn-tou
__eqd	969	Fpcrt.dll	__eqd	corpus/learn/windows-embedded-ce-6.0/ee479525(v=winembedded.60).html	ee479525(v=winembedded.60)	learn/windows-embedded-ce-6.0	Exports from the Floating Point C Run-Time Library (Windows Embedded CE 6.0)	Export Ordinal	__eqd 969	exports that are required for the floating point C run-time library, Fpcrt.dll	learn-tou
__eqs	970	Fpcrt.dll	__eqs	corpus/learn/windows-embedded-ce-6.0/ee479525(v=winembedded.60).html	ee479525(v=winembedded.60)	learn/windows-embedded-ce-6.0	Exports from the Floating Point C Run-Time Library (Windows Embedded CE 6.0)	Export Ordinal	__eqs 970	exports that are required for the floating point C run-time library, Fpcrt.dll	learn-tou
__ged	971	Fpcrt.dll	__ged	corpus/learn/windows-embedded-ce-6.0/ee479525(v=winembedded.60).html	ee479525(v=winembedded.60)	learn/windows-embedded-ce-6.0	Exports from the Floating Point C Run-Time Library (Windows Embedded CE 6.0)	Export Ordinal	__ged 971	exports that are required for the floating point C run-time library, Fpcrt.dll	learn-tou
__ges	972	Fpcrt.dll	__ges	corpus/learn/windows-embedded-ce-6.0/ee479525(v=winembedded.60).html	ee479525(v=winembedded.60)	learn/windows-embedded-ce-6.0	Exports from the Floating Point C Run-Time Library (Windows Embedded CE 6.0)	Export Ordinal	__ges 972	exports that are required for the floating point C run-time library, Fpcrt.dll	learn-tou
__gtd	973	Fpcrt.dll	__gtd	corpus/learn/windows-embedded-ce-6.0/ee479525(v=winembedded.60).html	ee479525(v=winembedded.60)	learn/windows-embedded-ce-6.0	Exports from the Floating Point C Run-Time Library (Windows Embedded CE 6.0)	Export Ordinal	__gtd 973	exports that are required for the floating point C run-time library, Fpcrt.dll	learn-tou
__gts	974	Fpcrt.dll	__gts	corpus/learn/windows-embedded-ce-6.0/ee479525(v=winembedded.60).html	ee479525(v=winembedded.60)	learn/windows-embedded-ce-6.0	Exports from the Floating Point C Run-Time Library (Windows Embedded CE 6.0)	Export Ordinal	__gts 974	exports that are required for the floating point C run-time library, Fpcrt.dll	learn-tou
__i64tod	975	Fpcrt.dll	__i64tod	corpus/learn/windows-embedded-ce-6.0/ee479525(v=winembedded.60).html	ee479525(v=winembedded.60)	learn/windows-embedded-ce-6.0	Exports from the Floating Point C Run-Time Library (Windows Embedded CE 6.0)	Export Ordinal	__i64tod 975	exports that are required for the floating point C run-time library, Fpcrt.dll	learn-tou
__i64tos	976	Fpcrt.dll	__i64tos	corpus/learn/windows-embedded-ce-6.0/ee479525(v=winembedded.60).html	ee479525(v=winembedded.60)	learn/windows-embedded-ce-6.0	Exports from the Floating Point C Run-Time Library (Windows Embedded CE 6.0)	Export Ordinal	__i64tos 976	exports that are required for the floating point C run-time library, Fpcrt.dll	learn-tou
__itod	977	Fpcrt.dll	__itod	corpus/learn/windows-embedded-ce-6.0/ee479525(v=winembedded.60).html	ee479525(v=winembedded.60)	learn/windows-embedded-ce-6.0	Exports from the Floating Point C Run-Time Library (Windows Embedded CE 6.0)	Export Ordinal	__itod 977	exports that are required for the floating point C run-time library, Fpcrt.dll	learn-tou
__itos	978	Fpcrt.dll	__itos	corpus/learn/windows-embedded-ce-6.0/ee479525(v=winembedded.60).html	ee479525(v=winembedded.60)	learn/windows-embedded-ce-6.0	Exports from the Floating Point C Run-Time Library (Windows Embedded CE 6.0)	Export Ordinal	__itos 978	exports that are required for the floating point C run-time library, Fpcrt.dll	learn-tou
__led	979	Fpcrt.dll	__led	corpus/learn/windows-embedded-ce-6.0/ee479525(v=winembedded.60).html	ee479525(v=winembedded.60)	learn/windows-embedded-ce-6.0	Exports from the Floating Point C Run-Time Library (Windows Embedded CE 6.0)	Export Ordinal	__led 979	exports that are required for the floating point C run-time library, Fpcrt.dll	learn-tou
__les	980	Fpcrt.dll	__les	corpus/learn/windows-embedded-ce-6.0/ee479525(v=winembedded.60).html	ee479525(v=winembedded.60)	learn/windows-embedded-ce-6.0	Exports from the Floating Point C Run-Time Library (Windows Embedded CE 6.0)	Export Ordinal	__les 980	exports that are required for the floating point C run-time library, Fpcrt.dll	learn-tou
__ltd	981	Fpcrt.dll	__ltd	corpus/learn/windows-embedded-ce-6.0/ee479525(v=winembedded.60).html	ee479525(v=winembedded.60)	learn/windows-embedded-ce-6.0	Exports from the Floating Point C Run-Time Library (Windows Embedded CE 6.0)	Export Ordinal	__ltd 981	exports that are required for the floating point C run-time library, Fpcrt.dll	learn-tou
__lts	982	Fpcrt.dll	__lts	corpus/learn/windows-embedded-ce-6.0/ee479525(v=winembedded.60).html	ee479525(v=winembedded.60)	learn/windows-embedded-ce-6.0	Exports from the Floating Point C Run-Time Library (Windows Embedded CE 6.0)	Export Ordinal	__lts 982	exports that are required for the floating point C run-time library, Fpcrt.dll	learn-tou
__muld	983	Fpcrt.dll	__muld	corpus/learn/windows-embedded-ce-6.0/ee479525(v=winembedded.60).html	ee479525(v=winembedded.60)	learn/windows-embedded-ce-6.0	Exports from the Floating Point C Run-Time Library (Windows Embedded CE 6.0)	Export Ordinal	__muld 983	exports that are required for the floating point C run-time library, Fpcrt.dll	learn-tou
__muls	984	Fpcrt.dll	__muls	corpus/learn/windows-embedded-ce-6.0/ee479525(v=winembedded.60).html	ee479525(v=winembedded.60)	learn/windows-embedded-ce-6.0	Exports from the Floating Point C Run-Time Library (Windows Embedded CE 6.0)	Export Ordinal	__muls 984	exports that are required for the floating point C run-time library, Fpcrt.dll	learn-tou
__ned	985	Fpcrt.dll	__ned	corpus/learn/windows-embedded-ce-6.0/ee479525(v=winembedded.60).html	ee479525(v=winembedded.60)	learn/windows-embedded-ce-6.0	Exports from the Floating Point C Run-Time Library (Windows Embedded CE 6.0)	Export Ordinal	__ned 985	exports that are required for the floating point C run-time library, Fpcrt.dll	learn-tou
__negd	986	Fpcrt.dll	__negd	corpus/learn/windows-embedded-ce-6.0/ee479525(v=winembedded.60).html	ee479525(v=winembedded.60)	learn/windows-embedded-ce-6.0	Exports from the Floating Point C Run-Time Library (Windows Embedded CE 6.0)	Export Ordinal	__negd 986	exports that are required for the floating point C run-time library, Fpcrt.dll	learn-tou
__negs	987	Fpcrt.dll	__negs	corpus/learn/windows-embedded-ce-6.0/ee479525(v=winembedded.60).html	ee479525(v=winembedded.60)	learn/windows-embedded-ce-6.0	Exports from the Floating Point C Run-Time Library (Windows Embedded CE 6.0)	Export Ordinal	__negs 987	exports that are required for the floating point C run-time library, Fpcrt.dll	learn-tou
__nes	988	Fpcrt.dll	__nes	corpus/learn/windows-embedded-ce-6.0/ee479525(v=winembedded.60).html	ee479525(v=winembedded.60)	learn/windows-embedded-ce-6.0	Exports from the Floating Point C Run-Time Library (Windows Embedded CE 6.0)	Export Ordinal	__nes 988	exports that are required for the floating point C run-time library, Fpcrt.dll	learn-tou
__stod	989	Fpcrt.dll	__stod	corpus/learn/windows-embedded-ce-6.0/ee479525(v=winembedded.60).html	ee479525(v=winembedded.60)	learn/windows-embedded-ce-6.0	Exports from the Floating Point C Run-Time Library (Windows Embedded CE 6.0)	Export Ordinal	__stod 989	exports that are required for the floating point C run-time library, Fpcrt.dll	learn-tou
__stoi	990	Fpcrt.dll	__stoi	corpus/learn/windows-embedded-ce-6.0/ee479525(v=winembedded.60).html	ee479525(v=winembedded.60)	learn/windows-embedded-ce-6.0	Exports from the Floating Point C Run-Time Library (Windows Embedded CE 6.0)	Export Ordinal	__stoi 990	exports that are required for the floating point C run-time library, Fpcrt.dll	learn-tou
__stoi64	991	Fpcrt.dll	__stoi64	corpus/learn/windows-embedded-ce-6.0/ee479525(v=winembedded.60).html	ee479525(v=winembedded.60)	learn/windows-embedded-ce-6.0	Exports from the Floating Point C Run-Time Library (Windows Embedded CE 6.0)	Export Ordinal	__stoi64 991	exports that are required for the floating point C run-time library, Fpcrt.dll	learn-tou
__stou	992	Fpcrt.dll	__stou	corpus/learn/windows-embedded-ce-6.0/ee479525(v=winembedded.60).html	ee479525(v=winembedded.60)	learn/windows-embedded-ce-6.0	Exports from the Floating Point C Run-Time Library (Windows Embedded CE 6.0)	Export Ordinal	__stou 992	exports that are required for the floating point C run-time library, Fpcrt.dll	learn-tou
__stou64	993	Fpcrt.dll	__stou64	corpus/learn/windows-embedded-ce-6.0/ee479525(v=winembedded.60).html	ee479525(v=winembedded.60)	learn/windows-embedded-ce-6.0	Exports from the Floating Point C Run-Time Library (Windows Embedded CE 6.0)	Export Ordinal	__stou64 993	exports that are required for the floating point C run-time library, Fpcrt.dll	learn-tou
__subd	994	Fpcrt.dll	__subd	corpus/learn/windows-embedded-ce-6.0/ee479525(v=winembedded.60).html	ee479525(v=winembedded.60)	learn/windows-embedded-ce-6.0	Exports from the Floating Point C Run-Time Library (Windows Embedded CE 6.0)	Export Ordinal	__subd 994	exports that are required for the floating point C run-time library, Fpcrt.dll	learn-tou
__subs	995	Fpcrt.dll	__subs	corpus/learn/windows-embedded-ce-6.0/ee479525(v=winembedded.60).html	ee479525(v=winembedded.60)	learn/windows-embedded-ce-6.0	Exports from the Floating Point C Run-Time Library (Windows Embedded CE 6.0)	Export Ordinal	__subs 995	exports that are required for the floating point C run-time library, Fpcrt.dll	learn-tou
__u64tod	996	Fpcrt.dll	__u64tod	corpus/learn/windows-embedded-ce-6.0/ee479525(v=winembedded.60).html	ee479525(v=winembedded.60)	learn/windows-embedded-ce-6.0	Exports from the Floating Point C Run-Time Library (Windows Embedded CE 6.0)	Export Ordinal	__u64tod 996	exports that are required for the floating point C run-time library, Fpcrt.dll	learn-tou
__u64tos	997	Fpcrt.dll	__u64tos	corpus/learn/windows-embedded-ce-6.0/ee479525(v=winembedded.60).html	ee479525(v=winembedded.60)	learn/windows-embedded-ce-6.0	Exports from the Floating Point C Run-Time Library (Windows Embedded CE 6.0)	Export Ordinal	__u64tos 997	exports that are required for the floating point C run-time library, Fpcrt.dll	learn-tou
__utod	998	Fpcrt.dll	__utod	corpus/learn/windows-embedded-ce-6.0/ee479525(v=winembedded.60).html	ee479525(v=winembedded.60)	learn/windows-embedded-ce-6.0	Exports from the Floating Point C Run-Time Library (Windows Embedded CE 6.0)	Export Ordinal	__utod 998	exports that are required for the floating point C run-time library, Fpcrt.dll	learn-tou
__utos	999	Fpcrt.dll	__utos	corpus/learn/windows-embedded-ce-6.0/ee479525(v=winembedded.60).html	ee479525(v=winembedded.60)	learn/windows-embedded-ce-6.0	Exports from the Floating Point C Run-Time Library (Windows Embedded CE 6.0)	Export Ordinal	__utos 999	exports that are required for the floating point C run-time library, Fpcrt.dll	learn-tou
_cabs	1000	Fpcrt.dll	_cabs	corpus/learn/windows-embedded-ce-6.0/ee479525(v=winembedded.60).html	ee479525(v=winembedded.60)	learn/windows-embedded-ce-6.0	Exports from the Floating Point C Run-Time Library (Windows Embedded CE 6.0)	Export Ordinal	_cabs 1000	exports that are required for the floating point C run-time library, Fpcrt.dll	learn-tou
_chgsign	1001	Fpcrt.dll	_chgsign	corpus/learn/windows-embedded-ce-6.0/ee479525(v=winembedded.60).html	ee479525(v=winembedded.60)	learn/windows-embedded-ce-6.0	Exports from the Floating Point C Run-Time Library (Windows Embedded CE 6.0)	Export Ordinal	_chgsign 1001	exports that are required for the floating point C run-time library, Fpcrt.dll	learn-tou
_clearfp	1002	Fpcrt.dll	_clearfp	corpus/learn/windows-embedded-ce-6.0/ee479525(v=winembedded.60).html	ee479525(v=winembedded.60)	learn/windows-embedded-ce-6.0	Exports from the Floating Point C Run-Time Library (Windows Embedded CE 6.0)	Export Ordinal	_clearfp 1002	exports that are required for the floating point C run-time library, Fpcrt.dll	learn-tou
_controlfp	1003	Fpcrt.dll	_controlfp	corpus/learn/windows-embedded-ce-6.0/ee479525(v=winembedded.60).html	ee479525(v=winembedded.60)	learn/windows-embedded-ce-6.0	Exports from the Floating Point C Run-Time Library (Windows Embedded CE 6.0)	Export Ordinal	_controlfp 1003	exports that are required for the floating point C run-time library, Fpcrt.dll	learn-tou
_controlfp_s	1004	Fpcrt.dll	_controlfp_s	corpus/learn/windows-embedded-ce-6.0/ee479525(v=winembedded.60).html	ee479525(v=winembedded.60)	learn/windows-embedded-ce-6.0	Exports from the Floating Point C Run-Time Library (Windows Embedded CE 6.0)	Export Ordinal	_controlfp_s 1004	exports that are required for the floating point C run-time library, Fpcrt.dll	learn-tou
_copysign	1005	Fpcrt.dll	_copysign	corpus/learn/windows-embedded-ce-6.0/ee479525(v=winembedded.60).html	ee479525(v=winembedded.60)	learn/windows-embedded-ce-6.0	Exports from the Floating Point C Run-Time Library (Windows Embedded CE 6.0)	Export Ordinal	_copysign 1005	exports that are required for the floating point C run-time library, Fpcrt.dll	learn-tou
_finite	1006	Fpcrt.dll	_finite	corpus/learn/windows-embedded-ce-6.0/ee479525(v=winembedded.60).html	ee479525(v=winembedded.60)	learn/windows-embedded-ce-6.0	Exports from the Floating Point C Run-Time Library (Windows Embedded CE 6.0)	Export Ordinal	_finite 1006	exports that are required for the floating point C run-time library, Fpcrt.dll	learn-tou
_fpclass	1007	Fpcrt.dll	_fpclass	corpus/learn/windows-embedded-ce-6.0/ee479525(v=winembedded.60).html	ee479525(v=winembedded.60)	learn/windows-embedded-ce-6.0	Exports from the Floating Point C Run-Time Library (Windows Embedded CE 6.0)	Export Ordinal	_fpclass 1007	exports that are required for the floating point C run-time library, Fpcrt.dll	learn-tou
_fpieee_flt	1008	Fpcrt.dll	_fpieee_flt	corpus/learn/windows-embedded-ce-6.0/ee479525(v=winembedded.60).html	ee479525(v=winembedded.60)	learn/windows-embedded-ce-6.0	Exports from the Floating Point C Run-Time Library (Windows Embedded CE 6.0)	Export Ordinal	_fpieee_flt 1008	exports that are required for the floating point C run-time library, Fpcrt.dll	learn-tou
_fpreset	1009	Fpcrt.dll	_fpreset	corpus/learn/windows-embedded-ce-6.0/ee479525(v=winembedded.60).html	ee479525(v=winembedded.60)	learn/windows-embedded-ce-6.0	Exports from the Floating Point C Run-Time Library (Windows Embedded CE 6.0)	Export Ordinal	_fpreset 1009	exports that are required for the floating point C run-time library, Fpcrt.dll	learn-tou
_frnd	1010	Fpcrt.dll	_frnd	corpus/learn/windows-embedded-ce-6.0/ee479525(v=winembedded.60).html	ee479525(v=winembedded.60)	learn/windows-embedded-ce-6.0	Exports from the Floating Point C Run-Time Library (Windows Embedded CE 6.0)	Export Ordinal	_frnd 1010	exports that are required for the floating point C run-time library, Fpcrt.dll	learn-tou
_fsqrt	1011	Fpcrt.dll	_fsqrt	corpus/learn/windows-embedded-ce-6.0/ee479525(v=winembedded.60).html	ee479525(v=winembedded.60)	learn/windows-embedded-ce-6.0	Exports from the Floating Point C Run-Time Library (Windows Embedded CE 6.0)	Export Ordinal	_fsqrt 1011	exports that are required for the floating point C run-time library, Fpcrt.dll	learn-tou
_hypot	1012	Fpcrt.dll	_hypot	corpus/learn/windows-embedded-ce-6.0/ee479525(v=winembedded.60).html	ee479525(v=winembedded.60)	learn/windows-embedded-ce-6.0	Exports from the Floating Point C Run-Time Library (Windows Embedded CE 6.0)	Export Ordinal	_hypot 1012	exports that are required for the floating point C run-time library, Fpcrt.dll	learn-tou
_isnan	1013	Fpcrt.dll	_isnan	corpus/learn/windows-embedded-ce-6.0/ee479525(v=winembedded.60).html	ee479525(v=winembedded.60)	learn/windows-embedded-ce-6.0	Exports from the Floating Point C Run-Time Library (Windows Embedded CE 6.0)	Export Ordinal	_isnan 1013	exports that are required for the floating point C run-time library, Fpcrt.dll	learn-tou
_isnanf	1014	Fpcrt.dll	_isnanf	corpus/learn/windows-embedded-ce-6.0/ee479525(v=winembedded.60).html	ee479525(v=winembedded.60)	learn/windows-embedded-ce-6.0	Exports from the Floating Point C Run-Time Library (Windows Embedded CE 6.0)	Export Ordinal	_isnanf 1014	exports that are required for the floating point C run-time library, Fpcrt.dll	learn-tou
_isunordered	1015	Fpcrt.dll	_isunordered	corpus/learn/windows-embedded-ce-6.0/ee479525(v=winembedded.60).html	ee479525(v=winembedded.60)	learn/windows-embedded-ce-6.0	Exports from the Floating Point C Run-Time Library (Windows Embedded CE 6.0)	Export Ordinal	_isunordered 1015	exports that are required for the floating point C run-time library, Fpcrt.dll	learn-tou
_isunorderedf	1016	Fpcrt.dll	_isunorderedf	corpus/learn/windows-embedded-ce-6.0/ee479525(v=winembedded.60).html	ee479525(v=winembedded.60)	learn/windows-embedded-ce-6.0	Exports from the Floating Point C Run-Time Library (Windows Embedded CE 6.0)	Export Ordinal	_isunorderedf 1016	exports that are required for the floating point C run-time library, Fpcrt.dll	learn-tou
_j0	1017	Fpcrt.dll	_j0	corpus/learn/windows-embedded-ce-6.0/ee479525(v=winembedded.60).html	ee479525(v=winembedded.60)	learn/windows-embedded-ce-6.0	Exports from the Floating Point C Run-Time Library (Windows Embedded CE 6.0)	Export Ordinal	_j0 1017	exports that are required for the floating point C run-time library, Fpcrt.dll	learn-tou
_j1	1018	Fpcrt.dll	_j1	corpus/learn/windows-embedded-ce-6.0/ee479525(v=winembedded.60).html	ee479525(v=winembedded.60)	learn/windows-embedded-ce-6.0	Exports from the Floating Point C Run-Time Library (Windows Embedded CE 6.0)	Export Ordinal	_j1 1018	exports that are required for the floating point C run-time library, Fpcrt.dll	learn-tou
_jn	1019	Fpcrt.dll	_jn	corpus/learn/windows-embedded-ce-6.0/ee479525(v=winembedded.60).html	ee479525(v=winembedded.60)	learn/windows-embedded-ce-6.0	Exports from the Floating Point C Run-Time Library (Windows Embedded CE 6.0)	Export Ordinal	_jn 1019	exports that are required for the floating point C run-time library, Fpcrt.dll	learn-tou
_logb	1020	Fpcrt.dll	_logb	corpus/learn/windows-embedded-ce-6.0/ee479525(v=winembedded.60).html	ee479525(v=winembedded.60)	learn/windows-embedded-ce-6.0	Exports from the Floating Point C Run-Time Library (Windows Embedded CE 6.0)	Export Ordinal	_logb 1020	exports that are required for the floating point C run-time library, Fpcrt.dll	learn-tou
_nextafter	1021	Fpcrt.dll	_nextafter	corpus/learn/windows-embedded-ce-6.0/ee479525(v=winembedded.60).html	ee479525(v=winembedded.60)	learn/windows-embedded-ce-6.0	Exports from the Floating Point C Run-Time Library (Windows Embedded CE 6.0)	Export Ordinal	_nextafter 1021	exports that are required for the floating point C run-time library, Fpcrt.dll	learn-tou
_scalb	1022	Fpcrt.dll	_scalb	corpus/learn/windows-embedded-ce-6.0/ee479525(v=winembedded.60).html	ee479525(v=winembedded.60)	learn/windows-embedded-ce-6.0	Exports from the Floating Point C Run-Time Library (Windows Embedded CE 6.0)	Export Ordinal	_scalb 1022	exports that are required for the floating point C run-time library, Fpcrt.dll	learn-tou
_statusfp	1023	Fpcrt.dll	_statusfp	corpus/learn/windows-embedded-ce-6.0/ee479525(v=winembedded.60).html	ee479525(v=winembedded.60)	learn/windows-embedded-ce-6.0	Exports from the Floating Point C Run-Time Library (Windows Embedded CE 6.0)	Export Ordinal	_statusfp 1023	exports that are required for the floating point C run-time library, Fpcrt.dll	learn-tou
_y0	1024	Fpcrt.dll	_y0	corpus/learn/windows-embedded-ce-6.0/ee479525(v=winembedded.60).html	ee479525(v=winembedded.60)	learn/windows-embedded-ce-6.0	Exports from the Floating Point C Run-Time Library (Windows Embedded CE 6.0)	Export Ordinal	_y0 1024	exports that are required for the floating point C run-time library, Fpcrt.dll	learn-tou
_y1	1025	Fpcrt.dll	_y1	corpus/learn/windows-embedded-ce-6.0/ee479525(v=winembedded.60).html	ee479525(v=winembedded.60)	learn/windows-embedded-ce-6.0	Exports from the Floating Point C Run-Time Library (Windows Embedded CE 6.0)	Export Ordinal	_y1 1025	exports that are required for the floating point C run-time library, Fpcrt.dll	learn-tou
_yn	1026	Fpcrt.dll	_yn	corpus/learn/windows-embedded-ce-6.0/ee479525(v=winembedded.60).html	ee479525(v=winembedded.60)	learn/windows-embedded-ce-6.0	Exports from the Floating Point C Run-Time Library (Windows Embedded CE 6.0)	Export Ordinal	_yn 1026	exports that are required for the floating point C run-time library, Fpcrt.dll	learn-tou
acos	1027	Fpcrt.dll	acos	corpus/learn/windows-embedded-ce-6.0/ee479525(v=winembedded.60).html	ee479525(v=winembedded.60)	learn/windows-embedded-ce-6.0	Exports from the Floating Point C Run-Time Library (Windows Embedded CE 6.0)	Export Ordinal	acos 1027	exports that are required for the floating point C run-time library, Fpcrt.dll	learn-tou
asin	1028	Fpcrt.dll	asin	corpus/learn/windows-embedded-ce-6.0/ee479525(v=winembedded.60).html	ee479525(v=winembedded.60)	learn/windows-embedded-ce-6.0	Exports from the Floating Point C Run-Time Library (Windows Embedded CE 6.0)	Export Ordinal	asin 1028	exports that are required for the floating point C run-time library, Fpcrt.dll	learn-tou
atan	1029	Fpcrt.dll	atan	corpus/learn/windows-embedded-ce-6.0/ee479525(v=winembedded.60).html	ee479525(v=winembedded.60)	learn/windows-embedded-ce-6.0	Exports from the Floating Point C Run-Time Library (Windows Embedded CE 6.0)	Export Ordinal	atan 1029	exports that are required for the floating point C run-time library, Fpcrt.dll	learn-tou
atan2	1030	Fpcrt.dll	atan2	corpus/learn/windows-embedded-ce-6.0/ee479525(v=winembedded.60).html	ee479525(v=winembedded.60)	learn/windows-embedded-ce-6.0	Exports from the Floating Point C Run-Time Library (Windows Embedded CE 6.0)	Export Ordinal	atan2 1030	exports that are required for the floating point C run-time library, Fpcrt.dll	learn-tou
ceil	1031	Fpcrt.dll	ceil	corpus/learn/windows-embedded-ce-6.0/ee479525(v=winembedded.60).html	ee479525(v=winembedded.60)	learn/windows-embedded-ce-6.0	Exports from the Floating Point C Run-Time Library (Windows Embedded CE 6.0)	Export Ordinal	ceil 1031	exports that are required for the floating point C run-time library, Fpcrt.dll	learn-tou
ceilf	1032	Fpcrt.dll	ceilf	corpus/learn/windows-embedded-ce-6.0/ee479525(v=winembedded.60).html	ee479525(v=winembedded.60)	learn/windows-embedded-ce-6.0	Exports from the Floating Point C Run-Time Library (Windows Embedded CE 6.0)	Export Ordinal	ceilf 1032	exports that are required for the floating point C run-time library, Fpcrt.dll	learn-tou
cos	1033	Fpcrt.dll	cos	corpus/learn/windows-embedded-ce-6.0/ee479525(v=winembedded.60).html	ee479525(v=winembedded.60)	learn/windows-embedded-ce-6.0	Exports from the Floating Point C Run-Time Library (Windows Embedded CE 6.0)	Export Ordinal	cos 1033	exports that are required for the floating point C run-time library, Fpcrt.dll	learn-tou
cosh	1034	Fpcrt.dll	cosh	corpus/learn/windows-embedded-ce-6.0/ee479525(v=winembedded.60).html	ee479525(v=winembedded.60)	learn/windows-embedded-ce-6.0	Exports from the Floating Point C Run-Time Library (Windows Embedded CE 6.0)	Export Ordinal	cosh 1034	exports that are required for the floating point C run-time library, Fpcrt.dll	learn-tou
exp	1035	Fpcrt.dll	exp	corpus/learn/windows-embedded-ce-6.0/ee479525(v=winembedded.60).html	ee479525(v=winembedded.60)	learn/windows-embedded-ce-6.0	Exports from the Floating Point C Run-Time Library (Windows Embedded CE 6.0)	Export Ordinal	exp 1035	exports that are required for the floating point C run-time library, Fpcrt.dll	learn-tou
fabs	1036	Fpcrt.dll	fabs	corpus/learn/windows-embedded-ce-6.0/ee479525(v=winembedded.60).html	ee479525(v=winembedded.60)	learn/windows-embedded-ce-6.0	Exports from the Floating Point C Run-Time Library (Windows Embedded CE 6.0)	Export Ordinal	fabs 1036	exports that are required for the floating point C run-time library, Fpcrt.dll	learn-tou
fabsf	1037	Fpcrt.dll	fabsf	corpus/learn/windows-embedded-ce-6.0/ee479525(v=winembedded.60).html	ee479525(v=winembedded.60)	learn/windows-embedded-ce-6.0	Exports from the Floating Point C Run-Time Library (Windows Embedded CE 6.0)	Export Ordinal	fabsf 1037	exports that are required for the floating point C run-time library, Fpcrt.dll	learn-tou
floor	1038	Fpcrt.dll	floor	corpus/learn/windows-embedded-ce-6.0/ee479525(v=winembedded.60).html	ee479525(v=winembedded.60)	learn/windows-embedded-ce-6.0	Exports from the Floating Point C Run-Time Library (Windows Embedded CE 6.0)	Export Ordinal	floor 1038	exports that are required for the floating point C run-time library, Fpcrt.dll	learn-tou
floorf	1039	Fpcrt.dll	floorf	corpus/learn/windows-embedded-ce-6.0/ee479525(v=winembedded.60).html	ee479525(v=winembedded.60)	learn/windows-embedded-ce-6.0	Exports from the Floating Point C Run-Time Library (Windows Embedded CE 6.0)	Export Ordinal	floorf 1039	exports that are required for the floating point C run-time library, Fpcrt.dll	learn-tou
fmod	1040	Fpcrt.dll	fmod	corpus/learn/windows-embedded-ce-6.0/ee479525(v=winembedded.60).html	ee479525(v=winembedded.60)	learn/windows-embedded-ce-6.0	Exports from the Floating Point C Run-Time Library (Windows Embedded CE 6.0)	Export Ordinal	fmod 1040	exports that are required for the floating point C run-time library, Fpcrt.dll	learn-tou
fmodf	1041	Fpcrt.dll	fmodf	corpus/learn/windows-embedded-ce-6.0/ee479525(v=winembedded.60).html	ee479525(v=winembedded.60)	learn/windows-embedded-ce-6.0	Exports from the Floating Point C Run-Time Library (Windows Embedded CE 6.0)	Export Ordinal	fmodf 1041	exports that are required for the floating point C run-time library, Fpcrt.dll	learn-tou
frexp	1042	Fpcrt.dll	frexp	corpus/learn/windows-embedded-ce-6.0/ee479525(v=winembedded.60).html	ee479525(v=winembedded.60)	learn/windows-embedded-ce-6.0	Exports from the Floating Point C Run-Time Library (Windows Embedded CE 6.0)	Export Ordinal	frexp 1042	exports that are required for the floating point C run-time library, Fpcrt.dll	learn-tou
ldexp	1043	Fpcrt.dll	ldexp	corpus/learn/windows-embedded-ce-6.0/ee479525(v=winembedded.60).html	ee479525(v=winembedded.60)	learn/windows-embedded-ce-6.0	Exports from the Floating Point C Run-Time Library (Windows Embedded CE 6.0)	Export Ordinal	ldexp 1043	exports that are required for the floating point C run-time library, Fpcrt.dll	learn-tou
log	1044	Fpcrt.dll	log	corpus/learn/windows-embedded-ce-6.0/ee479525(v=winembedded.60).html	ee479525(v=winembedded.60)	learn/windows-embedded-ce-6.0	Exports from the Floating Point C Run-Time Library (Windows Embedded CE 6.0)	Export Ordinal	log 1044	exports that are required for the floating point C run-time library, Fpcrt.dll	learn-tou
log10	1045	Fpcrt.dll	log10	corpus/learn/windows-embedded-ce-6.0/ee479525(v=winembedded.60).html	ee479525(v=winembedded.60)	learn/windows-embedded-ce-6.0	Exports from the Floating Point C Run-Time Library (Windows Embedded CE 6.0)	Export Ordinal	log10 1045	exports that are required for the floating point C run-time library, Fpcrt.dll	learn-tou
modf	1046	Fpcrt.dll	modf	corpus/learn/windows-embedded-ce-6.0/ee479525(v=winembedded.60).html	ee479525(v=winembedded.60)	learn/windows-embedded-ce-6.0	Exports from the Floating Point C Run-Time Library (Windows Embedded CE 6.0)	Export Ordinal	modf 1046	exports that are required for the floating point C run-time library, Fpcrt.dll	learn-tou
pow	1047	Fpcrt.dll	pow	corpus/learn/windows-embedded-ce-6.0/ee479525(v=winembedded.60).html	ee479525(v=winembedded.60)	learn/windows-embedded-ce-6.0	Exports from the Floating Point C Run-Time Library (Windows Embedded CE 6.0)	Export Ordinal	pow 1047	exports that are required for the floating point C run-time library, Fpcrt.dll	learn-tou
sin	1048	Fpcrt.dll	sin	corpus/learn/windows-embedded-ce-6.0/ee479525(v=winembedded.60).html	ee479525(v=winembedded.60)	learn/windows-embedded-ce-6.0	Exports from the Floating Point C Run-Time Library (Windows Embedded CE 6.0)	Export Ordinal	sin 1048	exports that are required for the floating point C run-time library, Fpcrt.dll	learn-tou
sinh	1049	Fpcrt.dll	sinh	corpus/learn/windows-embedded-ce-6.0/ee479525(v=winembedded.60).html	ee479525(v=winembedded.60)	learn/windows-embedded-ce-6.0	Exports from the Floating Point C Run-Time Library (Windows Embedded CE 6.0)	Export Ordinal	sinh 1049	exports that are required for the floating point C run-time library, Fpcrt.dll	learn-tou
sqrt	1050	Fpcrt.dll	sqrt	corpus/learn/windows-embedded-ce-6.0/ee479525(v=winembedded.60).html	ee479525(v=winembedded.60)	learn/windows-embedded-ce-6.0	Exports from the Floating Point C Run-Time Library (Windows Embedded CE 6.0)	Export Ordinal	sqrt 1050	exports that are required for the floating point C run-time library, Fpcrt.dll	learn-tou
sqrtf	1051	Fpcrt.dll	sqrtf	corpus/learn/windows-embedded-ce-6.0/ee479525(v=winembedded.60).html	ee479525(v=winembedded.60)	learn/windows-embedded-ce-6.0	Exports from the Floating Point C Run-Time Library (Windows Embedded CE 6.0)	Export Ordinal	sqrtf 1051	exports that are required for the floating point C run-time library, Fpcrt.dll	learn-tou
tan	1052	Fpcrt.dll	tan	corpus/learn/windows-embedded-ce-6.0/ee479525(v=winembedded.60).html	ee479525(v=winembedded.60)	learn/windows-embedded-ce-6.0	Exports from the Floating Point C Run-Time Library (Windows Embedded CE 6.0)	Export Ordinal	tan 1052	exports that are required for the floating point C run-time library, Fpcrt.dll	learn-tou
tanh	1053	Fpcrt.dll	tanh	corpus/learn/windows-embedded-ce-6.0/ee479525(v=winembedded.60).html	ee479525(v=winembedded.60)	learn/windows-embedded-ce-6.0	Exports from the Floating Point C Run-Time Library (Windows Embedded CE 6.0)	Export Ordinal	tanh 1053	exports that are required for the floating point C run-time library, Fpcrt.dll	learn-tou
