module	component	field	value	notes	page	page_id	set	title	quote	license
advbacklight		library	Advbacklight.lib		corpus/learn/windows-ce-5.0/aa448352(v=msdn.10).html	aa448352(v=msdn.10)	learn/windows-ce-5.0	advbacklight Module (Windows CE 5.0)	To import this function, you must link to the Advbacklight.lib	learn-tou
advbacklight		library	Advbacklight.lib		corpus/learn/windows-embedded-ce-6.0/ee482375(v=winembedded.60).html	ee482375(v=winembedded.60)	learn/windows-embedded-ce-6.0	advbacklight Module (Windows Embedded CE 6.0)	To import this function, you must link to the Advbacklight.lib	learn-tou
asp	ASPCOLCT	library	Aspcolct.lib	Exposes no public functions.	corpus/chm/windows-ce-3.0/wcesdkrasp_Module.html	wcesdkrasp_Module	chm/windows-ce-3.0	asp Module	ASPCOLCT Collection of ASP objects. Exposes no public functions. Aspcolct.lib	ce30-internal-reference
asp	ASPCORE	component	ASPCORE	Exposes no public functions.	corpus/chm/windows-ce-3.0/wcesdkrasp_Module.html	wcesdkrasp_Module	chm/windows-ce-3.0	asp Module	ASPCORE Required component for all configurations. Exposes no public functions.	ce30-internal-reference
asp	ASPPARSE	library	Aspparse.lib	Exposes no public functions.	corpus/chm/windows-ce-3.0/wcesdkrasp_Module.html	wcesdkrasp_Module	chm/windows-ce-3.0	asp Module	ASPPARSE Supports header files and ASP preprocessor directives. Exposes no public functions. Aspparse.lib	ce30-internal-reference
ceshell		library	Ceshell.lib		corpus/learn/windows-ce-5.0/aa448373(v=msdn.10).html	aa448373(v=msdn.10)	learn/windows-ce-5.0	ceshell Module (Windows CE 5.0)	To import these functions, you must link to the Ceshell.lib	learn-tou
ceshell		library	Ceshell.lib		corpus/learn/windows-embedded-ce-6.0/ee482626(v=winembedded.60).html	ee482626(v=winembedded.60)	learn/windows-embedded-ce-6.0	ceshell Module (Windows Embedded CE 6.0)	To import these functions, you must link to the Ceshell.lib	learn-tou
commctrl		header	Commctrl.h		corpus/chm/windows-ce-3.0/wcesdkrcommctrl_Module.html	wcesdkrcommctrl_Module	chm/windows-ce-3.0	commctrl Module	The commctrl module contains the following functions for application developers, which are defined in the Commctrl.h	ce30-internal-reference
commctrl		library	commctrl.lib		corpus/chm/windows-ce-3.0/wcesdkrcommctrl_Module.html	wcesdkrcommctrl_Module	chm/windows-ce-3.0	commctrl Module	To import these functions, you need to link to the commctrl.lib	ce30-internal-reference
commdlg		header	Commdlg.h		corpus/chm/windows-ce-3.0/wcesdkrcommdlg_Module.html	wcesdkrcommdlg_Module	chm/windows-ce-3.0	commdlg Module	The commdlg module contains the following functions for application developers, which are defined in the Commdlg.h	ce30-internal-reference
commdlg		library	commdlg.lib		corpus/chm/windows-ce-3.0/wcesdkrcommdlg_Module.html	wcesdkrcommdlg_Module	chm/windows-ce-3.0	commdlg Module	To import these functions, you need to link to the commdlg.lib	ce30-internal-reference
coredll		library	coredll.lib		corpus/chm/windows-ce-3.0/wcesdkrcoredll_Module.html	wcesdkrcoredll_Module	chm/windows-ce-3.0	coredll Module	To import these functions, you need to link to the coredll.lib	ce30-internal-reference
coredll		library	coredll.lib		corpus/learn/windows-ce-5.0/aa448387(v=msdn.10).html	aa448387(v=msdn.10)	learn/windows-ce-5.0	coredll Module (Windows CE 5.0)	To import these functions, you must link to the coredll.lib	learn-tou
coredll		library	coredll.lib		corpus/learn/windows-embedded-ce-6.0/ee482607(v=winembedded.60).html	ee482607(v=winembedded.60)	learn/windows-embedded-ce-6.0	coredll Module (Windows Embedded CE 6.0)	To import these functions, you must link to the coredll.lib	learn-tou
coredll	Accel_c	library	Accel_c.lib	Optional	corpus/chm/windows-ce-3.0/wcesdkrCoredll_Components.html	wcesdkrCoredll_Components	chm/windows-ce-3.0	Coredll Components	Accel_c Accel_c Provides client-side support for user accelerator tables. Optional Accel_c.lib	ce30-internal-reference
coredll	COREGWESTUB	library	Coregwestub.lib	Optional and exposes no public functions.	corpus/chm/windows-ce-3.0/wcesdkrCoredll_Components.html	wcesdkrCoredll_Components	chm/windows-ce-3.0	Coredll Components	COREGWESTUB Stub function for the gwe module. Optional and exposes no public functions. Coregwestub.lib	ce30-internal-reference
coredll	Coreimm	library	Coreimm.lib	Optional	corpus/chm/windows-ce-3.0/wcesdkrCoredll_Components.html	wcesdkrCoredll_Components	chm/windows-ce-3.0	Coredll Components	Coreimm Input Method Manager (IMM) component. Optional Coreimm.lib	ce30-internal-reference
coredll	COREIMMSTUB	library	Coreimmstub.lib	Optional and exposes no public functions.	corpus/chm/windows-ce-3.0/wcesdkrCoredll_Components.html	wcesdkrCoredll_Components	chm/windows-ce-3.0	Coredll Components	COREIMMSTUB Stub function for IMM. Optional and exposes no public functions. Coreimmstub.lib	ce30-internal-reference
coredll	Coreloc	library	Coreloc.lib	Required	corpus/chm/windows-ce-3.0/wcesdkrCoredll_Components.html	wcesdkrCoredll_Components	chm/windows-ce-3.0	Coredll Components	Coreloc Provides global national language support (NLS). This component is required always. Required Coreloc.lib	ce30-internal-reference
coredll	Coremain	library	Coremain.lib	Required	corpus/chm/windows-ce-3.0/wcesdkrCoredll_Components.html	wcesdkrCoredll_Components	chm/windows-ce-3.0	Coredll Components	Coremain Provides base functionality for time, critical sections, and interlock. Required Coremain.lib	ce30-internal-reference
coredll	Coresioa	library	Coresioa.lib	Optional	corpus/chm/windows-ce-3.0/wcesdkrCoredll_Components.html	wcesdkrCoredll_Components	chm/windows-ce-3.0	Coredll Components	Coresioa Supports standard I/O (stdio). This component is the "A" (ASCII) version of these APIs. Optional Coresioa.lib	ce30-internal-reference
coredll	Coresiow	library	Coresiow.lib	Optional	corpus/chm/windows-ce-3.0/wcesdkrCoredll_Components.html	wcesdkrCoredll_Components	chm/windows-ce-3.0	Coredll Components	Coresiow Supports standard I/O (stdio). This component is the "W" (Unicode) version of these APIs. Optional Coresiow.lib	ce30-internal-reference
coredll	Coresip	library	Coresip.lib	Optional	corpus/chm/windows-ce-3.0/wcesdkrCoredll_Components.html	wcesdkrCoredll_Components	chm/windows-ce-3.0	Coredll Components	Coresip Input-panel component. Optional Coresip.lib	ce30-internal-reference
coredll	Corestra	library	Corestra.lib	Optional	corpus/chm/windows-ce-3.0/wcesdkrCoredll_Components.html	wcesdkrCoredll_Components	chm/windows-ce-3.0	Coredll Components	Corestra Supports sprintf-style string handling. This component is the "A" (ASCII) version of these APIs. Optional Corestra.lib	ce30-internal-reference
coredll	Corestrw	library	Corestrw.lib	Optional	corpus/chm/windows-ce-3.0/wcesdkrCoredll_Components.html	wcesdkrCoredll_Components	chm/windows-ce-3.0	Coredll Components	Corestrw Supports sscanf-style string handling. This component is the "W" (wide-string) version of this API. Optional Corestrw.lib	ce30-internal-reference
coredll	Cryptapi	library	Cryptapi.lib	Optional	corpus/chm/windows-ce-3.0/wcesdkrCoredll_Components.html	wcesdkrCoredll_Components	chm/windows-ce-3.0	Coredll Components	Cryptapi Supports the Crypto API 1.0 set. Optional Cryptapi.lib	ce30-internal-reference
coredll	Fileinfo	library	Fileinfo.lib	Optional	corpus/chm/windows-ce-3.0/wcesdkrCoredll_Components.html	wcesdkrCoredll_Components	chm/windows-ce-3.0	Coredll Components	Fileinfo Retrieves information about files and directories. Optional Fileinfo.lib	ce30-internal-reference
coredll	Fileopen	library	Fileopen.lib	Optional	corpus/chm/windows-ce-3.0/wcesdkrCoredll_Components.html	wcesdkrCoredll_Components	chm/windows-ce-3.0	Coredll Components	Fileopen Supports the Open and Save As common dialog boxes. Optional Fileopen.lib	ce30-internal-reference
coredll	Fmtmsg	library	Fmtmsg.lib	Optional	corpus/chm/windows-ce-3.0/wcesdkrCoredll_Components.html	wcesdkrCoredll_Components	chm/windows-ce-3.0	Coredll Components	Fmtmsg Message-formatting component. Optional Fmtmsg.lib	ce30-internal-reference
coredll	FMTRES	library	Fmtres.lib	Optional and exposes no public functions.	corpus/chm/windows-ce-3.0/wcesdkrCoredll_Components.html	wcesdkrCoredll_Components	chm/windows-ce-3.0	Coredll Components	FMTRES Provides FormatMessage API resources for the fmtmsg component. Optional and exposes no public functions. Fmtres.lib	ce30-internal-reference
coredll	FPEMUL	library	Fpemul.lib	Optional and exposes no public functions.	corpus/chm/windows-ce-3.0/wcesdkrCoredll_Components.html	wcesdkrCoredll_Components	chm/windows-ce-3.0	Coredll Components	FPEMUL Floating-point emulation component. Optional and exposes no public functions. Fpemul.lib	ce30-internal-reference
coredll	Lmem	library	Lmem.lib	Required	corpus/chm/windows-ce-3.0/wcesdkrCoredll_Components.html	wcesdkrCoredll_Components	chm/windows-ce-3.0	Coredll Components	Lmem Contains the local heap and memory-allocation functions for Coredll.dll. This component is required always. Required Lmem.lib	ce30-internal-reference
coredll	Locusa	library	Locusa.lib	Optional	corpus/chm/windows-ce-3.0/wcesdkrCoredll_Components.html	wcesdkrCoredll_Components	chm/windows-ce-3.0	Coredll Components	Locusa US-specific component. Optional Locusa.lib	ce30-internal-reference
coredll	Mgdi_c	library	Mgdi_c.lib	Optional	corpus/chm/windows-ce-3.0/wcesdkrCoredll_Components.html	wcesdkrCoredll_Components	chm/windows-ce-3.0	Coredll Components	Mgdi_c GDI component. Optional Mgdi_c.lib	ce30-internal-reference
coredll	Rectapi	library	Rectapi.lib	Optional	corpus/chm/windows-ce-3.0/wcesdkrCoredll_Components.html	wcesdkrCoredll_Components	chm/windows-ce-3.0	Coredll Components	Rectapi GDI rectangle support component. Optional Rectapi.lib	ce30-internal-reference
coredll	RSA32	library	Rsa32.lib	Exposes no public functions.	corpus/chm/windows-ce-3.0/wcesdkrCoredll_Components.html	wcesdkrCoredll_Components	chm/windows-ce-3.0	Coredll Components	RSA32 RSA encryption component. Exposes no public functions. Rsa32.lib	ce30-internal-reference
coredll	Serdev	library	Serdev.lib	Optional	corpus/chm/windows-ce-3.0/wcesdkrCoredll_Components.html	wcesdkrCoredll_Components	chm/windows-ce-3.0	Coredll Components	Serdev Win32 communication component. Optional Serdev.lib	ce30-internal-reference
coredll	SHCORE	library	Shcore.lib	Exposes no public functions.	corpus/chm/windows-ce-3.0/wcesdkrCoredll_Components.html	wcesdkrCoredll_Components	chm/windows-ce-3.0	Coredll Components	SHCORE Shell component. Exposes no public functions. Shcore.lib	ce30-internal-reference
coredll	Shellapis	component	Shellapis	Optional	corpus/chm/windows-ce-3.0/wcesdkrCoredll_Components.html	wcesdkrCoredll_Components	chm/windows-ce-3.0	Coredll Components	Shellapis Shell API support component. Optional	ce30-internal-reference
coredll	Shexec	library	Shexec.lib	Optional	corpus/chm/windows-ce-3.0/wcesdkrCoredll_Components.html	wcesdkrCoredll_Components	chm/windows-ce-3.0	Coredll Components	Shexec Shell API support component. Optional Shexec.lib	ce30-internal-reference
coredll	Shmisc	library	Shmisc.lib	Optional	corpus/chm/windows-ce-3.0/wcesdkrCoredll_Components.html	wcesdkrCoredll_Components	chm/windows-ce-3.0	Coredll Components	Shmisc Miscellaneous shell API component. Optional Shmisc.lib	ce30-internal-reference
coredll	Shortcut	library	Shortcut.lib	Optional	corpus/chm/windows-ce-3.0/wcesdkrCoredll_Components.html	wcesdkrCoredll_Components	chm/windows-ce-3.0	Coredll Components	Shortcut Provides shell API support for handling shortcuts. Optional Shortcut.lib	ce30-internal-reference
coredll	TAPILIB	library	Tapilib.lib	Optional and exposes no public functions.	corpus/chm/windows-ce-3.0/wcesdkrCoredll_Components.html	wcesdkrCoredll_Components	chm/windows-ce-3.0	Coredll Components	TAPILIB TAPI component. Optional and exposes no public functions. Tapilib.lib	ce30-internal-reference
coredll	THUNKS	library	Thunks.lib	Required and exposes no public functions.	corpus/chm/windows-ce-3.0/wcesdkrCoredll_Components.html	wcesdkrCoredll_Components	chm/windows-ce-3.0	Coredll Components	THUNKS Kernel to the Win32 thunk routines component. This component is required always. Required and exposes no public functions. Thunks.lib	ce30-internal-reference
coredll	Wavelib	library	Wavelib.lib	Optional	corpus/chm/windows-ce-3.0/wcesdkrCoredll_Components.html	wcesdkrCoredll_Components	chm/windows-ce-3.0	Coredll Components	Wavelib Wave and ACM audio component. Optional Wavelib.lib	ce30-internal-reference
coredll	Wmgr_c	library	Wmgr_c.lib	Optional	corpus/chm/windows-ce-3.0/wcesdkrCoredll_Components.html	wcesdkrCoredll_Components	chm/windows-ce-3.0	Coredll Components	Wmgr_c Window manager component. Optional Wmgr_c.lib	ce30-internal-reference
crypt32		header	Wincrypt.h		corpus/chm/windows-ce-3.0/wcesdkrcrypt32_Module.html	wcesdkrcrypt32_Module	chm/windows-ce-3.0	crypt32 Module	The crypt32 module contains the following functions for application developers, which are defined in the Wincrypt.h	ce30-internal-reference
crypt32		header	Wincrypt.h		corpus/learn/windows-ce-5.0/aa448397(v=msdn.10).html	aa448397(v=msdn.10)	learn/windows-ce-5.0	crypt32 Module (Windows CE 5.0)	The crypt32 module contains functions for application developers, which are defined in the Wincrypt.h	learn-tou
crypt32		header	Wincrypt.h		corpus/learn/windows-embedded-ce-6.0/ee482365(v=winembedded.60).html	ee482365(v=winembedded.60)	learn/windows-embedded-ce-6.0	crypt32 Module (Windows Embedded CE 6.0)	The crypt32 module contains functions for application developers, which are defined in the Wincrypt.h	learn-tou
crypt32		library	crypt32.lib		corpus/chm/windows-ce-3.0/wcesdkrcrypt32_Module.html	wcesdkrcrypt32_Module	chm/windows-ce-3.0	crypt32 Module	To import these functions, you need to link to the crypt32.lib	ce30-internal-reference
crypt32		library	crypt32.lib		corpus/learn/windows-ce-5.0/aa448397(v=msdn.10).html	aa448397(v=msdn.10)	learn/windows-ce-5.0	crypt32 Module (Windows CE 5.0)	To import these functions, you must link to the crypt32.lib	learn-tou
crypt32		library	crypt32.lib		corpus/learn/windows-embedded-ce-6.0/ee482365(v=winembedded.60).html	ee482365(v=winembedded.60)	learn/windows-embedded-ce-6.0	crypt32 Module (Windows Embedded CE 6.0)	To import these functions, you must link to the crypt32.lib	learn-tou
d3d8		library	D3d8.lib		corpus/learn/windows-ce-5.0/aa448402(v=msdn.10).html	aa448402(v=msdn.10)	learn/windows-ce-5.0	d3d8 Module (Windows CE 5.0)	To import this function, you must link to the D3d8.lib	learn-tou
d3d8		library	D3d8.lib		corpus/learn/windows-embedded-ce-6.0/ee482418(v=winembedded.60).html	ee482418(v=winembedded.60)	learn/windows-embedded-ce-6.0	d3d8 Module (Windows Embedded CE 6.0)	To import this function, you must link to the D3d8.lib	learn-tou
ddraw		library	Ddraw.lib		corpus/learn/windows-ce-5.0/aa448408(v=msdn.10).html	aa448408(v=msdn.10)	learn/windows-ce-5.0	ddraw Module (Windows CE 5.0)	To import these functions, you must link to the Ddraw.lib	learn-tou
ddraw		library	Ddraw.lib		corpus/learn/windows-embedded-ce-6.0/ee482342(v=winembedded.60).html	ee482342(v=winembedded.60)	learn/windows-embedded-ce-6.0	ddraw Module (Windows Embedded CE 6.0)	To import these functions, you must link to the Ddraw.lib	learn-tou
device		header	Winbase.h		corpus/chm/windows-ce-3.0/wcesdkrdevice_Module.html	wcesdkrdevice_Module	chm/windows-ce-3.0	device Module	The device module contains the following functions for application developers, which are defined in the Winbase.h	ce30-internal-reference
device		header	Winbase.h		corpus/learn/windows-ce-5.0/aa448417(v=msdn.10).html	aa448417(v=msdn.10)	learn/windows-ce-5.0	device Module (Windows CE 5.0)	The device module contains functions for application developers, which are defined in the Winbase.h	learn-tou
device		header	Winbase.h		corpus/learn/windows-embedded-ce-6.0/ee482208(v=winembedded.60).html	ee482208(v=winembedded.60)	learn/windows-embedded-ce-6.0	device Module (Windows Embedded CE 6.0)	The device module contains functions for application developers, which are defined in the Winbase.h	learn-tou
device		library	Device.lib		corpus/learn/windows-ce-5.0/aa448417(v=msdn.10).html	aa448417(v=msdn.10)	learn/windows-ce-5.0	device Module (Windows CE 5.0)	To import these functions, you must link to the Device.lib	learn-tou
device		library	Device.lib		corpus/learn/windows-embedded-ce-6.0/ee482208(v=winembedded.60).html	ee482208(v=winembedded.60)	learn/windows-embedded-ce-6.0	device Module (Windows Embedded CE 6.0)	To import these functions, you must link to the Device.lib	learn-tou
device		library	device.lib		corpus/chm/windows-ce-3.0/wcesdkrdevice_Module.html	wcesdkrdevice_Module	chm/windows-ce-3.0	device Module	To import these functions, you need to link to the device.lib	ce30-internal-reference
dsound	DSMIXER	component	DSMIXER		corpus/chm/windows-ce-3.0/wcesdkrdsound_Module.html	wcesdkrdsound_Module	chm/windows-ce-3.0	dsound Module	DSMIXER Fixed-rate DirectSound mixer.	ce30-internal-reference
dsound	DSMIXERMR	component	DSMIXERMR		corpus/chm/windows-ce-3.0/wcesdkrdsound_Module.html	wcesdkrdsound_Module	chm/windows-ce-3.0	dsound Module	DSMIXERMR Multi-rate DirectSound mixer.	ce30-internal-reference
dxmasf	ACMOBJ	component	ACMOBJ		corpus/chm/windows-ce-3.0/wcesdkrdxmasf_Module.html	wcesdkrdxmasf_Module	chm/windows-ce-3.0	dxmasf Module	ACMOBJ Audio dispatcher.	ce30-internal-reference
dxmasf	ERRORMSGS	component	ERRORMSGS		corpus/chm/windows-ce-3.0/wcesdkrdxmasf_Module.html	wcesdkrdxmasf_Module	chm/windows-ce-3.0	dxmasf Module	ERRORMSGS Error stringtable resource.	ce30-internal-reference
dxmasf	FILESTRM	component	FILESTRM		corpus/chm/windows-ce-3.0/wcesdkrdxmasf_Module.html	wcesdkrdxmasf_Module	chm/windows-ce-3.0	dxmasf Module	FILESTRM Supports local file streaming.	ce30-internal-reference
dxmasf	HTTPSTRM	component	HTTPSTRM		corpus/chm/windows-ce-3.0/wcesdkrdxmasf_Module.html	wcesdkrdxmasf_Module	chm/windows-ce-3.0	dxmasf Module	HTTPSTRM Supports HTTP streaming.	ce30-internal-reference
dxmasf	ICMOBJ	component	ICMOBJ		corpus/chm/windows-ce-3.0/wcesdkrdxmasf_Module.html	wcesdkrdxmasf_Module	chm/windows-ce-3.0	dxmasf Module	ICMOBJ Video dispatcher.	ce30-internal-reference
dxmasf	M3UPLAYL	component	M3UPLAYL		corpus/chm/windows-ce-3.0/wcesdkrdxmasf_Module.html	wcesdkrdxmasf_Module	chm/windows-ce-3.0	dxmasf Module	M3UPLAYL Provides .M3U file support.	ce30-internal-reference
dxmasf	MSBSTRM	component	MSBSTRM		corpus/chm/windows-ce-3.0/wcesdkrdxmasf_Module.html	wcesdkrdxmasf_Module	chm/windows-ce-3.0	dxmasf Module	MSBSTRM Supports MS Broadcast and Multy Bit-Rate (MBR) streaming.	ce30-internal-reference
dxmasf	MSSTRM	component	MSSTRM		corpus/chm/windows-ce-3.0/wcesdkrdxmasf_Module.html	wcesdkrdxmasf_Module	chm/windows-ce-3.0	dxmasf Module	MSSTRM Supports MMS streaming.	ce30-internal-reference
dxmasf	NSCFILEPARSER	component	NSCFILEPARSER		corpus/chm/windows-ce-3.0/wcesdkrdxmasf_Module.html	wcesdkrdxmasf_Module	chm/windows-ce-3.0	dxmasf Module	NSCFILEPARSER Provides .NSC file support.	ce30-internal-reference
dxmasf	URLGRAB	component	URLGRAB		corpus/chm/windows-ce-3.0/wcesdkrdxmasf_Module.html	wcesdkrdxmasf_Module	chm/windows-ce-3.0	dxmasf Module	URLGRAB URL grabber.	ce30-internal-reference
dxmasf	URLOBJ	component	URLOBJ		corpus/chm/windows-ce-3.0/wcesdkrdxmasf_Module.html	wcesdkrdxmasf_Module	chm/windows-ce-3.0	dxmasf Module	URLOBJ URL dispatcher.	ce30-internal-reference
dxmasf	XMLPLAYL	component	XMLPLAYL		corpus/chm/windows-ce-3.0/wcesdkrdxmasf_Module.html	wcesdkrdxmasf_Module	chm/windows-ce-3.0	dxmasf Module	XMLPLAYL Provides .ASX version 3 support.	ce30-internal-reference
fatfs		library	fat.lib		corpus/chm/windows-ce-3.0/wcesdkrfatfs_module.html	wcesdkrfatfs_module	chm/windows-ce-3.0	fatfs Module	To import this function, you need to link to the fat.lib	ce30-internal-reference
filesys		library	Fsdbase.lib		corpus/learn/windows-ce-5.0/aa448441(v=msdn.10).html	aa448441(v=msdn.10)	learn/windows-ce-5.0	filesys Module (Windows CE 5.0)	To import these functions, you must link to the Fsdbase.lib	learn-tou
filesys		library	Fsdbase.lib		corpus/learn/windows-embedded-ce-6.0/ee482524(v=winembedded.60).html	ee482524(v=winembedded.60)	learn/windows-embedded-ce-6.0	filesys Module (Windows Embedded CE 6.0)	To import these functions, you must link to the Fsdbase.lib	learn-tou
filesys	COREDLL	library	Coredll.lib	Must be included in all Windows CE–based platforms, but not all of its components are required.	corpus/chm/windows-ce-3.0/wcesdkrfilesys_Module.html	wcesdkrfilesys_Module	chm/windows-ce-3.0	filesys Module	COREDLL Provides core functionality to other modules. This module is a basic Windows CE OS module. Must be included in all Windows CE–based platforms, but not all of its components are required. Coredll.lib	ce30-internal-reference
filesys	Fsdbase	library	Fsdbase.lib		corpus/chm/windows-ce-3.0/wcesdkrfilesys_Module.html	wcesdkrfilesys_Module	chm/windows-ce-3.0	filesys Module	Fsdbase Provides database support. Fsdbase.lib	ce30-internal-reference
filesys	Fsdmgr	library	Fsdmgr.lib		corpus/chm/windows-ce-3.0/wcesdkrfilesys_Module.html	wcesdkrfilesys_Module	chm/windows-ce-3.0	filesys Module	Fsdmgr Supports the file system driver (FSD) manager. Fsdmgr.lib	ce30-internal-reference
filesys	FSHEAP	library	Fsheap.lib	Exposes no public functions.	corpus/chm/windows-ce-3.0/wcesdkrfilesys_Module.html	wcesdkrfilesys_Module	chm/windows-ce-3.0	filesys Module	FSHEAP Supports the heap file system. Exposes no public functions. Fsheap.lib	ce30-internal-reference
filesys	Fsmain	library	Fsmain.lib		corpus/chm/windows-ce-3.0/wcesdkrfilesys_Module.html	wcesdkrfilesys_Module	chm/windows-ce-3.0	filesys Module	Fsmain Supports the Windows CE object store. Fsmain.lib	ce30-internal-reference
filesys	Fspass	library	Fspass.lib		corpus/chm/windows-ce-3.0/wcesdkrfilesys_Module.html	wcesdkrfilesys_Module	chm/windows-ce-3.0	filesys Module	Fspass Supports password functionality. Fspass.lib	ce30-internal-reference
filesys	Fsreg	library	Fsreg.lib		corpus/chm/windows-ce-3.0/wcesdkrfilesys_Module.html	wcesdkrfilesys_Module	chm/windows-ce-3.0	filesys Module	Fsreg Supports the Windows CE registry. Fsreg.lib	ce30-internal-reference
filesys	FSYSRAM	library	Fsysram.lib	Exposes no public functions.	corpus/chm/windows-ce-3.0/wcesdkrfilesys_Module.html	wcesdkrfilesys_Module	chm/windows-ce-3.0	filesys Module	FSYSRAM Supports the RAM and ROM file system. Exposes no public functions. Fsysram.lib	ce30-internal-reference
filesys	FSYSROM	library	Fsysrom.lib	Exposes no public functions.	corpus/chm/windows-ce-3.0/wcesdkrfilesys_Module.html	wcesdkrfilesys_Module	chm/windows-ce-3.0	filesys Module	FSYSROM Supports the ROM file system. Exposes no public functions. Fsysrom.lib	ce30-internal-reference
filesys	PMSTUB	library	Pmstub.lib	Exposes no public functions.	corpus/chm/windows-ce-3.0/wcesdkrfilesys_Module.html	wcesdkrfilesys_Module	chm/windows-ce-3.0	filesys Module	PMSTUB Provides post-message stubbing support. Exposes no public functions. Pmstub.lib	ce30-internal-reference
gwe		header	Battery.h		corpus/chm/windows-ce-3.0/wcesdkrgwe_Module.html	wcesdkrgwe_Module	chm/windows-ce-3.0	gwe Module	The gwe module includes the following functions for operating system configuration, which are defined in the Battery.h	ce30-internal-reference
gwe	Accel	library	Accel.lib		corpus/chm/windows-ce-3.0/wcesdkrGWE_Components.html	wcesdkrGWE_Components	chm/windows-ce-3.0	GWE Components	Accel Provides accelerator key support. Accel.lib	ce30-internal-reference
gwe	Audio	library	Audio.lib	Exposes no public functions.	corpus/chm/windows-ce-3.0/wcesdkrGWE_Components.html	wcesdkrGWE_Components	chm/windows-ce-3.0	GWE Components	Audio Provides audio support. Exposes no public functions. Audio.lib	ce30-internal-reference
gwe	Btnctl	library	Btnctl.lib	Exposes no public functions.	corpus/chm/windows-ce-3.0/wcesdkrGWE_Components.html	wcesdkrGWE_Components	chm/windows-ce-3.0	GWE Components	Btnctl Supports button controls. Exposes no public functions. Btnctl.lib	ce30-internal-reference
gwe	CALIBRUI	library	Calibrui.lib	Exposes functions to the OEM.	corpus/chm/windows-ce-3.0/wcesdkrGWE_Components.html	wcesdkrGWE_Components	chm/windows-ce-3.0	GWE Components	CALIBRUI Supports the touch-screen calibration user interface. Exposes functions to the OEM. Calibrui.lib	ce30-internal-reference
gwe	Caret	library	Caret.lib		corpus/chm/windows-ce-3.0/wcesdkrGWE_Components.html	wcesdkrGWE_Components	chm/windows-ce-3.0	GWE Components	Caret Provides support for carets. Caret.lib	ce30-internal-reference
gwe	Cascade	library	Cascade.lib	Exposes no public functions.	corpus/chm/windows-ce-3.0/wcesdkrGWE_Components.html	wcesdkrGWE_Components	chm/windows-ce-3.0	GWE Components	Cascade Supports cascading menus. Exposes no public functions. Cascade.lib	ce30-internal-reference
gwe	Cdlctl	library	Cdlctl.lib	Exposes no public functions.	corpus/chm/windows-ce-3.0/wcesdkrGWE_Components.html	wcesdkrGWE_Components	chm/windows-ce-3.0	GWE Components	Cdlctl Provides candidate list-control support. Exposes no public functions. Cdlctl.lib	ce30-internal-reference
gwe	Clipbd	library	Clipbd.lib		corpus/chm/windows-ce-3.0/wcesdkrGWE_Components.html	wcesdkrGWE_Components	chm/windows-ce-3.0	GWE Components	Clipbd Supports clipboard functionality. Clipbd.lib	ce30-internal-reference
gwe	Cmbtl	library	Cmbctl.lib	Exposes no public functions.	corpus/chm/windows-ce-3.0/wcesdkrGWE_Components.html	wcesdkrGWE_Components	chm/windows-ce-3.0	GWE Components	Cmbtl Combo-box-control component. Exposes no public functions. Cmbctl.lib	ce30-internal-reference
gwe	Column	library	Column.lib	Exposes no public functions.	corpus/chm/windows-ce-3.0/wcesdkrGWE_Components.html	wcesdkrGWE_Components	chm/windows-ce-3.0	GWE Components	Column Multicolumn-menu component. Exposes no public functions. Column.lib	ce30-internal-reference
gwe	COREDLL	library	Coredll.lib	Must be included in all Windows CE–based platforms, but not all of its components are required.	corpus/chm/windows-ce-3.0/wcesdkrGWE_Components.html	wcesdkrGWE_Components	chm/windows-ce-3.0	GWE Components	COREDLL Provides core functionality to other modules. This module is a basic Windows CE OS module. Must be included in all Windows CE–based platforms, but not all of its components are required. Coredll.lib	ce30-internal-reference
gwe	Cursor	library	Cursor.lib		corpus/chm/windows-ce-3.0/wcesdkrGWE_Components.html	wcesdkrGWE_Components	chm/windows-ce-3.0	GWE Components	Cursor Win32 cursor API component. Cursor.lib	ce30-internal-reference
gwe	Cursor2	library	Cursor.lib	Exposes no public functions.	corpus/chm/windows-ce-3.0/wcesdkrGWE_Components.html	wcesdkrGWE_Components	chm/windows-ce-3.0	GWE Components	Cursor2 Win32 cursor API component for 2-bit color. Exposes no public functions. Cursor.lib	ce30-internal-reference
gwe	Cursor8	library	Cursor.lib	Exposes no public functions.	corpus/chm/windows-ce-3.0/wcesdkrGWE_Components.html	wcesdkrGWE_Components	chm/windows-ce-3.0	GWE Components	Cursor8 Win32 cursor API component for 8-bit color. Exposes no public functions. Cursor.lib	ce30-internal-reference
gwe	Defwndproc	library	Defwndproc.lib	Exposes no public functions.	corpus/chm/windows-ce-3.0/wcesdkrGWE_Components.html	wcesdkrGWE_Components	chm/windows-ce-3.0	GWE Components	Defwndproc Default window-procedure component. Exposes no public functions. Defwndproc.lib	ce30-internal-reference
gwe	Dlgmgr	library	Dlgmgr.lib		corpus/chm/windows-ce-3.0/wcesdkrGWE_Components.html	wcesdkrGWE_Components	chm/windows-ce-3.0	GWE Components	Dlgmgr Dialog-box manager component. Dlgmgr.lib	ce30-internal-reference
gwe	Dlgmnem	library	Dlgmnem.lib	Exposes no public functions.	corpus/chm/windows-ce-3.0/wcesdkrGWE_Components.html	wcesdkrGWE_Components	chm/windows-ce-3.0	GWE Components	Dlgmnem Dialog-box mnemonics component. Exposes no public functions. Dlgmnem.lib	ce30-internal-reference
gwe	Drawmbar	library	Drawmbar.lib		corpus/chm/windows-ce-3.0/wcesdkrGWE_Components.html	wcesdkrGWE_Components	chm/windows-ce-3.0	GWE Components	Drawmbar Menu-bar component. Drawmbar.lib	ce30-internal-reference
gwe	Edctl	library	Edctl.lib	Exposes no public functions.	corpus/chm/windows-ce-3.0/wcesdkrGWE_Components.html	wcesdkrGWE_Components	chm/windows-ce-3.0	GWE Components	Edctl Edit-control component. Exposes no public functions. Edctl.lib	ce30-internal-reference
gwe	Edimefe	library	Edimefe.lib	Exposes no public functions.	corpus/chm/windows-ce-3.0/wcesdkrGWE_Components.html	wcesdkrGWE_Components	chm/windows-ce-3.0	GWE Components	Edimefe East Asia edit control component (required for all East Asia products). Exposes no public functions. Edimefe.lib	ce30-internal-reference
gwe	Edimefek	library	Edimefek.lib	Exposes no public functions.	corpus/chm/windows-ce-3.0/wcesdkrGWE_Components.html	wcesdkrGWE_Components	chm/windows-ce-3.0	GWE Components	Edimefek Korean edit component. Exposes no public functions. Edimefek.lib	ce30-internal-reference
gwe	Edimejpn	library	Edimejpn.lib	Exposes no public functions.	corpus/chm/windows-ce-3.0/wcesdkrGWE_Components.html	wcesdkrGWE_Components	chm/windows-ce-3.0	GWE Components	Edimejpn Japanese-specific portion of East Asia edit control component. Exposes no public functions. Edimejpn.lib	ce30-internal-reference
gwe	Edimekor	library	Edimekor.lib	Exposes no public functions.	corpus/chm/windows-ce-3.0/wcesdkrGWE_Components.html	wcesdkrGWE_Components	chm/windows-ce-3.0	GWE Components	Edimekor Korean edit component. Exposes no public functions. Edimekor.lib	ce30-internal-reference
gwe	Foregnd	library	Foregnd.lib		corpus/chm/windows-ce-3.0/wcesdkrGWE_Components.html	wcesdkrGWE_Components	chm/windows-ce-3.0	GWE Components	Foregnd Supports foreground window, active component, and focus. Foregnd.lib	ce30-internal-reference
gwe	Gcache	library	Gcache.lib	Exposes no public functions.	corpus/chm/windows-ce-3.0/wcesdkrGWE_Components.html	wcesdkrGWE_Components	chm/windows-ce-3.0	GWE Components	Gcache Window manager cache component. Exposes no public functions. Gcache.lib	ce30-internal-reference
gwe	Getpower	library	Getpower.lib		corpus/chm/windows-ce-3.0/wcesdkrGWE_Components.html	wcesdkrGWE_Components	chm/windows-ce-3.0	GWE Components	Getpower Battery-power component. Getpower.lib	ce30-internal-reference
gwe	Gsetwinlong	library	Gsetwinlog.lib	Exposes no public functions.	corpus/chm/windows-ce-3.0/wcesdkrGWE_Components.html	wcesdkrGWE_Components	chm/windows-ce-3.0	GWE Components	Gsetwinlong Get/SetWindowLong component Exposes no public functions. Gsetwinlog.lib	ce30-internal-reference
gwe	Gwectrl	library	Gwectrl.lib	Exposes no public functions.	corpus/chm/windows-ce-3.0/wcesdkrGWE_Components.html	wcesdkrGWE_Components	chm/windows-ce-3.0	GWE Components	Gwectrl GWES base component. Exposes no public functions. Gwectrl.lib	ce30-internal-reference
gwe	Gweshare	library	Gweshare.lib	Exposes no public functions.	corpus/chm/windows-ce-3.0/wcesdkrGWE_Components.html	wcesdkrGWE_Components	chm/windows-ce-3.0	GWE Components	Gweshare GWES shared-routines component. Exposes no public functions. Gweshare.lib	ce30-internal-reference
gwe	Gwesmain	library	Gwesmain.lib	Exposes no public functions.	corpus/chm/windows-ce-3.0/wcesdkrGWE_Components.html	wcesdkrGWE_Components	chm/windows-ce-3.0	GWE Components	Gwesmain GWES initialization component. Exposes no public functions. Gwesmain.lib	ce30-internal-reference
gwe	Hotkey	library	Hotkey.lib		corpus/chm/windows-ce-3.0/wcesdkrGWE_Components.html	wcesdkrGWE_Components	chm/windows-ce-3.0	GWE Components	Hotkey Win32 hot-key component. Hotkey.lib	ce30-internal-reference
gwe	Icon	library	Icon.lib		corpus/chm/windows-ce-3.0/wcesdkrGWE_Components.html	wcesdkrGWE_Components	chm/windows-ce-3.0	GWE Components	Icon Win32 icon-support component. Icon.lib	ce30-internal-reference
gwe	ICONCMN	library	Iconcmn.lib		corpus/chm/windows-ce-3.0/wcesdkrGWE_Components.html	wcesdkrGWE_Components	chm/windows-ce-3.0	GWE Components	ICONCMN Supports Win32 icons. Iconcmn.lib	ce30-internal-reference
gwe	Iconcurs	library	Iconcurs.lib		corpus/chm/windows-ce-3.0/wcesdkrGWE_Components.html	wcesdkrGWE_Components	chm/windows-ce-3.0	GWE Components	Iconcurs Supports Win32 cursor icons. Iconcurs.lib	ce30-internal-reference
gwe	Idle	library	Idle.lib		corpus/chm/windows-ce-3.0/wcesdkrGWE_Components.html	wcesdkrGWE_Components	chm/windows-ce-3.0	GWE Components	Idle System-idle timer component. Idle.lib	ce30-internal-reference
gwe	Imgctl	library	Imgctl.lib		corpus/chm/windows-ce-3.0/wcesdkrGWE_Components.html	wcesdkrGWE_Components	chm/windows-ce-3.0	GWE Components	Imgctl Image-control component. Imgctl.lib	ce30-internal-reference
gwe	Immthunk	library	Immthunk.lib	Exposes no public functions.	corpus/chm/windows-ce-3.0/wcesdkrGWE_Components.html	wcesdkrGWE_Components	chm/windows-ce-3.0	GWE Components	Immthunk IMM thunking component. Exposes no public functions. Immthunk.lib	ce30-internal-reference
gwe	Journal	library	Journal.lib	Exposes no public functions.	corpus/chm/windows-ce-3.0/wcesdkrGWE_Components.html	wcesdkrGWE_Components	chm/windows-ce-3.0	GWE Components	Journal Simple journal component. Exposes no public functions. Journal.lib	ce30-internal-reference
gwe	Kbdui	library	Kbdui.lib		corpus/chm/windows-ce-3.0/wcesdkrGWE_Components.html	wcesdkrGWE_Components	chm/windows-ce-3.0	GWE Components	Kbdui Keyboard interface component. Kbdui.lib	ce30-internal-reference
gwe	Lbctl	library	Lbctl.lib	Exposes no public functions.	corpus/chm/windows-ce-3.0/wcesdkrGWE_Components.html	wcesdkrGWE_Components	chm/windows-ce-3.0	GWE Components	Lbctl List-box component. Exposes no public functions. Lbctl.lib	ce30-internal-reference
gwe	Loadbmp	library	Loadbmp.lib		corpus/chm/windows-ce-3.0/wcesdkrGWE_Components.html	wcesdkrGWE_Components	chm/windows-ce-3.0	GWE Components	Loadbmp Bitmap-loading component. Loadbmp.lib	ce30-internal-reference
gwe	Loadimg	library	Loadimg.lib		corpus/chm/windows-ce-3.0/wcesdkrGWE_Components.html	wcesdkrGWE_Components	chm/windows-ce-3.0	GWE Components	Loadimg Image-loading component. Loadimg.lib	ce30-internal-reference
gwe	Loadstr	library	Loadstr.lib		corpus/chm/windows-ce-3.0/wcesdkrGWE_Components.html	wcesdkrGWE_Components	chm/windows-ce-3.0	GWE Components	Loadstr String-loading component. Loadstr.lib	ce30-internal-reference
gwe	Mcursor	library	Mcursor.lib		corpus/chm/windows-ce-3.0/wcesdkrGWE_Components.html	wcesdkrGWE_Components	chm/windows-ce-3.0	GWE Components	Mcursor Win32 cursor support component. Mcursor.lib	ce30-internal-reference
gwe	Mcursor8	library	Mcursor.lib	Exposes no public functions.	corpus/chm/windows-ce-3.0/wcesdkrGWE_Components.html	wcesdkrGWE_Components	chm/windows-ce-3.0	GWE Components	Mcursor8 Win32 cursor support component Exposes no public functions. Mcursor.lib	ce30-internal-reference
gwe	Menu	library	Menu.lib		corpus/chm/windows-ce-3.0/wcesdkrGWE_Components.html	wcesdkrGWE_Components	chm/windows-ce-3.0	GWE Components	Menu Win32 base menu-control component. Menu.lib	ce30-internal-reference
gwe	Menuscrl	library	Menuscrl.lib	Exposes no public functions.	corpus/chm/windows-ce-3.0/wcesdkrGWE_Components.html	wcesdkrGWE_Components	chm/windows-ce-3.0	GWE Components	Menuscrl Scrolling-menu-support component. Exposes no public functions. Menuscrl.lib	ce30-internal-reference
gwe	Mgalias	library	Mgalias.lib	Exposes no public functions.	corpus/chm/windows-ce-3.0/wcesdkrGWE_Components.html	wcesdkrGWE_Components	chm/windows-ce-3.0	GWE Components	Mgalias GDI fond-alias-support component. Exposes no public functions. Mgalias.lib	ce30-internal-reference
gwe	Mgbase	library	Mgbase.lib		corpus/chm/windows-ce-3.0/wcesdkrGWE_Components.html	wcesdkrGWE_Components	chm/windows-ce-3.0	GWE Components	Mgbase GDI base component. Mgbase.lib	ce30-internal-reference
gwe	Mgbitmap	library	Mgbitmap.lib		corpus/chm/windows-ce-3.0/wcesdkrGWE_Components.html	wcesdkrGWE_Components	chm/windows-ce-3.0	GWE Components	Mgbitmap GDI bitmap component. Mgbitmap.lib	ce30-internal-reference
gwe	Mgblt	library	Mgblt.lib		corpus/chm/windows-ce-3.0/wcesdkrGWE_Components.html	wcesdkrGWE_Components	chm/windows-ce-3.0	GWE Components	Mgblt Bit-block-transfer component. Mgblt.lib	ce30-internal-reference
gwe	Mgblt2	library	Mgblt2.lib		corpus/chm/windows-ce-3.0/wcesdkrGWE_Components.html	wcesdkrGWE_Components	chm/windows-ce-3.0	GWE Components	Mgblt2 Bitmap-transfer component. Mgblt2.lib	ce30-internal-reference
gwe	Mgdc	library	Mgdc.lib		corpus/chm/windows-ce-3.0/wcesdkrGWE_Components.html	wcesdkrGWE_Components	chm/windows-ce-3.0	GWE Components	Mgdc Device-context component. Mgdc.lib	ce30-internal-reference
gwe	Mgdibsec	library	Mgdibsec.lib		corpus/chm/windows-ce-3.0/wcesdkrGWE_Components.html	wcesdkrGWE_Components	chm/windows-ce-3.0	GWE Components	Mgdibsec Creates device-independent bitmap sections. Mgdibsec.lib	ce30-internal-reference
gwe	Mgdraw	library	Mgdraw.lib		corpus/chm/windows-ce-3.0/wcesdkrGWE_Components.html	wcesdkrGWE_Components	chm/windows-ce-3.0	GWE Components	Mgdraw Drawing-tool component. Mgdraw.lib	ce30-internal-reference
gwe	Mgdrwtxt	library	Mgdrwtxt.lib		corpus/chm/windows-ce-3.0/wcesdkrGWE_Components.html	wcesdkrGWE_Components	chm/windows-ce-3.0	GWE Components	Mgdrwtxt Text-drawing component. Mgdrwtxt.lib	ce30-internal-reference
gwe	Mgdx	library	Mgdx.lib	Exposes no public functions.	corpus/chm/windows-ce-3.0/wcesdkrGWE_Components.html	wcesdkrGWE_Components	chm/windows-ce-3.0	GWE Components	Mgdx DirectDraw bitmap component. Exposes no public functions. Mgdx.lib	ce30-internal-reference
gwe	Mgfe	library	Mgfe.lib	Exposes no public functions.	corpus/chm/windows-ce-3.0/wcesdkrGWE_Components.html	wcesdkrGWE_Components	chm/windows-ce-3.0	GWE Components	Mgfe Provides Asian word-break support for GDI. Exposes no public functions. Mgfe.lib	ce30-internal-reference
gwe	Mgpal	library	Mgpal.lib		corpus/chm/windows-ce-3.0/wcesdkrGWE_Components.html	wcesdkrGWE_Components	chm/windows-ce-3.0	GWE Components	Mgpal Palette-support component. Mgpal.lib	ce30-internal-reference
gwe	Mgpalnat	library	Mgpalnat.lib	Exposes no public functions.	corpus/chm/windows-ce-3.0/wcesdkrGWE_Components.html	wcesdkrGWE_Components	chm/windows-ce-3.0	GWE Components	Mgpalnat Palette-support component. Exposes no public functions. Mgpalnat.lib	ce30-internal-reference
gwe	Mgprint	library	Mgprint.lib		corpus/chm/windows-ce-3.0/wcesdkrGWE_Components.html	wcesdkrGWE_Components	chm/windows-ce-3.0	GWE Components	Mgprint Printing-support component. Mgprint.lib	ce30-internal-reference
gwe	Mgrast	library	Mgrast.lib		corpus/chm/windows-ce-3.0/wcesdkrGWE_Components.html	wcesdkrGWE_Components	chm/windows-ce-3.0	GWE Components	Mgrast Raster-font-engine component. Mgrast.lib	ce30-internal-reference
gwe	Mgrast2	library	Mgrast2.lib		corpus/chm/windows-ce-3.0/wcesdkrGWE_Components.html	wcesdkrGWE_Components	chm/windows-ce-3.0	GWE Components	Mgrast2 Raster-font-engine component. Mgrast2.lib	ce30-internal-reference
gwe	Mgrgn	library	Mgrgn.lib		corpus/chm/windows-ce-3.0/wcesdkrGWE_Components.html	wcesdkrGWE_Components	chm/windows-ce-3.0	GWE Components	Mgrgn Drawing-region-support component. Mgrgn.lib	ce30-internal-reference
gwe	Mgtci	library	Mgtci.lib		corpus/chm/windows-ce-3.0/wcesdkrGWE_Components.html	wcesdkrGWE_Components	chm/windows-ce-3.0	GWE Components	Mgtci Supports translation, based on specific character sets. Mgtci.lib	ce30-internal-reference
gwe	Mgtt	library	Mgtt.lib		corpus/chm/windows-ce-3.0/wcesdkrGWE_Components.html	wcesdkrGWE_Components	chm/windows-ce-3.0	GWE Components	Mgtt TrueType font component. Mgtt.lib	ce30-internal-reference
gwe	Mgwinmgr	library	Mgwinmgr.lib		corpus/chm/windows-ce-3.0/wcesdkrGWE_Components.html	wcesdkrGWE_Components	chm/windows-ce-3.0	GWE Components	Mgwinmgr GDI and user-shared interface component. Mgwinmgr.lib	ce30-internal-reference
gwe	Mnoover	library	Mnoover.lib	Exposes no public functions.	corpus/chm/windows-ce-3.0/wcesdkrGWE_Components.html	wcesdkrGWE_Components	chm/windows-ce-3.0	GWE Components	Mnoover Win32 menu-control-support component. Exposes no public functions. Mnoover.lib	ce30-internal-reference
gwe	Mnotapui	library	Mnotapui.lib	Exposes no public functions.	corpus/chm/windows-ce-3.0/wcesdkrGWE_Components.html	wcesdkrGWE_Components	chm/windows-ce-3.0	GWE Components	Mnotapui Win32 menu-control-support component. Exposes no public functions. Mnotapui.lib	ce30-internal-reference
gwe	Msgbeep	library	Msgbeep.lib		corpus/chm/windows-ce-3.0/wcesdkrGWE_Components.html	wcesdkrGWE_Components	chm/windows-ce-3.0	GWE Components	Msgbeep Win32 MessageBeep component. Msgbeep.lib	ce30-internal-reference
gwe	Msgbox	library	Msgbox.lib		corpus/chm/windows-ce-3.0/wcesdkrGWE_Components.html	wcesdkrGWE_Components	chm/windows-ce-3.0	GWE Components	Msgbox Primary message-box component. Msgbox.lib	ce30-internal-reference
gwe	Msgbox2	library	Msgbox.lib	Exposes no public functions.	corpus/chm/windows-ce-3.0/wcesdkrGWE_Components.html	wcesdkrGWE_Components	chm/windows-ce-3.0	GWE Components	Msgbox2 Support component for message boxes with 2 bits per pixel. Exposes no public functions. Msgbox.lib	ce30-internal-reference
gwe	Msgbox28	library	Msgbox.lib	Exposes no public functions.	corpus/chm/windows-ce-3.0/wcesdkrGWE_Components.html	wcesdkrGWE_Components	chm/windows-ce-3.0	GWE Components	Msgbox28 Support component for message boxes that have 2 bits per pixel or 8 bits per pixel. Exposes no public functions. Msgbox.lib	ce30-internal-reference
gwe	Msgque	library	Msgque.lib		corpus/chm/windows-ce-3.0/wcesdkrGWE_Components.html	wcesdkrGWE_Components	chm/windows-ce-3.0	GWE Components	Msgque Message-queue component. Msgque.lib	ce30-internal-reference
gwe	Mtapui	library	Mtapui.lib	Exposes no public functions.	corpus/chm/windows-ce-3.0/wcesdkrGWE_Components.html	wcesdkrGWE_Components	chm/windows-ce-3.0	GWE Components	Mtapui Win32 menu-control-support component. Exposes no public functions. Mtapui.lib	ce30-internal-reference
gwe	Nclient	library	Nclient.lib		corpus/chm/windows-ce-3.0/wcesdkrGWE_Components.html	wcesdkrGWE_Components	chm/windows-ce-3.0	GWE Components	Nclient Supports the nonclient-area window manager. Nclient.lib	ce30-internal-reference
gwe	Nled	library	Nled.lib	Exposes no public functions.	corpus/chm/windows-ce-3.0/wcesdkrGWE_Components.html	wcesdkrGWE_Components	chm/windows-ce-3.0	GWE Components	Nled Supports the notification LED driver, which handles all requests to turn the system notification LED either on or off. Exposes no public functions. Nled.lib	ce30-internal-reference
gwe	NOTIFMIN	library	Notifmin.lib	Exposes functions to the OEM.	corpus/chm/windows-ce-3.0/wcesdkrGWE_Components.html	wcesdkrGWE_Components	chm/windows-ce-3.0	GWE Components	NOTIFMIN Supports the Windows CE event-notification subsystem. Exposes functions to the OEM. Notifmin.lib	ce30-internal-reference
gwe	NOTIFPUB	library	Notifpub.lib	Exposes functions to the OEM.	corpus/chm/windows-ce-3.0/wcesdkrGWE_Components.html	wcesdkrGWE_Components	chm/windows-ce-3.0	GWE Components	NOTIFPUB Supports the Windows CE event-notification subsystem. Exposes functions to the OEM. Notifpub.lib	ce30-internal-reference
gwe	Notify	library	Notify.lib		corpus/chm/windows-ce-3.0/wcesdkrGWE_Components.html	wcesdkrGWE_Components	chm/windows-ce-3.0	GWE Components	Notify Supports the Windows CE event-notification subsystem. Notify.lib	ce30-internal-reference
gwe	Oom	library	Oom.lib	Exposes no public functions.	corpus/chm/windows-ce-3.0/wcesdkrGWE_Components.html	wcesdkrGWE_Components	chm/windows-ce-3.0	GWE Components	Oom Out-of-memory component. Exposes no public functions. Oom.lib	ce30-internal-reference
gwe	OOMUI	library	Oomui.lib	Exposes functions to the OEM.	corpus/chm/windows-ce-3.0/wcesdkrGWE_Components.html	wcesdkrGWE_Components	chm/windows-ce-3.0	GWE Components	OOMUI Out-of-memory user-interface component. Exposes functions to the OEM. Oomui.lib	ce30-internal-reference
gwe	Sbcmn	library	Sbcmn.lib		corpus/chm/windows-ce-3.0/wcesdkrGWE_Components.html	wcesdkrGWE_Components	chm/windows-ce-3.0	GWE Components	Sbcmn Scroll-bar-control component. Sbcmn.lib	ce30-internal-reference
gwe	Scbctl	library	Scbctl.lib	Exposes no public functions.	corpus/chm/windows-ce-3.0/wcesdkrGWE_Components.html	wcesdkrGWE_Components	chm/windows-ce-3.0	GWE Components	Scbctl Scroll-bar-control component. Exposes no public functions. Scbctl.lib	ce30-internal-reference
gwe	STARTUI	library	Startui.lib	Exposes functions to the OEM.	corpus/chm/windows-ce-3.0/wcesdkrGWE_Components.html	wcesdkrGWE_Components	chm/windows-ce-3.0	GWE Components	STARTUI Startup-dialog-box user-interface component. Exposes functions to the OEM. Startui.lib	ce30-internal-reference
gwe	Startup	library	Startup.lib	Exposes no public functions.	corpus/chm/windows-ce-3.0/wcesdkrGWE_Components.html	wcesdkrGWE_Components	chm/windows-ce-3.0	GWE Components	Startup Startup component. Exposes no public functions. Startup.lib	ce30-internal-reference
gwe	Stcctl	library	Stcctl.lib	Exposes no public functions.	corpus/chm/windows-ce-3.0/wcesdkrGWE_Components.html	wcesdkrGWE_Components	chm/windows-ce-3.0	GWE Components	Stcctl Static-control component. Exposes no public functions. Stcctl.lib	ce30-internal-reference
gwe	Syscolor	library	Syscolor.lib	Exposes no public functions.	corpus/chm/windows-ce-3.0/wcesdkrGWE_Components.html	wcesdkrGWE_Components	chm/windows-ce-3.0	GWE Components	Syscolor Win32 system-color-support component. Exposes no public functions. Syscolor.lib	ce30-internal-reference
gwe	Tchui	library	Tchui.lib	Exposes no public functions.	corpus/chm/windows-ce-3.0/wcesdkrGWE_Components.html	wcesdkrGWE_Components	chm/windows-ce-3.0	GWE Components	Tchui Touch-screen user-interface component. Exposes no public functions. Tchui.lib	ce30-internal-reference
gwe	Timer	library	Timer.lib		corpus/chm/windows-ce-3.0/wcesdkrGWE_Components.html	wcesdkrGWE_Components	chm/windows-ce-3.0	GWE Components	Timer Win32 timer component. Timer.lib	ce30-internal-reference
gwe	Uibase	library	Uibase.lib		corpus/chm/windows-ce-3.0/wcesdkrGWE_Components.html	wcesdkrGWE_Components	chm/windows-ce-3.0	GWE Components	Uibase User-interface base component. Uibase.lib	ce30-internal-reference
gwe	Winmgr	library	Winmgr.lib		corpus/chm/windows-ce-3.0/wcesdkrGWE_Components.html	wcesdkrGWE_Components	chm/windows-ce-3.0	GWE Components	Winmgr Window-manager component. Winmgr.lib	ce30-internal-reference
gwe	Wmbase	library	Wmbase.lib		corpus/chm/windows-ce-3.0/wcesdkrGWE_Components.html	wcesdkrGWE_Components	chm/windows-ce-3.0	GWE Components	Wmbase Window-manager-support component. Wmbase.lib	ce30-internal-reference
gwes		library	accel.lib		corpus/learn/windows-ce-5.0/ms923451(v=msdn.10).html	ms923451(v=msdn.10)	learn/windows-ce-5.0	gwes Module (Windows CE 5.0)	To import these functions, you must link to the accel.lib	learn-tou
gwes		library	accel.lib		corpus/learn/windows-embedded-ce-6.0/ee482579(v=winembedded.60).html	ee482579(v=winembedded.60)	learn/windows-embedded-ce-6.0	gwes Module (Windows Embedded CE 6.0)	To import these functions, you must link to the accel.lib	learn-tou
httpd	HTTPASP	library	Httpasp.lib	Required for ASP support. This component depends on the Httpisapi and Httpextn components.	corpus/chm/windows-ce-3.0/wcesdkrhttpd_Module.html	wcesdkrhttpd_Module	chm/windows-ce-3.0	httpd Module	HTTPASP Supports ASP. Required for ASP support. This component depends on the Httpisapi and Httpextn components. Httpasp.lib	ce30-internal-reference
httpd	HTTPAUTH	library	Httpauth.lib	Required for authentication.	corpus/chm/windows-ce-3.0/wcesdkrhttpd_Module.html	wcesdkrhttpd_Module	chm/windows-ce-3.0	httpd Module	HTTPAUTH Required for authentication. Required for authentication. Httpauth.lib	ce30-internal-reference
httpd	HTTPCORE	component	HTTPCORE	Required in all configurations.	corpus/chm/windows-ce-3.0/wcesdkrhttpd_Module.html	wcesdkrhttpd_Module	chm/windows-ce-3.0	httpd Module	HTTPCORE Core Web server component. Required in all configurations.	ce30-internal-reference
httpd	HTTPEXTN	library	Httpextn.lib	Depends on the Httpisapi component. This component is required for ISAPI extensions.	corpus/chm/windows-ce-3.0/wcesdkrhttpd_Module.html	wcesdkrhttpd_Module	chm/windows-ce-3.0	httpd Module	HTTPEXTN Supports ISAPI extensions. Depends on the Httpisapi component. This component is required for ISAPI extensions. Httpextn.lib	ce30-internal-reference
httpd	HTTPFILT	library	Httpfilt.lib	Depends on Httpisapi and Httpextn. This component is required for ISAPI filters.	corpus/chm/windows-ce-3.0/wcesdkrhttpd_Module.html	wcesdkrhttpd_Module	chm/windows-ce-3.0	httpd Module	HTTPFILT Supports ISAPI filters. Depends on Httpisapi and Httpextn. This component is required for ISAPI filters. Httpfilt.lib	ce30-internal-reference
httpd	HTTPISAPI	library	Httpisapi.lib	Required for server-side scripting with the httpextn, httpfilt, and httpasp components.	corpus/chm/windows-ce-3.0/wcesdkrhttpd_Module.html	wcesdkrhttpd_Module	chm/windows-ce-3.0	httpd Module	HTTPISAPI Contains the core code that is required to implement the httpextn, httpfilt, and httpasp components. Required for server-side scripting with the httpextn, httpfilt, and httpasp components. Httpisapi.lib	ce30-internal-reference
httpd	HTTPPARSE	library	Httpparse.lib	Required in all configurations.	corpus/chm/windows-ce-3.0/wcesdkrhttpd_Module.html	wcesdkrhttpd_Module	chm/windows-ce-3.0	httpd Module	HTTPPARSE Web server parsing component. Required in all configurations. Httpparse.lib	ce30-internal-reference
hwxcht		header	Recog.h		corpus/learn/windows-ce-5.0/ms923564(v=msdn.10).html	ms923564(v=msdn.10)	learn/windows-ce-5.0	hwxcht Module (Windows CE 5.0)	The hwxcht module contains functions for application developers, which are defined in the Recog.h	learn-tou
hwxcht		header	Recog.h		corpus/learn/windows-embedded-ce-6.0/ee482114(v=winembedded.60).html	ee482114(v=winembedded.60)	learn/windows-embedded-ce-6.0	hwxcht Module (Windows Embedded CE 6.0)	The hwxcht module contains functions for application developers, which are defined in the Recog.h	learn-tou
hwxcht		library	hwxcht.lib		corpus/learn/windows-ce-5.0/ms923564(v=msdn.10).html	ms923564(v=msdn.10)	learn/windows-ce-5.0	hwxcht Module (Windows CE 5.0)	To import these functions, you must link to the hwxcht.lib	learn-tou
hwxcht		library	hwxcht.lib		corpus/learn/windows-embedded-ce-6.0/ee482114(v=winembedded.60).html	ee482114(v=winembedded.60)	learn/windows-embedded-ce-6.0	hwxcht Module (Windows Embedded CE 6.0)	To import these functions, you must link to the hwxcht.lib	learn-tou
hwxjpn		header	Recog.h		corpus/chm/windows-ce-3.0/wcesdkrhwxjpn_Module.html	wcesdkrhwxjpn_Module	chm/windows-ce-3.0	hwxjpn Module	The hwxjpn module contains the following functions for application developers, which are defined in the Recog.h	ce30-internal-reference
hwxjpn		header	Recog.h		corpus/learn/windows-ce-5.0/ms923565(v=msdn.10).html	ms923565(v=msdn.10)	learn/windows-ce-5.0	hwxjpn Module (Windows CE 5.0)	The hwxjpn module contains functions for application developers, which are defined in the Recog.h	learn-tou
hwxjpn		header	Recog.h		corpus/learn/windows-embedded-ce-6.0/ee482148(v=winembedded.60).html	ee482148(v=winembedded.60)	learn/windows-embedded-ce-6.0	hwxjpn Module (Windows Embedded CE 6.0)	The hwxjpn module contains functions for application developers, which are defined in the Recog.h	learn-tou
hwxjpn		library	hwxjpn.lib		corpus/chm/windows-ce-3.0/wcesdkrhwxjpn_Module.html	wcesdkrhwxjpn_Module	chm/windows-ce-3.0	hwxjpn Module	To import these functions, you need to link to the hwxjpn.lib	ce30-internal-reference
hwxjpn		library	hwxjpn.lib		corpus/learn/windows-ce-5.0/ms923565(v=msdn.10).html	ms923565(v=msdn.10)	learn/windows-ce-5.0	hwxjpn Module (Windows CE 5.0)	To import these functions, you must link to the hwxjpn.lib	learn-tou
hwxjpn		library	hwxjpn.lib		corpus/learn/windows-embedded-ce-6.0/ee482148(v=winembedded.60).html	ee482148(v=winembedded.60)	learn/windows-embedded-ce-6.0	hwxjpn Module (Windows Embedded CE 6.0)	To import these functions, you must link to the hwxjpn.lib	learn-tou
hwxkor		header	Recog.h		corpus/learn/windows-ce-5.0/ms923566(v=msdn.10).html	ms923566(v=msdn.10)	learn/windows-ce-5.0	hwxkor Module (Windows CE 5.0)	The hwxkor module contains functions for application developers, which are defined in the Recog.h	learn-tou
hwxkor		header	Recog.h		corpus/learn/windows-embedded-ce-6.0/ee482528(v=winembedded.60).html	ee482528(v=winembedded.60)	learn/windows-embedded-ce-6.0	hwxkor Module (Windows Embedded CE 6.0)	The hwxkor module contains functions for application developers, which are defined in the Recog.h	learn-tou
hwxkor		library	hwxkor.lib		corpus/learn/windows-ce-5.0/ms923566(v=msdn.10).html	ms923566(v=msdn.10)	learn/windows-ce-5.0	hwxkor Module (Windows CE 5.0)	To import these functions, you must link to the hwxkor.lib	learn-tou
hwxkor		library	hwxkor.lib		corpus/learn/windows-embedded-ce-6.0/ee482528(v=winembedded.60).html	ee482528(v=winembedded.60)	learn/windows-embedded-ce-6.0	hwxkor Module (Windows Embedded CE 6.0)	To import these functions, you must link to the hwxkor.lib	learn-tou
hwxusa		header	Recog.h		corpus/chm/windows-ce-3.0/wcesdkrhwxusa_Module.html	wcesdkrhwxusa_Module	chm/windows-ce-3.0	hwxusa Module	The hwxusa module contains the following functions for application developers, which are defined in the Recog.h	ce30-internal-reference
hwxusa		header	Recog.h		corpus/learn/windows-ce-5.0/ms923567(v=msdn.10).html	ms923567(v=msdn.10)	learn/windows-ce-5.0	hwxusa Module (Windows CE 5.0)	The hwxusa module contains functions for application developers, which are defined in the Recog.h	learn-tou
hwxusa		header	Recog.h		corpus/learn/windows-embedded-ce-6.0/ee482416(v=winembedded.60).html	ee482416(v=winembedded.60)	learn/windows-embedded-ce-6.0	hwxusa Module (Windows Embedded CE 6.0)	The hwxusa module contains functions for application developers, which are defined in the Recog.h	learn-tou
hwxusa		library	hwxusa.lib		corpus/chm/windows-ce-3.0/wcesdkrhwxusa_Module.html	wcesdkrhwxusa_Module	chm/windows-ce-3.0	hwxusa Module	To import these functions, you need to link to the hwxusa.lib	ce30-internal-reference
hwxusa		library	hwxusa.lib		corpus/learn/windows-ce-5.0/ms923567(v=msdn.10).html	ms923567(v=msdn.10)	learn/windows-ce-5.0	hwxusa Module (Windows CE 5.0)	To import these functions, you must link to the hwxusa.lib	learn-tou
hwxusa		library	hwxusa.lib		corpus/learn/windows-embedded-ce-6.0/ee482416(v=winembedded.60).html	ee482416(v=winembedded.60)	learn/windows-embedded-ce-6.0	hwxusa Module (Windows Embedded CE 6.0)	To import these functions, you must link to the hwxusa.lib	learn-tou
iphlpapi		header	Iphlpapi.h		corpus/chm/windows-ce-3.0/wcesdkriphlpapi_Module.html	wcesdkriphlpapi_Module	chm/windows-ce-3.0	iphlpapi Module	The iphlpapi module contains the following functions for application developers, which are defined in the Iphlpapi.h	ce30-internal-reference
iphlpapi		header	Iphlpapi.h		corpus/learn/windows-ce-5.0/ms923578(v=msdn.10).html	ms923578(v=msdn.10)	learn/windows-ce-5.0	iphlpapi Module (Windows CE 5.0)	The iphlpapi module contains functions for application developers, which are defined in the Iphlpapi.h	learn-tou
iphlpapi		header	Iphlpapi.h		corpus/learn/windows-embedded-ce-6.0/ee482150(v=winembedded.60).html	ee482150(v=winembedded.60)	learn/windows-embedded-ce-6.0	iphlpapi Module (Windows Embedded CE 6.0)	The iphlpapi module contains functions for application developers, which are defined in the Iphlpapi.h	learn-tou
iphlpapi		library	iphlpapi.lib		corpus/chm/windows-ce-3.0/wcesdkriphlpapi_Module.html	wcesdkriphlpapi_Module	chm/windows-ce-3.0	iphlpapi Module	To import these functions, you need to link to the iphlpapi.lib	ce30-internal-reference
iphlpapi		library	iphlpapi.lib		corpus/learn/windows-ce-5.0/ms923578(v=msdn.10).html	ms923578(v=msdn.10)	learn/windows-ce-5.0	iphlpapi Module (Windows CE 5.0)	To import these functions, you must link to the iphlpapi.lib	learn-tou
iphlpapi		library	iphlpapi.lib		corpus/learn/windows-embedded-ce-6.0/ee482150(v=winembedded.60).html	ee482150(v=winembedded.60)	learn/windows-embedded-ce-6.0	iphlpapi Module (Windows Embedded CE 6.0)	To import these functions, you must link to the iphlpapi.lib	learn-tou
msdxm	BKGNDBMP	component	BKGNDBMP		corpus/chm/windows-ce-3.0/wcesdkrmsdxm_Module.html	wcesdkrmsdxm_Module	chm/windows-ce-3.0	msdxm Module	BKGNDBMP Supports a background bitmap that is displayed in media window while media is loading.	ce30-internal-reference
msdxm	STATBAR	component	STATBAR		corpus/chm/windows-ce-3.0/wcesdkrmsdxm_Module.html	wcesdkrmsdxm_Module	chm/windows-ce-3.0	msdxm Module	STATBAR Implements a status bar.	ce30-internal-reference
msdxm	TOOLBAR	component	TOOLBAR		corpus/chm/windows-ce-3.0/wcesdkrmsdxm_Module.html	wcesdkrmsdxm_Module	chm/windows-ce-3.0	msdxm Module	TOOLBAR Implements transport controls, such as Play and Pause.	ce30-internal-reference
msmqrt		header	Mq.h		corpus/learn/windows-ce-5.0/ms923595(v=msdn.10).html	ms923595(v=msdn.10)	learn/windows-ce-5.0	msmqrt Module (Windows CE 5.0)	The msmqrt module includes functions for application developers, which are defined in the Mq.h	learn-tou
msmqrt		header	Mq.h		corpus/learn/windows-embedded-ce-6.0/ee482628(v=winembedded.60).html	ee482628(v=winembedded.60)	learn/windows-embedded-ce-6.0	msmqrt Module (Windows Embedded CE 6.0)	The msmqrt module includes functions for application developers, which are defined in the Mq.h	learn-tou
msmqrt		header	mq.h		corpus/chm/windows-ce-3.0/wcesdkrmsmqrt_Module.html	wcesdkrmsmqrt_Module	chm/windows-ce-3.0	msmqrt Module	The msmqrt module includes the following functions for application developers, which are defined in the mq.h	ce30-internal-reference
msmqrt		library	Msmqapix.lib		corpus/learn/windows-ce-5.0/ms923595(v=msdn.10).html	ms923595(v=msdn.10)	learn/windows-ce-5.0	msmqrt Module (Windows CE 5.0)	To import these functions, you must link to the Msmqapix.lib	learn-tou
msmqrt		library	Msmqapix.lib		corpus/learn/windows-embedded-ce-6.0/ee482628(v=winembedded.60).html	ee482628(v=winembedded.60)	learn/windows-embedded-ce-6.0	msmqrt Module (Windows Embedded CE 6.0)	To import these functions, you must link to the Msmqapix.lib	learn-tou
msmqrt		library	msmqapix.lib		corpus/chm/windows-ce-3.0/wcesdkrmsmqrt_Module.html	wcesdkrmsmqrt_Module	chm/windows-ce-3.0	msmqrt Module	To import these functions, you need to link to the msmqapix.lib	ce30-internal-reference
ndis		header	Ndis.h		corpus/chm/windows-ce-3.0/wcesdkrndis_Module.html	wcesdkrndis_Module	chm/windows-ce-3.0	ndis Module	The ndis module contains the following functions for application developers, which are defined in the Ndis.h	ce30-internal-reference
ndis		header	Ndis.h		corpus/learn/windows-ce-5.0/ms923598(v=msdn.10).html	ms923598(v=msdn.10)	learn/windows-ce-5.0	ndis Module (Windows CE 5.0)	The ndis module contains functions for device driver developers, which are defined in the Ndis.h	learn-tou
ndis		header	Ndis.h		corpus/learn/windows-embedded-ce-6.0/ee482119(v=winembedded.60).html	ee482119(v=winembedded.60)	learn/windows-embedded-ce-6.0	ndis Module (Windows Embedded CE 6.0)	The ndis module contains functions for device driver developers, which are defined in the Ndis.h	learn-tou
ndis		library	ndislib.lib		corpus/chm/windows-ce-3.0/wcesdkrndis_Module.html	wcesdkrndis_Module	chm/windows-ce-3.0	ndis Module	To import these functions, you need to link to the ndislib.lib	ce30-internal-reference
ndis		library	ndislib.lib		corpus/learn/windows-ce-5.0/ms923598(v=msdn.10).html	ms923598(v=msdn.10)	learn/windows-ce-5.0	ndis Module (Windows CE 5.0)	To import these functions, you must link to the ndislib.lib	learn-tou
ndis		library	ndislib.lib		corpus/learn/windows-embedded-ce-6.0/ee482119(v=winembedded.60).html	ee482119(v=winembedded.60)	learn/windows-embedded-ce-6.0	ndis Module (Windows Embedded CE 6.0)	To import these functions, you must link to the ndislib.lib	learn-tou
netui		header	netui.h		corpus/chm/windows-ce-3.0/wcesdkrnetui_Module.html	wcesdkrnetui_Module	chm/windows-ce-3.0	netui Module	The netui module contains the following functions for operating system configuration, which are defined in the netui.h	ce30-internal-reference
netui		library	netui.lib		corpus/chm/windows-ce-3.0/wcesdkrnetui_Module.html	wcesdkrnetui_Module	chm/windows-ce-3.0	netui Module	To import these functions, you need to link to the netui.lib	ce30-internal-reference
netui		library	netui.lib		corpus/learn/windows-ce-5.0/ms923600(v=msdn.10).html	ms923600(v=msdn.10)	learn/windows-ce-5.0	netui Module (Windows CE 5.0)	To import these functions, you must link to the netui.lib	learn-tou
netui		library	netui.lib		corpus/learn/windows-embedded-ce-6.0/ee482620(v=winembedded.60).html	ee482620(v=winembedded.60)	learn/windows-embedded-ce-6.0	netui Module (Windows Embedded CE 6.0)	To import these functions, you must link to the netui.lib	learn-tou
nk		header	Celog.h		corpus/chm/windows-ce-3.0/wcesdkrnk_Module.html	wcesdkrnk_Module	chm/windows-ce-3.0	nk Module	The nk module includes the following functions for operating system configuration, which are defined in the Celog.h	ce30-internal-reference
nk		header	Winnt.h		corpus/chm/windows-ce-3.0/wcesdkrnk_Module.html	wcesdkrnk_Module	chm/windows-ce-3.0	nk Module	The nk module contains the following functions for application developers, which are defined in the Winnt.h	ce30-internal-reference
nk		header	Winnt.h		corpus/learn/windows-ce-5.0/ms923602(v=msdn.10).html	ms923602(v=msdn.10)	learn/windows-ce-5.0	nk Module (Windows CE 5.0)	The nk module contains functions for application developers, which are defined in the Winnt.h	learn-tou
nk		header	Winnt.h		corpus/learn/windows-embedded-ce-6.0/ee482339(v=winembedded.60).html	ee482339(v=winembedded.60)	learn/windows-embedded-ce-6.0	nk Module (Windows Embedded CE 6.0)	The nk module contains functions for application developers, which are defined in the Winnt.h	learn-tou
nk		library	Nk.lib		corpus/learn/windows-ce-5.0/ms923602(v=msdn.10).html	ms923602(v=msdn.10)	learn/windows-ce-5.0	nk Module (Windows CE 5.0)	To import these functions, you must link to the Nk.lib	learn-tou
nk		library	Nk.lib		corpus/learn/windows-embedded-ce-6.0/ee482339(v=winembedded.60).html	ee482339(v=winembedded.60)	learn/windows-embedded-ce-6.0	nk Module (Windows Embedded CE 6.0)	To import these functions, you must link to the Nk.lib	learn-tou
nk		library	nk.lib		corpus/chm/windows-ce-3.0/wcesdkrnk_Module.html	wcesdkrnk_Module	chm/windows-ce-3.0	nk Module	To import these functions, you need to link to the nk.lib	ce30-internal-reference
nk	CEFNK	library	Cefnk.lib	Exposes no public functions.	corpus/chm/windows-ce-3.0/wcesdkrNK_Components.html	wcesdkrNK_Components	chm/windows-ce-3.0	NK Components	CEFNK Provides CEF support Exposes no public functions. Cefnk.lib	ce30-internal-reference
nk	COREDLL	library	Coredll.lib	Must be included in all Windows CE–based platforms, but not all of its components are required.	corpus/chm/windows-ce-3.0/wcesdkrNK_Components.html	wcesdkrNK_Components	chm/windows-ce-3.0	NK Components	COREDLL Provides core functionality to other modules. This module is a basic Windows CE OS module. Must be included in all Windows CE–based platforms, but not all of its components are required. Coredll.lib	ce30-internal-reference
nk	HAL	component	HAL	Exposes functions to the OEM.	corpus/chm/windows-ce-3.0/wcesdkrNK_Components.html	wcesdkrNK_Components	chm/windows-ce-3.0	NK Components	HAL OEM component that abstracts the kernel from the hardware. Exposes functions to the OEM. None	ce30-internal-reference
nk	NKCOMPR	library	Nkcompr.lib	Exposes no public functions.	corpus/chm/windows-ce-3.0/wcesdkrNK_Components.html	wcesdkrNK_Components	chm/windows-ce-3.0	NK Components	NKCOMPR Supports file compression. Exposes no public functions. Nkcompr.lib	ce30-internal-reference
nk	NKNOCEFNK	library	Nknofnk.lib	Exposes no public functions.	corpus/chm/windows-ce-3.0/wcesdkrNK_Components.html	wcesdkrNK_Components	chm/windows-ce-3.0	NK Components	NKNOCEFNK Stubs out CEF support Exposes no public functions. Nknofnk.lib	ce30-internal-reference
nk	NKNOCOMP	library	Nknocomp.lib	Exposes no public functions.	corpus/chm/windows-ce-3.0/wcesdkrNK_Components.html	wcesdkrNK_Components	chm/windows-ce-3.0	NK Components	NKNOCOMP Removes the file compression component from your configuration. Exposes no public functions. Nknocomp.lib	ce30-internal-reference
nk	SCHEDLOG	library	Schedlog.lib	Exposes functions to the OEM.	corpus/chm/windows-ce-3.0/wcesdkrNK_Components.html	wcesdkrNK_Components	chm/windows-ce-3.0	NK Components	SCHEDLOG Assists OEMs using the LogThread* and LogProcess* APIs. Exposes functions to the OEM. Schedlog.lib	ce30-internal-reference
ntlmssp		library	ntlmssp.lib		corpus/chm/windows-ce-3.0/wcesdkrntlmssp_Module.html	wcesdkrntlmssp_Module	chm/windows-ce-3.0	ntlmssp Module	To import this function, you need to link to the ntlmssp.lib	ce30-internal-reference
ntlmssp		library	secure32.lib		corpus/learn/windows-ce-5.0/ms923605(v=msdn.10).html	ms923605(v=msdn.10)	learn/windows-ce-5.0	ntlmssp Module (Windows CE 5.0)	To import this function, you must link to the secure32.lib	learn-tou
ntlmssp		library	secure32.lib		corpus/learn/windows-embedded-ce-6.0/ee482630(v=winembedded.60).html	ee482630(v=winembedded.60)	learn/windows-embedded-ce-6.0	ntlmssp Module (Windows Embedded CE 6.0)	To import this function, you must link to the secure32.lib	learn-tou
ole32		header	Objbase.h		corpus/chm/windows-ce-3.0/wcesdkrole32_Module.html	wcesdkrole32_Module	chm/windows-ce-3.0	ole32 Module	The ole32 module contains the following functions for application developers, which are defined in the Objbase.h	ce30-internal-reference
ole32		header	Objbase.h		corpus/learn/windows-ce-5.0/ms923609(v=msdn.10).html	ms923609(v=msdn.10)	learn/windows-ce-5.0	ole32 Module (Windows CE 5.0)	The ole32 module contains functions for application developers, which are defined in the Objbase.h	learn-tou
ole32		header	Objbase.h		corpus/learn/windows-embedded-ce-6.0/ee482580(v=winembedded.60).html	ee482580(v=winembedded.60)	learn/windows-embedded-ce-6.0	ole32 Module (Windows Embedded CE 6.0)	The ole32 module contains functions for application developers, which are defined in the Objbase.h	learn-tou
ole32		library	ole232.lib		corpus/chm/windows-ce-3.0/wcesdkrole32_Module.html	wcesdkrole32_Module	chm/windows-ce-3.0	ole32 Module	To import these functions, you need to link to the ole232.lib	ce30-internal-reference
ole32		library	ole232.lib		corpus/learn/windows-ce-5.0/ms923609(v=msdn.10).html	ms923609(v=msdn.10)	learn/windows-ce-5.0	ole32 Module (Windows CE 5.0)	To import these functions, you must link to the ole232.lib	learn-tou
ole32		library	ole232.lib		corpus/learn/windows-embedded-ce-6.0/ee482580(v=winembedded.60).html	ee482580(v=winembedded.60)	learn/windows-embedded-ce-6.0	ole32 Module (Windows Embedded CE 6.0)	To import these functions, you must link to the ole232.lib	learn-tou
ole32	COM	library	Com.lib	Exposes no public functions.	corpus/chm/windows-ce-3.0/wcesdkrOLE_Components.html	wcesdkrOLE_Components	chm/windows-ce-3.0	OLE Components	COM Supports Component Object Model (COM) interfaces. Exposes no public functions. Com.lib	ce30-internal-reference
ole32	DCOMOLE	component	DCOMOLE		corpus/chm/windows-ce-3.0/wcesdkrOLE_Components.html	wcesdkrOLE_Components	chm/windows-ce-3.0	OLE Components	DCOMOLE Main DCOM support module. Common.lib, Moniker.lib, Class.lib, Coll.lib, Debug.lib, Remote.lib, Accctrl.lib, Rot.lib, Inc.lib, Objact.lib, Util.lib, Dcomport.lib, Dcomidl.lib, Oleprx32.lib, Ole232.lib, Docfile.lib, Exp.lib, Msf.lib, Uuid.lib	ce30-internal-reference
ole32	DOCFILE	library	Docfile.lib	Exposes no public functions.	corpus/chm/windows-ce-3.0/wcesdkrOLE_Components.html	wcesdkrOLE_Components	chm/windows-ce-3.0	OLE Components	DOCFILE Provides OLE docfile support. Exposes no public functions. Docfile.lib	ce30-internal-reference
ole32	EXP	library	Exp.lib	Exposes no public functions.	corpus/chm/windows-ce-3.0/wcesdkrOLE_Components.html	wcesdkrOLE_Components	chm/windows-ce-3.0	OLE Components	EXP Supports OLE storage services. Exposes no public functions. Exp.lib	ce30-internal-reference
ole32	MSF	library	Msf.lib	Exposes no public functions.	corpus/chm/windows-ce-3.0/wcesdkrOLE_Components.html	wcesdkrOLE_Components	chm/windows-ce-3.0	OLE Components	MSF Provides OLE storage support. Exposes no public functions. Msf.lib	ce30-internal-reference
ole32	OLE232	library	Ole232.lib		corpus/chm/windows-ce-3.0/wcesdkrOLE_Components.html	wcesdkrOLE_Components	chm/windows-ce-3.0	OLE Components	OLE232 Supports OLE services. Ole232.lib	ce30-internal-reference
ole32	OLEMAIN	library	Olemain.lib	Exposes no public functions.	corpus/chm/windows-ce-3.0/wcesdkrOLE_Components.html	wcesdkrOLE_Components	chm/windows-ce-3.0	OLE Components	OLEMAIN Exposes no public functions. Olemain.lib	ce30-internal-reference
ole32	STG	library	Stg.lib	Exposes no public functions.	corpus/chm/windows-ce-3.0/wcesdkrOLE_Components.html	wcesdkrOLE_Components	chm/windows-ce-3.0	OLE Components	STG Supports OLE lightweight storage. Exposes no public functions. Stg.lib	ce30-internal-reference
oleaut32		header	Oleauto.h		corpus/chm/windows-ce-3.0/wcesdkroleaut32_Module.html	wcesdkroleaut32_Module	chm/windows-ce-3.0	oleaut32 Module	The oleaut32 module contains the following functions for application developers, which are defined in the Oleauto.h	ce30-internal-reference
oleaut32		header	Oleauto.h		corpus/learn/windows-ce-5.0/ms923610(v=msdn.10).html	ms923610(v=msdn.10)	learn/windows-ce-5.0	oleaut32 Module (Windows CE 5.0)	The oleaut32 module contains functions for application developers, which are defined in the Oleauto.h	learn-tou
oleaut32		header	Oleauto.h		corpus/learn/windows-embedded-ce-6.0/ee482117(v=winembedded.60).html	ee482117(v=winembedded.60)	learn/windows-embedded-ce-6.0	oleaut32 Module (Windows Embedded CE 6.0)	The oleaut32 module contains functions for application developers, which are defined in the Oleauto.h	learn-tou
oleaut32		library	Oleaut32.lib		corpus/learn/windows-ce-5.0/ms923610(v=msdn.10).html	ms923610(v=msdn.10)	learn/windows-ce-5.0	oleaut32 Module (Windows CE 5.0)	To import these functions, you must link to the Oleaut32.lib	learn-tou
oleaut32		library	Oleaut32.lib		corpus/learn/windows-embedded-ce-6.0/ee482117(v=winembedded.60).html	ee482117(v=winembedded.60)	learn/windows-embedded-ce-6.0	oleaut32 Module (Windows Embedded CE 6.0)	To import these functions, you must link to the Oleaut32.lib	learn-tou
oleaut32		library	oleaut32.lib		corpus/chm/windows-ce-3.0/wcesdkroleaut32_Module.html	wcesdkroleaut32_Module	chm/windows-ce-3.0	oleaut32 Module	To import these functions, you need to link to the oleaut32.lib	ce30-internal-reference
ppp		header	Ras.h		corpus/chm/windows-ce-3.0/wcesdkrppp_Module.html	wcesdkrppp_Module	chm/windows-ce-3.0	ppp Module	The ppp module contains the following functions for application developers, which are defined in the Ras.h	ce30-internal-reference
ppp		header	Ras.h		corpus/learn/windows-ce-5.0/ms923625(v=msdn.10).html	ms923625(v=msdn.10)	learn/windows-ce-5.0	ppp Module (Windows CE 5.0)	The ppp module contains functions for application developers, these functions are defined in the Ras.h	learn-tou
ppp		header	Ras.h		corpus/learn/windows-embedded-ce-6.0/ee482334(v=winembedded.60).html	ee482334(v=winembedded.60)	learn/windows-embedded-ce-6.0	ppp Module (Windows Embedded CE 6.0)	The ppp module contains functions for application developers, these functions are defined in the Ras.h	learn-tou
ppp		library	ppp.lib		corpus/chm/windows-ce-3.0/wcesdkrppp_Module.html	wcesdkrppp_Module	chm/windows-ce-3.0	ppp Module	To import these functions, you need to link to the ppp.lib	ce30-internal-reference
ppp		library	ppp.lib		corpus/learn/windows-ce-5.0/ms923625(v=msdn.10).html	ms923625(v=msdn.10)	learn/windows-ce-5.0	ppp Module (Windows CE 5.0)	To import these functions, you must link to the ppp.lib	learn-tou
ppp		library	ppp.lib		corpus/learn/windows-embedded-ce-6.0/ee482334(v=winembedded.60).html	ee482334(v=winembedded.60)	learn/windows-embedded-ce-6.0	ppp Module (Windows Embedded CE 6.0)	To import these functions, you must link to the ppp.lib	learn-tou
quartz	ACMWRAP	component	ACMWRAP		corpus/chm/windows-ce-3.0/wcesdkrquartz_Module.html	wcesdkrquartz_Module	chm/windows-ce-3.0	quartz Module	ACMWRAP ACM wrapper filer.	ce30-internal-reference
quartz	ASYNCRDR	component	ASYNCRDR		corpus/chm/windows-ce-3.0/wcesdkrquartz_Module.html	wcesdkrquartz_Module	chm/windows-ce-3.0	quartz Module	ASYNCRDR Asynchronous file reader.	ce30-internal-reference
quartz	AVIDEC	component	AVIDEC		corpus/chm/windows-ce-3.0/wcesdkrquartz_Module.html	wcesdkrquartz_Module	chm/windows-ce-3.0	quartz Module	AVIDEC AVI Video decompressor. Uses ICM.	ce30-internal-reference
quartz	AVIMSR	component	AVIMSR		corpus/chm/windows-ce-3.0/wcesdkrquartz_Module.html	wcesdkrquartz_Module	chm/windows-ce-3.0	quartz Module	AVIMSR AVI parser/splitter.	ce30-internal-reference
quartz	DSNDOUT	component	DSNDOUT		corpus/chm/windows-ce-3.0/wcesdkrquartz_Module.html	wcesdkrquartz_Module	chm/windows-ce-3.0	quartz Module	DSNDOUT DirectSound audio renderer.	ce30-internal-reference
quartz	IMAGE	component	IMAGE		corpus/chm/windows-ce-3.0/wcesdkrquartz_Module.html	wcesdkrquartz_Module	chm/windows-ce-3.0	quartz Module	IMAGE Video renderer.	ce30-internal-reference
quartz	MIDIDM	component	MIDIDM		corpus/chm/windows-ce-3.0/wcesdkrquartz_Module.html	wcesdkrquartz_Module	chm/windows-ce-3.0	quartz Module	MIDIDM Supports DirectShow MIDI playback.	ce30-internal-reference
quartz	MPGADEC	component	MPGADEC		corpus/chm/windows-ce-3.0/wcesdkrquartz_Module.html	wcesdkrquartz_Module	chm/windows-ce-3.0	quartz Module	MPGADEC MPEG1 audio decoder. Supports layers 1 and 2.	ce30-internal-reference
quartz	MPGSPLIT	component	MPGSPLIT		corpus/chm/windows-ce-3.0/wcesdkrquartz_Module.html	wcesdkrquartz_Module	chm/windows-ce-3.0	quartz Module	MPGSPLIT MPEG1 parser/splitter.	ce30-internal-reference
quartz	MPGVDEC	component	MPGVDEC		corpus/chm/windows-ce-3.0/wcesdkrquartz_Module.html	wcesdkrquartz_Module	chm/windows-ce-3.0	quartz Module	MPGVDEC MPEG1 video decoder.	ce30-internal-reference
quartz	OVMIXER2	component	OVMIXER2		corpus/chm/windows-ce-3.0/wcesdkrquartz_Module.html	wcesdkrquartz_Module	chm/windows-ce-3.0	quartz Module	OVMIXER2 Overlay mixer.	ce30-internal-reference
quartz	QTRDR	component	QTRDR		corpus/chm/windows-ce-3.0/wcesdkrquartz_Module.html	wcesdkrquartz_Module	chm/windows-ce-3.0	quartz Module	QTRDR QuickTime parser/splitter.	ce30-internal-reference
quartz	SCMDOUT	component	SCMDOUT		corpus/chm/windows-ce-3.0/wcesdkrquartz_Module.html	wcesdkrquartz_Module	chm/windows-ce-3.0	quartz Module	SCMDOUT Script command renderer used for WMT scripting.	ce30-internal-reference
quartz	URLRDR	component	URLRDR		corpus/chm/windows-ce-3.0/wcesdkrquartz_Module.html	wcesdkrquartz_Module	chm/windows-ce-3.0	quartz Module	URLRDR URL asynchronous reader.	ce30-internal-reference
quartz	WAVEMSR	component	WAVEMSR		corpus/chm/windows-ce-3.0/wcesdkrquartz_Module.html	wcesdkrquartz_Module	chm/windows-ce-3.0	quartz Module	WAVEMSR Wave/AIFF/au/snd file parser.	ce30-internal-reference
quartz	WAVEOUT	component	WAVEOUT		corpus/chm/windows-ce-3.0/wcesdkrquartz_Module.html	wcesdkrquartz_Module	chm/windows-ce-3.0	quartz Module	WAVEOUT WaveOut audio renderer.	ce30-internal-reference
redir		header	Winnetwk.h		corpus/chm/windows-ce-3.0/wcesdkrredir_Module.html	wcesdkrredir_Module	chm/windows-ce-3.0	redir Module	The redir module contains the following functions for application developers, which are defined in the Winnetwk.h	ce30-internal-reference
redir		header	Winnetwk.h		corpus/learn/windows-ce-5.0/ms923641(v=msdn.10).html	ms923641(v=msdn.10)	learn/windows-ce-5.0	redir Module (Windows CE 5.0)	The redir module contains functions for application developers, these functions are defined in the Winnetwk.h	learn-tou
redir		header	Winnetwk.h		corpus/learn/windows-embedded-ce-6.0/ee482382(v=winembedded.60).html	ee482382(v=winembedded.60)	learn/windows-embedded-ce-6.0	redir Module (Windows Embedded CE 6.0)	The redir module contains functions for application developers, these functions are defined in the Winnetwk.h	learn-tou
redir		library	Redir.lib		corpus/learn/windows-ce-5.0/ms923641(v=msdn.10).html	ms923641(v=msdn.10)	learn/windows-ce-5.0	redir Module (Windows CE 5.0)	To import these functions, you must link to the Redir.lib	learn-tou
redir		library	Redir.lib		corpus/learn/windows-embedded-ce-6.0/ee482382(v=winembedded.60).html	ee482382(v=winembedded.60)	learn/windows-embedded-ce-6.0	redir Module (Windows Embedded CE 6.0)	To import these functions, you must link to the Redir.lib	learn-tou
redir		library	redir.lib		corpus/chm/windows-ce-3.0/wcesdkrredir_Module.html	wcesdkrredir_Module	chm/windows-ce-3.0	redir Module	To import these functions, you need to link to the redir.lib	ce30-internal-reference
schannel		library	schannel.lib		corpus/chm/windows-ce-3.0/wcesdkrschannel_Module.html	wcesdkrschannel_Module	chm/windows-ce-3.0	schannel Module	To import these functions, you need to link to the schannel.lib	ce30-internal-reference
snmp		header	Snmp.h		corpus/chm/windows-ce-3.0/wcesdkrsnmp_Module.html	wcesdkrsnmp_Module	chm/windows-ce-3.0	snmp Module	The snmp module contains the following functions for application developers, which are defined in the Snmp.h	ce30-internal-reference
snmp		header	Snmp.h		corpus/learn/windows-ce-5.0/ms924464(v=msdn.10).html	ms924464(v=msdn.10)	learn/windows-ce-5.0	snmp Module (Windows CE 5.0)	The snmp module contains functions for application developers, these functions are defined in the Snmp.h	learn-tou
snmp		header	Snmp.h		corpus/learn/windows-embedded-ce-6.0/ee482340(v=winembedded.60).html	ee482340(v=winembedded.60)	learn/windows-embedded-ce-6.0	snmp Module (Windows Embedded CE 6.0)	The snmp module contains functions for application developers, these functions are defined in the Snmp.h	learn-tou
snmp		library	Snmp.lib		corpus/learn/windows-ce-5.0/ms924464(v=msdn.10).html	ms924464(v=msdn.10)	learn/windows-ce-5.0	snmp Module (Windows CE 5.0)	To import these functions, you must link to the Snmp.lib	learn-tou
snmp		library	Snmp.lib		corpus/learn/windows-embedded-ce-6.0/ee482340(v=winembedded.60).html	ee482340(v=winembedded.60)	learn/windows-embedded-ce-6.0	snmp Module (Windows Embedded CE 6.0)	To import these functions, you must link to the Snmp.lib	learn-tou
snmp		library	snmp.lib		corpus/chm/windows-ce-3.0/wcesdkrsnmp_Module.html	wcesdkrsnmp_Module	chm/windows-ce-3.0	snmp Module	To import these functions, you need to link to the snmp.lib	ce30-internal-reference
splusa		header	Splapi.h		corpus/chm/windows-ce-3.0/wcesdkrsplusa_Module.html	wcesdkrsplusa_Module	chm/windows-ce-3.0	splusa Module	The splusa module contains the following functions for application developers, which are defined in the Splapi.h	ce30-internal-reference
splusa		library	splusa.lib		corpus/chm/windows-ce-3.0/wcesdkrsplusa_Module.html	wcesdkrsplusa_Module	chm/windows-ce-3.0	splusa Module	To import these functions, you need to link to the splusa.lib	ce30-internal-reference
tapi		header	Tapi.h		corpus/chm/windows-ce-3.0/wcesdkrtapi_Module.html	wcesdkrtapi_Module	chm/windows-ce-3.0	tapi Module	The tapi module contains the following functions for application developers, which are defined in the Tapi.h	ce30-internal-reference
tapi		header	Tapi.h		corpus/learn/windows-ce-5.0/ms924478(v=msdn.10).html	ms924478(v=msdn.10)	learn/windows-ce-5.0	tapi Module (Windows CE 5.0)	The tapi module contains functions for application developers, these functions are defined in the Tapi.h	learn-tou
tapi		header	Tapi.h		corpus/learn/windows-embedded-ce-6.0/ee482603(v=winembedded.60).html	ee482603(v=winembedded.60)	learn/windows-embedded-ce-6.0	tapi Module (Windows Embedded CE 6.0)	The tapi module contains functions for application developers, these functions are defined in the Tapi.h	learn-tou
tapi		library	Tapi.lib		corpus/learn/windows-ce-5.0/ms924478(v=msdn.10).html	ms924478(v=msdn.10)	learn/windows-ce-5.0	tapi Module (Windows CE 5.0)	To import these functions, you must link to the Tapi.lib	learn-tou
tapi		library	Tapi.lib		corpus/learn/windows-embedded-ce-6.0/ee482603(v=winembedded.60).html	ee482603(v=winembedded.60)	learn/windows-embedded-ce-6.0	tapi Module (Windows Embedded CE 6.0)	To import these functions, you must link to the Tapi.lib	learn-tou
tapi		library	tapi.lib		corpus/chm/windows-ce-3.0/wcesdkrtapi_Module.html	wcesdkrtapi_Module	chm/windows-ce-3.0	tapi Module	To import these functions, you need to link to the tapi.lib	ce30-internal-reference
toolhelp		header	Toolhelp.h		corpus/chm/windows-ce-3.0/wcesdkrtoolhelp_Module.html	wcesdkrtoolhelp_Module	chm/windows-ce-3.0	toolhelp Module	The toolhelp module contains the following functions for application developers, which are defined in the Toolhelp.h	ce30-internal-reference
toolhelp		header	Toolhelp.h		corpus/learn/windows-ce-5.0/ms924484(v=msdn.10).html	ms924484(v=msdn.10)	learn/windows-ce-5.0	toolhelp Module (Windows CE 5.0)	The toolhelp module contains functions for application developers, these functions are defined in the Toolhelp.h	learn-tou
toolhelp		header	Toolhelp.h		corpus/learn/windows-embedded-ce-6.0/ee482623(v=winembedded.60).html	ee482623(v=winembedded.60)	learn/windows-embedded-ce-6.0	toolhelp Module (Windows Embedded CE 6.0)	The toolhelp module contains functions for application developers, these functions are defined in the Toolhelp.h	learn-tou
toolhelp		library	Toolhelp.lib		corpus/learn/windows-ce-5.0/ms924484(v=msdn.10).html	ms924484(v=msdn.10)	learn/windows-ce-5.0	toolhelp Module (Windows CE 5.0)	To import these functions, you must link to the Toolhelp.lib	learn-tou
toolhelp		library	Toolhelp.lib		corpus/learn/windows-embedded-ce-6.0/ee482623(v=winembedded.60).html	ee482623(v=winembedded.60)	learn/windows-embedded-ce-6.0	toolhelp Module (Windows Embedded CE 6.0)	To import these functions, you must link to the Toolhelp.lib	learn-tou
toolhelp		library	toolhelp.lib		corpus/chm/windows-ce-3.0/wcesdkrtoolhelp_Module.html	wcesdkrtoolhelp_Module	chm/windows-ce-3.0	toolhelp Module	To import these functions, you need to link to the toolhelp.lib	ce30-internal-reference
upnpcapi		library	Upnpcapi.lib		corpus/learn/windows-ce-5.0/ms924490(v=msdn.10).html	ms924490(v=msdn.10)	learn/windows-ce-5.0	upnpcapi Module (Windows CE 5.0)	To import these functions, you must link to the Upnpcapi.lib	learn-tou
upnpcapi		library	Upnpcapi.lib		corpus/learn/windows-embedded-ce-6.0/ee482559(v=winembedded.60).html	ee482559(v=winembedded.60)	learn/windows-embedded-ce-6.0	upnpcapi Module (Windows Embedded CE 6.0)	To import these functions, you must link to the Upnpcapi.lib	learn-tou
waveui	WAPIACM	library	Wapiacm.lib		corpus/chm/windows-ce-3.0/wcesdkrwaveapi_Module.html	wcesdkrwaveapi_Module	chm/windows-ce-3.0	waveapi Module	WAPIACM Audio Compression Manager. Wapiacm.lib	ce30-internal-reference
waveui	WAPIMAP	library	Wapimap.lib		corpus/chm/windows-ce-3.0/wcesdkrwaveapi_Module.html	wcesdkrwaveapi_Module	chm/windows-ce-3.0	waveapi Module	WAPIMAP Mapper. Wapimap.lib	ce30-internal-reference
waveui	WAPIWAVE	library	Wapiwave.lib		corpus/chm/windows-ce-3.0/wcesdkrwaveapi_Module.html	wcesdkrwaveapi_Module	chm/windows-ce-3.0	waveapi Module	WAPIWAVE Wapiwave.lib	ce30-internal-reference
waveui	WAVEUI	library	Waveui.lib	Exposes functions for the OEM.	corpus/chm/windows-ce-3.0/wcesdkrwaveapi_Module.html	wcesdkrwaveapi_Module	chm/windows-ce-3.0	waveapi Module	WAVEUI Supports the Wave User Interface. Exposes functions for the OEM. Waveui.lib	ce30-internal-reference
wininet		header	Wininet.h		corpus/chm/windows-ce-3.0/wcesdkrwininet_Module.html	wcesdkrwininet_Module	chm/windows-ce-3.0	wininet Module	The wininet module contains the following functions for application developers, which are defined in the Wininet.h	ce30-internal-reference
wininet		header	Wininet.h		corpus/learn/windows-ce-5.0/ms924512(v=msdn.10).html	ms924512(v=msdn.10)	learn/windows-ce-5.0	wininet Module (Windows CE 5.0)	The wininet module contains functions for application developers, which are defined in the Wininet.h	learn-tou
wininet		header	Wininet.h		corpus/learn/windows-embedded-ce-6.0/ee482610(v=winembedded.60).html	ee482610(v=winembedded.60)	learn/windows-embedded-ce-6.0	wininet Module (Windows Embedded CE 6.0)	The wininet module contains functions for application developers, which are defined in the Wininet.h	learn-tou
wininet		library	Wininet.lib		corpus/learn/windows-ce-5.0/ms924512(v=msdn.10).html	ms924512(v=msdn.10)	learn/windows-ce-5.0	wininet Module (Windows CE 5.0)	To import these functions, you must link to the Wininet.lib	learn-tou
wininet		library	Wininet.lib		corpus/learn/windows-embedded-ce-6.0/ee482610(v=winembedded.60).html	ee482610(v=winembedded.60)	learn/windows-embedded-ce-6.0	wininet Module (Windows Embedded CE 6.0)	To import these functions, you must link to the Wininet.lib	learn-tou
wininet		library	wininet.lib		corpus/chm/windows-ce-3.0/wcesdkrwininet_Module.html	wcesdkrwininet_Module	chm/windows-ce-3.0	wininet Module	To import these functions, you need to link to the wininet.lib	ce30-internal-reference
winscard		header	Winscard.h		corpus/chm/windows-ce-3.0/wcesdkrwinscard_Module.html	wcesdkrwinscard_Module	chm/windows-ce-3.0	winscard Module	The winscard module contains the following functions for application developers, which are defined in the Winscard.h	ce30-internal-reference
winscard		header	Winscard.h		corpus/learn/windows-ce-5.0/ms924513(v=msdn.10).html	ms924513(v=msdn.10)	learn/windows-ce-5.0	winscard Module (Windows CE 5.0)	The winscard module contains functions for application developers, these functions are defined in the Winscard.h	learn-tou
winscard		header	Winscard.h		corpus/learn/windows-embedded-ce-6.0/ee482543(v=winembedded.60).html	ee482543(v=winembedded.60)	learn/windows-embedded-ce-6.0	winscard Module (Windows Embedded CE 6.0)	The winscard module contains functions for application developers, these functions are defined in the Winscard.h	learn-tou
winscard		library	Winscard.lib		corpus/learn/windows-ce-5.0/ms924513(v=msdn.10).html	ms924513(v=msdn.10)	learn/windows-ce-5.0	winscard Module (Windows CE 5.0)	To import these functions, you must link to the Winscard.lib	learn-tou
winscard		library	Winscard.lib		corpus/learn/windows-embedded-ce-6.0/ee482543(v=winembedded.60).html	ee482543(v=winembedded.60)	learn/windows-embedded-ce-6.0	winscard Module (Windows Embedded CE 6.0)	To import these functions, you must link to the Winscard.lib	learn-tou
winscard		library	winscard.lib		corpus/chm/windows-ce-3.0/wcesdkrwinscard_Module.html	wcesdkrwinscard_Module	chm/windows-ce-3.0	winscard Module	To import these functions, you need to link to the winscard.lib	ce30-internal-reference
winsock		header	Winsock.h		corpus/chm/windows-ce-3.0/wcesdkrwinsock_Module.html	wcesdkrwinsock_Module	chm/windows-ce-3.0	winsock Module	The winsock module contains the following functions for application developers, which are defined in the Winsock.h	ce30-internal-reference
winsock		header	Winsock.h		corpus/learn/windows-ce-5.0/ms924514(v=msdn.10).html	ms924514(v=msdn.10)	learn/windows-ce-5.0	winsock Module (Windows CE 5.0)	The winsock module contains functions for application developers, these functions are defined in the Winsock.h	learn-tou
winsock		header	Winsock.h		corpus/learn/windows-embedded-ce-6.0/ee482187(v=winembedded.60).html	ee482187(v=winembedded.60)	learn/windows-embedded-ce-6.0	winsock Module (Windows Embedded CE 6.0)	The winsock module contains functions for application developers, these functions are defined in the Winsock.h	learn-tou
winsock		library	Winsock.lib		corpus/learn/windows-ce-5.0/ms924514(v=msdn.10).html	ms924514(v=msdn.10)	learn/windows-ce-5.0	winsock Module (Windows CE 5.0)	To import these functions, you must link to the Winsock.lib	learn-tou
winsock		library	Winsock.lib		corpus/learn/windows-embedded-ce-6.0/ee482187(v=winembedded.60).html	ee482187(v=winembedded.60)	learn/windows-embedded-ce-6.0	winsock Module (Windows Embedded CE 6.0)	To import these functions, you must link to the Winsock.lib	learn-tou
winsock		library	winsock.lib		corpus/chm/windows-ce-3.0/wcesdkrwinsock_Module.html	wcesdkrwinsock_Module	chm/windows-ce-3.0	winsock Module	To import these functions, you need to link to the winsock.lib	ce30-internal-reference
winsock	SSLSOCK	library	Sslsock.lib	Exposes no public functions.	corpus/chm/windows-ce-3.0/wcesdkrwinsock_Module.html	wcesdkrwinsock_Module	chm/windows-ce-3.0	winsock Module	SSLSOCK Secure Sockets Layer (SSL) Winsock support component. Exposes no public functions. Sslsock.lib	ce30-internal-reference
ws2		library	Ws2.lib		corpus/learn/windows-ce-5.0/ms924522(v=msdn.10).html	ms924522(v=msdn.10)	learn/windows-ce-5.0	ws2 Module (Windows CE 5.0)	To import these functions, you must link to the Ws2.lib	learn-tou
ws2		library	Ws2.lib		corpus/learn/windows-embedded-ce-6.0/ee482127(v=winembedded.60).html	ee482127(v=winembedded.60)	learn/windows-embedded-ce-6.0	ws2 Module (Windows Embedded CE 6.0)	To import these functions, you must link to the Ws2.lib	learn-tou
