set	entities	with_declaration	with_header	with_library	with_dll
chm/windows-ce-3.0	6767	6276	5377	3268	1212
chm/windows-ce-4.2/emulator/htm	1	0	0	0	0
chm/windows-ce-4.2/remtools/htm	276	236	242	21	0
chm/windows-ce-5.0/wceaccess5/html	7	6	6	1	1
chm/windows-ce-5.0/wceactsync5/html	187	178	186	164	0
chm/windows-ce-5.0/wceauthservices5/html	48	48	48	28	10
chm/windows-ce-5.0/wcebluetooth5/html	190	153	189	123	9
chm/windows-ce-5.0/wcecertificates5/html	81	80	80	80	75
chm/windows-ce-5.0/wcechs5/html	5	4	4	4	0
chm/windows-ce-5.0/wcecht5/html	2	1	1	1	0
chm/windows-ce-5.0/wcecore5/html	326	325	319	224	136
chm/windows-ce-5.0/wcecredentialmgr5/html	13	13	13	11	1
chm/windows-ce-5.0/wcecrypto5/html	117	116	116	40	32
chm/windows-ce-5.0/wced3dm5/html	182	160	169	110	0
chm/windows-ce-5.0/wcedcom5/html	913	840	904	823	376
chm/windows-ce-5.0/wceddraw5/html	131	128	128	103	15
chm/windows-ce-5.0/wcedialup5/html	41	41	40	26	1
chm/windows-ce-5.0/wcedshow5/html	1457	1413	493	343	12
chm/windows-ce-5.0/wcedvd5/html	210	187	208	187	0
chm/windows-ce-5.0/wcedvmgt5/html	37	10	7	0	0
chm/windows-ce-5.0/wceeap5/html	16	16	16	0	0
chm/windows-ce-5.0/wceedb5/html	42	42	42	42	0
chm/windows-ce-5.0/wceexchclient5/html	46	38	46	40	0
chm/windows-ce-5.0/wcefiledb5/html	55	55	55	38	0
chm/windows-ce-5.0/wcefileserver5/html	5	5	5	5	0
chm/windows-ce-5.0/wcefirewall5/html	22	20	21	5	0
chm/windows-ce-5.0/wcefonts5/html	31	31	30	22	8
chm/windows-ce-5.0/wcehwx5/html	16	16	16	14	0
chm/windows-ce-5.0/wceics5/html	5	5	5	5	0
chm/windows-ce-5.0/wceiemlang5/html	104	91	104	92	0
chm/windows-ce-5.0/wceimaging5/html	100	92	92	77	0
chm/windows-ce-5.0/wceimm5/html	148	118	148	55	23
chm/windows-ce-5.0/wceinput5/html	49	45	49	45	0
chm/windows-ce-5.0/wceipsec5/html	8	8	8	6	0
chm/windows-ce-5.0/wceipv65/html	1	0	0	0	0
chm/windows-ce-5.0/wcejpn5/html	73	70	73	0	0
chm/windows-ce-5.0/wcejscript5/html	1	0	0	0	0
chm/windows-ce-5.0/wcekorea5/html	20	18	19	19	0
chm/windows-ce-5.0/wcel2tp5/html	1	1	1	0	0
chm/windows-ce-5.0/wcelass5/html	6	6	6	6	0
chm/windows-ce-5.0/wceldap5/html	113	113	113	102	93
chm/windows-ce-5.0/wcemouse5/html	37	36	36	26	17
chm/windows-ce-5.0/wcemshtml5/html	14	14	11	8	8
chm/windows-ce-5.0/wcemshtml5/workshop/browser/behaviors/reference/ifaces/elementbehavior	3	3	0	0	0
chm/windows-ce-5.0/wcemshtml5/workshop/browser/behaviors/reference/ifaces/elementbehaviorcategory	1	1	0	0	0
chm/windows-ce-5.0/wcemshtml5/workshop/browser/behaviors/reference/ifaces/elementbehaviorfactory	1	1	0	0	0
chm/windows-ce-5.0/wcemshtml5/workshop/browser/behaviors/reference/ifaces/elementbehaviorfocus	1	1	0	0	0
chm/windows-ce-5.0/wcemshtml5/workshop/browser/behaviors/reference/ifaces/elementbehaviorlayout	4	4	0	0	0
chm/windows-ce-5.0/wcemshtml5/workshop/browser/behaviors/reference/ifaces/elementbehaviorlayout2	1	1	0	0	0
chm/windows-ce-5.0/wcemshtml5/workshop/browser/behaviors/reference/ifaces/elementbehaviorrender	3	3	0	0	0
chm/windows-ce-5.0/wcemshtml5/workshop/browser/behaviors/reference/ifaces/elementbehaviorscategory	1	1	0	0	0
chm/windows-ce-5.0/wcemshtml5/workshop/browser/behaviors/reference/ifaces/elementbehaviorsite	1	1	0	0	0
chm/windows-ce-5.0/wcemshtml5/workshop/browser/behaviors/reference/ifaces/elementbehaviorsitelayout	3	3	0	0	0
chm/windows-ce-5.0/wcemshtml5/workshop/browser/behaviors/reference/ifaces/elementbehaviorsitelayout2	1	1	0	0	0
chm/windows-ce-5.0/wcemshtml5/workshop/browser/behaviors/reference/ifaces/elementbehaviorsiteom	6	6	0	0	0
chm/windows-ce-5.0/wcemshtml5/workshop/browser/behaviors/reference/ifaces/elementbehaviorsiteom2	1	1	0	0	0
chm/windows-ce-5.0/wcemshtml5/workshop/browser/behaviors/reference/ifaces/elementbehaviorsiterender	3	3	0	0	0
chm/windows-ce-5.0/wcemshtml5/workshop/browser/behaviors/reference/ifaces/elementbehaviorsubmit	2	2	0	0	0
chm/windows-ce-5.0/wcemshtml5/workshop/browser/behaviors/reference/ifaces/elementnamespace	1	1	0	0	0
chm/windows-ce-5.0/wcemshtml5/workshop/browser/behaviors/reference/ifaces/elementnamespacefactory	1	1	0	0	0
chm/windows-ce-5.0/wcemshtml5/workshop/browser/behaviors/reference/ifaces/elementnamespacefactory2	1	1	0	0	0
chm/windows-ce-5.0/wcemshtml5/workshop/browser/behaviors/reference/ifaces/elementnamespacefactorycallback	1	1	0	0	0
chm/windows-ce-5.0/wcemshtml5/workshop/browser/behaviors/reference/ifaces/elementnamespacetable	1	1	0	0	0
chm/windows-ce-5.0/wcemshtml5/workshop/browser/behaviors/reference/ifaces/ihostbehaviorinit	1	1	0	0	0
chm/windows-ce-5.0/wcemshtml5/workshop/browser/mshtml/reference/events/htmlanchorevents	62	62	62	0	0
chm/windows-ce-5.0/wcemshtml5/workshop/browser/mshtml/reference/events/htmlanchorevents2	61	61	61	0	0
chm/windows-ce-5.0/wcemshtml5/workshop/browser/mshtml/reference/events/htmlareaevents	62	62	62	0	0
chm/windows-ce-5.0/wcemshtml5/workshop/browser/mshtml/reference/events/htmlareaevents2	61	61	61	0	0
chm/windows-ce-5.0/wcemshtml5/workshop/browser/mshtml/reference/events/htmlbuttonelementevents	62	62	62	0	0
chm/windows-ce-5.0/wcemshtml5/workshop/browser/mshtml/reference/events/htmlbuttonelementevents2	61	61	61	0	0
chm/windows-ce-5.0/wcemshtml5/workshop/browser/mshtml/reference/events/htmlcontrolelementevents	62	62	62	0	0
chm/windows-ce-5.0/wcemshtml5/workshop/browser/mshtml/reference/events/htmlcontrolelementevents2	61	61	61	0	0
chm/windows-ce-5.0/wcemshtml5/workshop/browser/mshtml/reference/events/htmldocumentevents	34	34	34	0	0
chm/windows-ce-5.0/wcemshtml5/workshop/browser/mshtml/reference/events/htmldocumentevents2	34	34	34	0	0
chm/windows-ce-5.0/wcemshtml5/workshop/browser/mshtml/reference/events/htmlelementevents	62	62	62	0	0
chm/windows-ce-5.0/wcemshtml5/workshop/browser/mshtml/reference/events/htmlelementevents2	61	61	61	0	0
chm/windows-ce-5.0/wcemshtml5/workshop/browser/mshtml/reference/events/htmlformelementevents	64	64	64	0	0
chm/windows-ce-5.0/wcemshtml5/workshop/browser/mshtml/reference/events/htmlformelementevents2	63	63	63	0	0
chm/windows-ce-5.0/wcemshtml5/workshop/browser/mshtml/reference/events/htmlframesiteevents	63	63	63	0	0
chm/windows-ce-5.0/wcemshtml5/workshop/browser/mshtml/reference/events/htmlframesiteevents2	63	63	63	0	0
chm/windows-ce-5.0/wcemshtml5/workshop/browser/mshtml/reference/events/htmlimgevents	65	65	65	0	0
chm/windows-ce-5.0/wcemshtml5/workshop/browser/mshtml/reference/events/htmlimgevents2	64	64	64	0	0
chm/windows-ce-5.0/wcemshtml5/workshop/browser/mshtml/reference/events/htmlinputfileelementevents	44	44	44	0	0
chm/windows-ce-5.0/wcemshtml5/workshop/browser/mshtml/reference/events/htmlinputfileelementevents2	44	44	44	0	0
chm/windows-ce-5.0/wcemshtml5/workshop/browser/mshtml/reference/events/htmlinputimageevents	45	45	45	0	0
chm/windows-ce-5.0/wcemshtml5/workshop/browser/mshtml/reference/events/htmlinputimageevents2	45	45	45	0	0
chm/windows-ce-5.0/wcemshtml5/workshop/browser/mshtml/reference/events/htmlinputtextelementevents	67	67	67	0	0
chm/windows-ce-5.0/wcemshtml5/workshop/browser/mshtml/reference/events/htmlinputtextelementevents2	66	66	66	0	0
chm/windows-ce-5.0/wcemshtml5/workshop/browser/mshtml/reference/events/htmllabelevents	62	62	62	0	0
chm/windows-ce-5.0/wcemshtml5/workshop/browser/mshtml/reference/events/htmllabelevents2	61	61	61	0	0
chm/windows-ce-5.0/wcemshtml5/workshop/browser/mshtml/reference/events/htmllinkelementevents	64	64	64	0	0
chm/windows-ce-5.0/wcemshtml5/workshop/browser/mshtml/reference/events/htmllinkelementevents2	63	63	63	0	0
chm/windows-ce-5.0/wcemshtml5/workshop/browser/mshtml/reference/events/htmlmapevents	62	62	62	0	0
chm/windows-ce-5.0/wcemshtml5/workshop/browser/mshtml/reference/events/htmlmapevents2	61	61	61	0	0
chm/windows-ce-5.0/wcemshtml5/workshop/browser/mshtml/reference/events/htmlmarqueeelementevents	65	65	65	0	0
chm/windows-ce-5.0/wcemshtml5/workshop/browser/mshtml/reference/events/htmlmarqueeelementevents2	64	64	64	0	0
chm/windows-ce-5.0/wcemshtml5/workshop/browser/mshtml/reference/events/htmlnamespaceevents	1	1	1	0	0
chm/windows-ce-5.0/wcemshtml5/workshop/browser/mshtml/reference/events/htmlobjectelementevents	13	13	13	0	0
chm/windows-ce-5.0/wcemshtml5/workshop/browser/mshtml/reference/events/htmlobjectelementevents2	13	13	13	0	0
chm/windows-ce-5.0/wcemshtml5/workshop/browser/mshtml/reference/events/htmloptionbuttonelementevents	67	67	67	0	0
chm/windows-ce-5.0/wcemshtml5/workshop/browser/mshtml/reference/events/htmloptionbuttonelementevents2	67	67	67	0	0
chm/windows-ce-5.0/wcemshtml5/workshop/browser/mshtml/reference/events/htmlscriptevents	63	63	63	0	0
chm/windows-ce-5.0/wcemshtml5/workshop/browser/mshtml/reference/events/htmlscriptevents2	62	62	62	0	0
chm/windows-ce-5.0/wcemshtml5/workshop/browser/mshtml/reference/events/htmlselectelementevents	63	63	63	0	0
chm/windows-ce-5.0/wcemshtml5/workshop/browser/mshtml/reference/events/htmlselectelementevents2	62	62	62	0	0
chm/windows-ce-5.0/wcemshtml5/workshop/browser/mshtml/reference/events/htmlstyleelementevents	64	64	64	0	0
chm/windows-ce-5.0/wcemshtml5/workshop/browser/mshtml/reference/events/htmlstyleelementevents2	63	63	63	0	0
chm/windows-ce-5.0/wcemshtml5/workshop/browser/mshtml/reference/events/htmltableevents	62	62	62	0	0
chm/windows-ce-5.0/wcemshtml5/workshop/browser/mshtml/reference/events/htmltableevents2	61	61	61	0	0
chm/windows-ce-5.0/wcemshtml5/workshop/browser/mshtml/reference/events/htmltextcontainerevents	64	64	64	0	0
chm/windows-ce-5.0/wcemshtml5/workshop/browser/mshtml/reference/events/htmltextcontainerevents2	63	63	63	0	0
chm/windows-ce-5.0/wcemshtml5/workshop/browser/mshtml/reference/events/htmlwindowevents	11	11	11	0	0
chm/windows-ce-5.0/wcemshtml5/workshop/browser/mshtml/reference/events/htmlwindowevents2	11	11	11	0	0
chm/windows-ce-5.0/wcemshtml5/workshop/browser/mshtml/reference/ifaces/anchorelement	23	23	0	0	0
chm/windows-ce-5.0/wcemshtml5/workshop/browser/mshtml/reference/ifaces/anchorelement2	5	5	0	0	0
chm/windows-ce-5.0/wcemshtml5/workshop/browser/mshtml/reference/ifaces/areaelement	18	18	0	0	0
chm/windows-ce-5.0/wcemshtml5/workshop/browser/mshtml/reference/ifaces/areascollection	6	6	0	0	0
chm/windows-ce-5.0/wcemshtml5/workshop/browser/mshtml/reference/ifaces/areascollection2	1	1	0	0	0
chm/windows-ce-5.0/wcemshtml5/workshop/browser/mshtml/reference/ifaces/areascollection3	1	1	0	0	0
chm/windows-ce-5.0/wcemshtml5/workshop/browser/mshtml/reference/ifaces/attributecollection	3	3	0	0	0
chm/windows-ce-5.0/wcemshtml5/workshop/browser/mshtml/reference/ifaces/attributecollection2	3	3	0	0	0
chm/windows-ce-5.0/wcemshtml5/workshop/browser/mshtml/reference/ifaces/baseelement	2	2	0	0	0
chm/windows-ce-5.0/wcemshtml5/workshop/browser/mshtml/reference/ifaces/basefontelement	3	3	0	0	0
chm/windows-ce-5.0/wcemshtml5/workshop/browser/mshtml/reference/ifaces/bgsound	4	4	0	0	0
chm/windows-ce-5.0/wcemshtml5/workshop/browser/mshtml/reference/ifaces/blockelement	1	1	0	0	0
chm/windows-ce-5.0/wcemshtml5/workshop/browser/mshtml/reference/ifaces/blockelement2	2	2	0	0	0
chm/windows-ce-5.0/wcemshtml5/workshop/browser/mshtml/reference/ifaces/blockformats	2	2	0	0	0
chm/windows-ce-5.0/wcemshtml5/workshop/browser/mshtml/reference/ifaces/bodyelement	18	18	0	0	0
chm/windows-ce-5.0/wcemshtml5/workshop/browser/mshtml/reference/ifaces/bodyelement2	2	2	0	0	0
chm/windows-ce-5.0/wcemshtml5/workshop/browser/mshtml/reference/ifaces/bookmarkcollection	3	3	0	0	0
chm/windows-ce-5.0/wcemshtml5/workshop/browser/mshtml/reference/ifaces/brelement	1	1	0	0	0
chm/windows-ce-5.0/wcemshtml5/workshop/browser/mshtml/reference/ifaces/buttonelement	7	7	0	0	0
chm/windows-ce-5.0/wcemshtml5/workshop/browser/mshtml/reference/ifaces/caret	12	12	0	0	0
chm/windows-ce-5.0/wcemshtml5/workshop/browser/mshtml/reference/ifaces/changelog	1	1	0	0	0
chm/windows-ce-5.0/wcemshtml5/workshop/browser/mshtml/reference/ifaces/changeplayback	1	1	0	0	0
chm/windows-ce-5.0/wcemshtml5/workshop/browser/mshtml/reference/ifaces/changesink	1	1	0	0	0
chm/windows-ce-5.0/wcemshtml5/workshop/browser/mshtml/reference/ifaces/commentelement	1	1	0	0	0
chm/windows-ce-5.0/wcemshtml5/workshop/browser/mshtml/reference/ifaces/commentelement2	7	7	0	0	0
chm/windows-ce-5.0/wcemshtml5/workshop/browser/mshtml/reference/ifaces/computedstyle	19	19	0	0	0
chm/windows-ce-5.0/wcemshtml5/workshop/browser/mshtml/reference/ifaces/controlelement	13	13	0	0	0
chm/windows-ce-5.0/wcemshtml5/workshop/browser/mshtml/reference/ifaces/controlrange	15	15	0	0	0
chm/windows-ce-5.0/wcemshtml5/workshop/browser/mshtml/reference/ifaces/controlrange2	1	1	0	0	0
chm/windows-ce-5.0/wcemshtml5/workshop/browser/mshtml/reference/ifaces/currentstyle	89	89	0	0	0
chm/windows-ce-5.0/wcemshtml5/workshop/browser/mshtml/reference/ifaces/currentstyle2	18	18	0	0	0
chm/windows-ce-5.0/wcemshtml5/workshop/browser/mshtml/reference/ifaces/currentstyle3	4	4	0	0	0
chm/windows-ce-5.0/wcemshtml5/workshop/browser/mshtml/reference/ifaces/databinding	3	3	0	0	0
chm/windows-ce-5.0/wcemshtml5/workshop/browser/mshtml/reference/ifaces/datatransfer	5	5	0	0	0
chm/windows-ce-5.0/wcemshtml5/workshop/browser/mshtml/reference/ifaces/ddelement	1	1	0	0	0
chm/windows-ce-5.0/wcemshtml5/workshop/browser/mshtml/reference/ifaces/dialog	8	8	0	0	0
chm/windows-ce-5.0/wcemshtml5/workshop/browser/mshtml/reference/ifaces/dialog2	2	2	0	0	0
chm/windows-ce-5.0/wcemshtml5/workshop/browser/mshtml/reference/ifaces/dialog3	2	2	0	0	0
chm/windows-ce-5.0/wcemshtml5/workshop/browser/mshtml/reference/ifaces/displaypointer	19	19	0	0	0
chm/windows-ce-5.0/wcemshtml5/workshop/browser/mshtml/reference/ifaces/displayservices	7	7	0	0	0
chm/windows-ce-5.0/wcemshtml5/workshop/browser/mshtml/reference/ifaces/divelement	2	2	0	0	0
chm/windows-ce-5.0/wcemshtml5/workshop/browser/mshtml/reference/ifaces/divposition	1	1	0	0	0
chm/windows-ce-5.0/wcemshtml5/workshop/browser/mshtml/reference/ifaces/dlgsafehelper	4	4	0	0	0
chm/windows-ce-5.0/wcemshtml5/workshop/browser/mshtml/reference/ifaces/dlistelement	1	1	0	0	0
chm/windows-ce-5.0/wcemshtml5/workshop/browser/mshtml/reference/ifaces/document	1	1	0	0	0
chm/windows-ce-5.0/wcemshtml5/workshop/browser/mshtml/reference/ifaces/document2	75	75	0	0	0
chm/windows-ce-5.0/wcemshtml5/workshop/browser/mshtml/reference/ifaces/document3	24	24	0	0	0
chm/windows-ce-5.0/wcemshtml5/workshop/browser/mshtml/reference/ifaces/document4	10	10	0	0	0
chm/windows-ce-5.0/wcemshtml5/workshop/browser/mshtml/reference/ifaces/document5	12	12	0	0	0
chm/windows-ce-5.0/wcemshtml5/workshop/browser/mshtml/reference/ifaces/domattribute	3	3	0	0	0
chm/windows-ce-5.0/wcemshtml5/workshop/browser/mshtml/reference/ifaces/domattribute2	18	18	0	0	0
chm/windows-ce-5.0/wcemshtml5/workshop/browser/mshtml/reference/ifaces/domchildrencollection	3	3	0	0	0
chm/windows-ce-5.0/wcemshtml5/workshop/browser/mshtml/reference/ifaces/domimplementation	1	1	0	0	0
chm/windows-ce-5.0/wcemshtml5/workshop/browser/mshtml/reference/ifaces/domnode	19	19	0	0	0
chm/windows-ce-5.0/wcemshtml5/workshop/browser/mshtml/reference/ifaces/domnode2	1	1	0	0	0
chm/windows-ce-5.0/wcemshtml5/workshop/browser/mshtml/reference/ifaces/domtextnode	4	4	0	0	0
chm/windows-ce-5.0/wcemshtml5/workshop/browser/mshtml/reference/ifaces/domtextnode2	5	5	0	0	0
chm/windows-ce-5.0/wcemshtml5/workshop/browser/mshtml/reference/ifaces/dtelement	1	1	0	0	0
chm/windows-ce-5.0/wcemshtml5/workshop/browser/mshtml/reference/ifaces/editdesigner	4	4	0	0	0
chm/windows-ce-5.0/wcemshtml5/workshop/browser/mshtml/reference/ifaces/edithost	1	1	0	0	0
chm/windows-ce-5.0/wcemshtml5/workshop/browser/mshtml/reference/ifaces/edithost2	1	1	0	0	0
chm/windows-ce-5.0/wcemshtml5/workshop/browser/mshtml/reference/ifaces/editservices	5	5	0	0	0
chm/windows-ce-5.0/wcemshtml5/workshop/browser/mshtml/reference/ifaces/editservices2	4	4	0	0	0
chm/windows-ce-5.0/wcemshtml5/workshop/browser/mshtml/reference/ifaces/element2	68	68	0	0	0
chm/windows-ce-5.0/wcemshtml5/workshop/browser/mshtml/reference/ifaces/element3	22	22	0	0	0
chm/windows-ce-5.0/wcemshtml5/workshop/browser/mshtml/reference/ifaces/element4	8	8	0	0	0
chm/windows-ce-5.0/wcemshtml5/workshop/browser/mshtml/reference/ifaces/elementcollection	5	5	0	0	0
chm/windows-ce-5.0/wcemshtml5/workshop/browser/mshtml/reference/ifaces/elementcollection2	1	1	0	0	0
chm/windows-ce-5.0/wcemshtml5/workshop/browser/mshtml/reference/ifaces/elementcollection3	1	1	0	0	0
chm/windows-ce-5.0/wcemshtml5/workshop/browser/mshtml/reference/ifaces/elementdefaults	8	8	0	0	0
chm/windows-ce-5.0/wcemshtml5/workshop/browser/mshtml/reference/ifaces/elementsegment	3	3	0	0	0
chm/windows-ce-5.0/wcemshtml5/workshop/browser/mshtml/reference/ifaces/embedelement	8	8	0	0	0
chm/windows-ce-5.0/wcemshtml5/workshop/browser/mshtml/reference/ifaces/eventobj	22	22	0	0	0
chm/windows-ce-5.0/wcemshtml5/workshop/browser/mshtml/reference/ifaces/eventobj2	30	30	0	0	0
chm/windows-ce-5.0/wcemshtml5/workshop/browser/mshtml/reference/ifaces/eventobj3	7	7	0	0	0
chm/windows-ce-5.0/wcemshtml5/workshop/browser/mshtml/reference/ifaces/eventobj4	1	1	0	0	0
chm/windows-ce-5.0/wcemshtml5/workshop/browser/mshtml/reference/ifaces/fieldsetelement	1	1	0	0	0
chm/windows-ce-5.0/wcemshtml5/workshop/browser/mshtml/reference/ifaces/fieldsetelement2	1	1	0	0	0
chm/windows-ce-5.0/wcemshtml5/workshop/browser/mshtml/reference/ifaces/filterscollection	3	3	0	0	0
chm/windows-ce-5.0/wcemshtml5/workshop/browser/mshtml/reference/ifaces/fontelement	3	3	0	0	0
chm/windows-ce-5.0/wcemshtml5/workshop/browser/mshtml/reference/ifaces/fontnames	2	2	0	0	0
chm/windows-ce-5.0/wcemshtml5/workshop/browser/mshtml/reference/ifaces/fontnamescollection	3	3	0	0	0
chm/windows-ce-5.0/wcemshtml5/workshop/browser/mshtml/reference/ifaces/fontsizescollection	4	4	0	0	0
chm/windows-ce-5.0/wcemshtml5/workshop/browser/mshtml/reference/ifaces/formelement	15	15	0	0	0
chm/windows-ce-5.0/wcemshtml5/workshop/browser/mshtml/reference/ifaces/formelement2	2	2	0	0	0
chm/windows-ce-5.0/wcemshtml5/workshop/browser/mshtml/reference/ifaces/formelement3	1	1	0	0	0
chm/windows-ce-5.0/wcemshtml5/workshop/browser/mshtml/reference/ifaces/framebase	9	9	0	0	0
chm/windows-ce-5.0/wcemshtml5/workshop/browser/mshtml/reference/ifaces/framebase2	5	5	0	0	0
chm/windows-ce-5.0/wcemshtml5/workshop/browser/mshtml/reference/ifaces/framebase3	1	1	0	0	0
chm/windows-ce-5.0/wcemshtml5/workshop/browser/mshtml/reference/ifaces/frameelement	1	1	0	0	0
chm/windows-ce-5.0/wcemshtml5/workshop/browser/mshtml/reference/ifaces/frameelement2	2	2	0	0	0
chm/windows-ce-5.0/wcemshtml5/workshop/browser/mshtml/reference/ifaces/framescollection2	2	2	0	0	0
chm/windows-ce-5.0/wcemshtml5/workshop/browser/mshtml/reference/ifaces/framesetelement	10	10	0	0	0
chm/windows-ce-5.0/wcemshtml5/workshop/browser/mshtml/reference/ifaces/framesetelement2	2	2	0	0	0
chm/windows-ce-5.0/wcemshtml5/workshop/browser/mshtml/reference/ifaces/genericelement	2	2	0	0	0
chm/windows-ce-5.0/wcemshtml5/workshop/browser/mshtml/reference/ifaces/headelement	1	1	0	0	0
chm/windows-ce-5.0/wcemshtml5/workshop/browser/mshtml/reference/ifaces/headerelement	1	1	0	0	0
chm/windows-ce-5.0/wcemshtml5/workshop/browser/mshtml/reference/ifaces/highlightrenderingservices	3	3	0	0	0
chm/windows-ce-5.0/wcemshtml5/workshop/browser/mshtml/reference/ifaces/hrelement	5	5	0	0	0
chm/windows-ce-5.0/wcemshtml5/workshop/browser/mshtml/reference/ifaces/htmlelement	1	1	0	0	0
chm/windows-ce-5.0/wcemshtml5/workshop/browser/mshtml/reference/ifaces/iframeelement	3	3	0	0	0
chm/windows-ce-5.0/wcemshtml5/workshop/browser/mshtml/reference/ifaces/ihtmlelement	56	56	0	0	0
chm/windows-ce-5.0/wcemshtml5/workshop/browser/mshtml/reference/ifaces/ihtmlelementrender	2	2	0	0	0
chm/windows-ce-5.0/wcemshtml5/workshop/browser/mshtml/reference/ifaces/imageelementfactory	1	1	0	0	0
chm/windows-ce-5.0/wcemshtml5/workshop/browser/mshtml/reference/ifaces/imeservices	1	1	0	0	0
chm/windows-ce-5.0/wcemshtml5/workshop/browser/mshtml/reference/ifaces/imgelement	29	29	0	0	0
chm/windows-ce-5.0/wcemshtml5/workshop/browser/mshtml/reference/ifaces/imgelement2	1	1	0	0	0
chm/windows-ce-5.0/wcemshtml5/workshop/browser/mshtml/reference/ifaces/inputbuttonelement	7	7	0	0	0
chm/windows-ce-5.0/wcemshtml5/workshop/browser/mshtml/reference/ifaces/inputelement	35	35	0	0	0
chm/windows-ce-5.0/wcemshtml5/workshop/browser/mshtml/reference/ifaces/inputelement2	2	2	0	0	0
chm/windows-ce-5.0/wcemshtml5/workshop/browser/mshtml/reference/ifaces/inputfileelement	11	11	0	0	0
chm/windows-ce-5.0/wcemshtml5/workshop/browser/mshtml/reference/ifaces/inputhiddenelement	7	7	0	0	0
chm/windows-ce-5.0/wcemshtml5/workshop/browser/mshtml/reference/ifaces/inputimage	21	21	0	0	0
chm/windows-ce-5.0/wcemshtml5/workshop/browser/mshtml/reference/ifaces/inputtextelement	14	14	0	0	0
chm/windows-ce-5.0/wcemshtml5/workshop/browser/mshtml/reference/ifaces/iomhistory	4	4	0	0	0
chm/windows-ce-5.0/wcemshtml5/workshop/browser/mshtml/reference/ifaces/iomnavigator	19	19	0	0	0
chm/windows-ce-5.0/wcemshtml5/workshop/browser/mshtml/reference/ifaces/isindexelement	2	2	0	0	0
chm/windows-ce-5.0/wcemshtml5/workshop/browser/mshtml/reference/ifaces/isindexelement2	1	1	0	0	0
chm/windows-ce-5.0/wcemshtml5/workshop/browser/mshtml/reference/ifaces/labelelement	2	2	0	0	0
chm/windows-ce-5.0/wcemshtml5/workshop/browser/mshtml/reference/ifaces/labelelement2	1	1	0	0	0
chm/windows-ce-5.0/wcemshtml5/workshop/browser/mshtml/reference/ifaces/legendelement	1	1	0	0	0
chm/windows-ce-5.0/wcemshtml5/workshop/browser/mshtml/reference/ifaces/legendelement2	1	1	0	0	0
chm/windows-ce-5.0/wcemshtml5/workshop/browser/mshtml/reference/ifaces/lielement	2	2	0	0	0
chm/windows-ce-5.0/wcemshtml5/workshop/browser/mshtml/reference/ifaces/lineinfo	5	5	0	0	0
chm/windows-ce-5.0/wcemshtml5/workshop/browser/mshtml/reference/ifaces/linkelement	11	11	0	0	0
chm/windows-ce-5.0/wcemshtml5/workshop/browser/mshtml/reference/ifaces/linkelement2	1	1	0	0	0
chm/windows-ce-5.0/wcemshtml5/workshop/browser/mshtml/reference/ifaces/linkelement3	2	2	0	0	0
chm/windows-ce-5.0/wcemshtml5/workshop/browser/mshtml/reference/ifaces/listelement2	1	1	0	0	0
chm/windows-ce-5.0/wcemshtml5/workshop/browser/mshtml/reference/ifaces/location	12	12	0	0	0
chm/windows-ce-5.0/wcemshtml5/workshop/browser/mshtml/reference/ifaces/mapelement	2	2	0	0	0
chm/windows-ce-5.0/wcemshtml5/workshop/browser/mshtml/reference/ifaces/markupcontainer	1	1	0	0	0
chm/windows-ce-5.0/wcemshtml5/workshop/browser/mshtml/reference/ifaces/markupcontainer2	6	6	0	0	0
chm/windows-ce-5.0/wcemshtml5/workshop/browser/mshtml/reference/ifaces/markuppointer	21	21	0	0	0
chm/windows-ce-5.0/wcemshtml5/workshop/browser/mshtml/reference/ifaces/markuppointer2	6	6	0	0	0
chm/windows-ce-5.0/wcemshtml5/workshop/browser/mshtml/reference/ifaces/markupservices	19	19	0	0	0
chm/windows-ce-5.0/wcemshtml5/workshop/browser/mshtml/reference/ifaces/markupservices2	3	3	0	0	0
chm/windows-ce-5.0/wcemshtml5/workshop/browser/mshtml/reference/ifaces/markuptextfrags	5	5	0	0	0
chm/windows-ce-5.0/wcemshtml5/workshop/browser/mshtml/reference/ifaces/marqueeelement	16	16	0	0	0
chm/windows-ce-5.0/wcemshtml5/workshop/browser/mshtml/reference/ifaces/metaelement	5	5	0	0	0
chm/windows-ce-5.0/wcemshtml5/workshop/browser/mshtml/reference/ifaces/metaelement2	1	1	0	0	0
chm/windows-ce-5.0/wcemshtml5/workshop/browser/mshtml/reference/ifaces/mimetypescollection	1	1	0	0	0
chm/windows-ce-5.0/wcemshtml5/workshop/browser/mshtml/reference/ifaces/namespace	7	7	0	0	0
chm/windows-ce-5.0/wcemshtml5/workshop/browser/mshtml/reference/ifaces/namespacecollection	3	3	0	0	0
chm/windows-ce-5.0/wcemshtml5/workshop/browser/mshtml/reference/ifaces/nextidelement	1	1	0	0	0
chm/windows-ce-5.0/wcemshtml5/workshop/browser/mshtml/reference/ifaces/objectelement	20	20	0	0	0
chm/windows-ce-5.0/wcemshtml5/workshop/browser/mshtml/reference/ifaces/objectelement2	3	3	0	0	0
chm/windows-ce-5.0/wcemshtml5/workshop/browser/mshtml/reference/ifaces/objectelement3	6	6	0	0	0
chm/windows-ce-5.0/wcemshtml5/workshop/browser/mshtml/reference/ifaces/olistelement	3	3	0	0	0
chm/windows-ce-5.0/wcemshtml5/workshop/browser/mshtml/reference/ifaces/opsprofile	4	4	0	0	0
chm/windows-ce-5.0/wcemshtml5/workshop/browser/mshtml/reference/ifaces/optionbuttonelement	10	10	0	0	0
chm/windows-ce-5.0/wcemshtml5/workshop/browser/mshtml/reference/ifaces/optionelement	6	6	0	0	0
chm/windows-ce-5.0/wcemshtml5/workshop/browser/mshtml/reference/ifaces/optionelement3	1	1	0	0	0
chm/windows-ce-5.0/wcemshtml5/workshop/browser/mshtml/reference/ifaces/optionelementfactory	1	1	0	0	0
chm/windows-ce-5.0/wcemshtml5/workshop/browser/mshtml/reference/ifaces/optionsholder	15	15	0	0	0
chm/windows-ce-5.0/wcemshtml5/workshop/browser/mshtml/reference/ifaces/painter	4	4	0	0	0
chm/windows-ce-5.0/wcemshtml5/workshop/browser/mshtml/reference/ifaces/paintereventinfo	4	4	0	0	0
chm/windows-ce-5.0/wcemshtml5/workshop/browser/mshtml/reference/ifaces/painteroverlay	1	1	0	0	0
chm/windows-ce-5.0/wcemshtml5/workshop/browser/mshtml/reference/ifaces/paintsite	7	7	0	0	0
chm/windows-ce-5.0/wcemshtml5/workshop/browser/mshtml/reference/ifaces/paraelement	1	1	0	0	0
chm/windows-ce-5.0/wcemshtml5/workshop/browser/mshtml/reference/ifaces/paramelement	4	4	0	0	0
chm/windows-ce-5.0/wcemshtml5/workshop/browser/mshtml/reference/ifaces/phraseelement2	2	2	0	0	0
chm/windows-ce-5.0/wcemshtml5/workshop/browser/mshtml/reference/ifaces/pluginscollection	2	2	0	0	0
chm/windows-ce-5.0/wcemshtml5/workshop/browser/mshtml/reference/ifaces/popup	4	4	0	0	0
chm/windows-ce-5.0/wcemshtml5/workshop/browser/mshtml/reference/ifaces/rect	4	4	0	0	0
chm/windows-ce-5.0/wcemshtml5/workshop/browser/mshtml/reference/ifaces/rectcollection	3	3	0	0	0
chm/windows-ce-5.0/wcemshtml5/workshop/browser/mshtml/reference/ifaces/renderstyle	8	8	0	0	0
chm/windows-ce-5.0/wcemshtml5/workshop/browser/mshtml/reference/ifaces/rulestyle	83	83	0	0	0
chm/windows-ce-5.0/wcemshtml5/workshop/browser/mshtml/reference/ifaces/rulestyle2	28	28	0	0	0
chm/windows-ce-5.0/wcemshtml5/workshop/browser/mshtml/reference/ifaces/rulestyle3	15	15	0	0	0
chm/windows-ce-5.0/wcemshtml5/workshop/browser/mshtml/reference/ifaces/rulestyle4	2	2	0	0	0
chm/windows-ce-5.0/wcemshtml5/workshop/browser/mshtml/reference/ifaces/screen	8	8	0	0	0
chm/windows-ce-5.0/wcemshtml5/workshop/browser/mshtml/reference/ifaces/screen2	4	4	0	0	0
chm/windows-ce-5.0/wcemshtml5/workshop/browser/mshtml/reference/ifaces/scriptelement	8	8	0	0	0
chm/windows-ce-5.0/wcemshtml5/workshop/browser/mshtml/reference/ifaces/scriptelement2	1	1	0	0	0
chm/windows-ce-5.0/wcemshtml5/workshop/browser/mshtml/reference/ifaces/segment	1	1	0	0	0
chm/windows-ce-5.0/wcemshtml5/workshop/browser/mshtml/reference/ifaces/segmentlist	3	3	0	0	0
chm/windows-ce-5.0/wcemshtml5/workshop/browser/mshtml/reference/ifaces/segmentlistiterator	4	4	0	0	0
chm/windows-ce-5.0/wcemshtml5/workshop/browser/mshtml/reference/ifaces/selectelement	16	16	0	0	0
chm/windows-ce-5.0/wcemshtml5/workshop/browser/mshtml/reference/ifaces/selectelement2	1	1	0	0	0
chm/windows-ce-5.0/wcemshtml5/workshop/browser/mshtml/reference/ifaces/selectelement4	1	1	0	0	0
chm/windows-ce-5.0/wcemshtml5/workshop/browser/mshtml/reference/ifaces/selectionobject	4	4	0	0	0
chm/windows-ce-5.0/wcemshtml5/workshop/browser/mshtml/reference/ifaces/selectionobject2	2	2	0	0	0
chm/windows-ce-5.0/wcemshtml5/workshop/browser/mshtml/reference/ifaces/selectionservices	6	6	0	0	0
chm/windows-ce-5.0/wcemshtml5/workshop/browser/mshtml/reference/ifaces/selectionserviceslistener	5	5	0	0	0
chm/windows-ce-5.0/wcemshtml5/workshop/browser/mshtml/reference/ifaces/spanflow	1	1	0	0	0
chm/windows-ce-5.0/wcemshtml5/workshop/browser/mshtml/reference/ifaces/style	92	92	0	0	0
chm/windows-ce-5.0/wcemshtml5/workshop/browser/mshtml/reference/ifaces/style2	31	31	0	0	0
chm/windows-ce-5.0/wcemshtml5/workshop/browser/mshtml/reference/ifaces/style3	15	15	0	0	0
chm/windows-ce-5.0/wcemshtml5/workshop/browser/mshtml/reference/ifaces/style4	2	2	0	0	0
chm/windows-ce-5.0/wcemshtml5/workshop/browser/mshtml/reference/ifaces/styleelement	8	8	0	0	0
chm/windows-ce-5.0/wcemshtml5/workshop/browser/mshtml/reference/ifaces/stylesheet	16	16	0	0	0
chm/windows-ce-5.0/wcemshtml5/workshop/browser/mshtml/reference/ifaces/stylesheet2	2	2	0	0	0
chm/windows-ce-5.0/wcemshtml5/workshop/browser/mshtml/reference/ifaces/stylesheetpage	2	2	0	0	0
chm/windows-ce-5.0/wcemshtml5/workshop/browser/mshtml/reference/ifaces/stylesheetpagescollection	2	2	0	0	0
chm/windows-ce-5.0/wcemshtml5/workshop/browser/mshtml/reference/ifaces/stylesheetrule	3	3	0	0	0
chm/windows-ce-5.0/wcemshtml5/workshop/browser/mshtml/reference/ifaces/stylesheetrulescoll	2	2	0	0	0
chm/windows-ce-5.0/wcemshtml5/workshop/browser/mshtml/reference/ifaces/stylesheetscollection	3	3	0	0	0
chm/windows-ce-5.0/wcemshtml5/workshop/browser/mshtml/reference/ifaces/submitdata	3	3	0	0	0
chm/windows-ce-5.0/wcemshtml5/workshop/browser/mshtml/reference/ifaces/table	33	33	0	0	0
chm/windows-ce-5.0/wcemshtml5/workshop/browser/mshtml/reference/ifaces/table2	4	4	0	0	0
chm/windows-ce-5.0/wcemshtml5/workshop/browser/mshtml/reference/ifaces/table3	1	1	0	0	0
chm/windows-ce-5.0/wcemshtml5/workshop/browser/mshtml/reference/ifaces/tablecaption	2	2	0	0	0
chm/windows-ce-5.0/wcemshtml5/workshop/browser/mshtml/reference/ifaces/tablecell	13	13	0	0	0
chm/windows-ce-5.0/wcemshtml5/workshop/browser/mshtml/reference/ifaces/tablecell2	6	6	0	0	0
chm/windows-ce-5.0/wcemshtml5/workshop/browser/mshtml/reference/ifaces/tablecol	4	4	0	0	0
chm/windows-ce-5.0/wcemshtml5/workshop/browser/mshtml/reference/ifaces/tablecol2	2	2	0	0	0
chm/windows-ce-5.0/wcemshtml5/workshop/browser/mshtml/reference/ifaces/tablerow	11	11	0	0	0
chm/windows-ce-5.0/wcemshtml5/workshop/browser/mshtml/reference/ifaces/tablerow2	1	1	0	0	0
chm/windows-ce-5.0/wcemshtml5/workshop/browser/mshtml/reference/ifaces/tablerow3	2	2	0	0	0
chm/windows-ce-5.0/wcemshtml5/workshop/browser/mshtml/reference/ifaces/tablerowmetrics	4	4	0	0	0
chm/windows-ce-5.0/wcemshtml5/workshop/browser/mshtml/reference/ifaces/tablesection	6	6	0	0	0
chm/windows-ce-5.0/wcemshtml5/workshop/browser/mshtml/reference/ifaces/tablesection2	1	1	0	0	0
chm/windows-ce-5.0/wcemshtml5/workshop/browser/mshtml/reference/ifaces/tablesection3	2	2	0	0	0
chm/windows-ce-5.0/wcemshtml5/workshop/browser/mshtml/reference/ifaces/textareaelement	15	15	0	0	0
chm/windows-ce-5.0/wcemshtml5/workshop/browser/mshtml/reference/ifaces/textcontainer	6	6	0	0	0
chm/windows-ce-5.0/wcemshtml5/workshop/browser/mshtml/reference/ifaces/textrangemetrics	6	6	0	0	0
chm/windows-ce-5.0/wcemshtml5/workshop/browser/mshtml/reference/ifaces/textrangemetrics2	2	2	0	0	0
chm/windows-ce-5.0/wcemshtml5/workshop/browser/mshtml/reference/ifaces/titleelement	1	1	0	0	0
chm/windows-ce-5.0/wcemshtml5/workshop/browser/mshtml/reference/ifaces/txtrange	29	29	0	0	0
chm/windows-ce-5.0/wcemshtml5/workshop/browser/mshtml/reference/ifaces/txtrangecollection	3	3	0	0	0
chm/windows-ce-5.0/wcemshtml5/workshop/browser/mshtml/reference/ifaces/ulistelement	2	2	0	0	0
chm/windows-ce-5.0/wcemshtml5/workshop/browser/mshtml/reference/ifaces/uniquename	2	2	0	0	0
chm/windows-ce-5.0/wcemshtml5/workshop/browser/mshtml/reference/ifaces/urncollection	2	2	0	0	0
chm/windows-ce-5.0/wcemshtml5/workshop/browser/mshtml/reference/ifaces/window2	54	54	0	0	0
chm/windows-ce-5.0/wcemshtml5/workshop/browser/mshtml/reference/ifaces/window3	11	11	0	0	0
chm/windows-ce-5.0/wcemshtml5/workshop/browser/mshtml/reference/ifaces/window4	2	2	0	0	0
chm/windows-ce-5.0/wcemshtml5/workshop/browser/timer/reference/ifaces/itimer	4	4	0	0	0
chm/windows-ce-5.0/wcemshtml5/workshop/browser/timer/reference/ifaces/itimerservice	3	3	0	0	0
chm/windows-ce-5.0/wcemshtml5/workshop/browser/timer/reference/ifaces/itimersink	1	1	0	0	0
chm/windows-ce-5.0/wcemsmq5/html	142	108	130	83	0
chm/windows-ce-5.0/wcemui5/html	5	5	5	5	2
chm/windows-ce-5.0/wcemultimon5/html	8	8	8	6	4
chm/windows-ce-5.0/wcenetapi5/html	6	6	6	4	3
chm/windows-ce-5.0/wcenetlog5/html	2	0	0	0	0
chm/windows-ce-5.0/wcenetui5/html	25	25	25	19	1
chm/windows-ce-5.0/wcenetutils5/html	6	0	0	0	0
chm/windows-ce-5.0/wcenls5/html	38	38	38	32	11
chm/windows-ce-5.0/wceobex5/html	56	48	54	50	0
chm/windows-ce-5.0/wcep2p5/html	26	26	26	26	15
chm/windows-ce-5.0/wcepcauthentication5/html	5	3	5	0	0
chm/windows-ce-5.0/wcepoom5/html	55	45	55	55	0
chm/windows-ce-5.0/wceprint5/html	8	8	8	7	5
chm/windows-ce-5.0/wceras5/html	7	7	7	1	0
chm/windows-ce-5.0/wcerdp5/html	91	82	91	75	0
chm/windows-ce-5.0/wceredir5/html	16	16	16	11	2
chm/windows-ce-5.0/wceregistry5/html	15	15	15	15	3
chm/windows-ce-5.0/wceremoteconifg5/html	42	20	23	23	0
chm/windows-ce-5.0/wcertc5/html	424	348	420	369	0
chm/windows-ce-5.0/wcesapi5/html	466	415	456	373	0
chm/windows-ce-5.0/wceservdotexe5/html	38	20	31	10	0
chm/windows-ce-5.0/wceshdocvw5/html	3	3	3	0	0
chm/windows-ce-5.0/wceshdocvw5/workshop/browser/browser/reference/ifaces/itargetcontainer	2	2	0	0	0
chm/windows-ce-5.0/wceshdocvw5/workshop/browser/browser/reference/ifaces/itargetframe	6	6	0	0	0
chm/windows-ce-5.0/wceshdocvw5/workshop/browser/browser/reference/ifaces/itargetframe2	12	12	0	0	0
chm/windows-ce-5.0/wceshdocvw5/workshop/browser/browser/reference/ifaces/itargetnotify	2	2	0	0	0
chm/windows-ce-5.0/wceshdocvw5/workshop/browser/hosting/reference/ifaces/dochostuihandler2	1	1	0	0	0
chm/windows-ce-5.0/wceshdocvw5/workshop/browser/hosting/reference/ifaces/icustomdoc	1	1	0	0	0
chm/windows-ce-5.0/wceshdocvw5/workshop/browser/hosting/reference/ifaces/idochostshowui	2	2	0	0	0
chm/windows-ce-5.0/wceshdocvw5/workshop/browser/hosting/reference/ifaces/idochostuihandler	15	15	0	0	0
chm/windows-ce-5.0/wceshdocvw5/workshop/browser/hosting/reference/ifaces/ihostdialoghelper	1	1	0	0	0
chm/windows-ce-5.0/wceshdocvw5/workshop/browser/travellog/reference/ifaces/ienumtravellogentry	4	4	0	0	0
chm/windows-ce-5.0/wceshdocvw5/workshop/browser/travellog/reference/ifaces/itravellogentry	2	2	0	0	0
chm/windows-ce-5.0/wceshdocvw5/workshop/browser/travellog/reference/ifaces/itravellogstg	6	6	0	0	0
chm/windows-ce-5.0/wceshdocvw5/workshop/browser/webbrowser/reference/ifaces/dwebbrowserevents	11	11	11	0	0
chm/windows-ce-5.0/wceshdocvw5/workshop/browser/webbrowser/reference/ifaces/dwebbrowserevents2	31	31	31	21	0
chm/windows-ce-5.0/wceshdocvw5/workshop/browser/webbrowser/reference/ifaces/iwebbrowser2	47	47	15	15	0
chm/windows-ce-5.0/wcesmartcard5/html	31	31	31	28	13
chm/windows-ce-5.0/wcesnmp5/html	43	42	42	42	24
chm/windows-ce-5.0/wcesoap5/html	52	36	52	52	0
chm/windows-ce-5.0/wcestoragemgr5/html	27	27	27	22	0
chm/windows-ce-5.0/wcestylus5/html	6	6	6	0	0
chm/windows-ce-5.0/wcesystempassword5/html	6	6	6	6	0
chm/windows-ce-5.0/wcetapi5/html	289	223	287	174	87
chm/windows-ce-5.0/wcetcpip5/html	131	128	128	60	60
chm/windows-ce-5.0/wcetui5/html	6	0	0	0	0
chm/windows-ce-5.0/wcetvlens5/html	14	12	14	13	0
chm/windows-ce-5.0/wceui5/html	1949	1889	1920	497	312
chm/windows-ce-5.0/wceuniscribe5/html	45	45	45	31	31
chm/windows-ce-5.0/wceupnp5/html	238	207	238	233	48
chm/windows-ce-5.0/wceurlmon5/html	164	139	164	146	2
chm/windows-ce-5.0/wcevail5/html	147	127	146	135	0
chm/windows-ce-5.0/wcevbscript5/html	1	0	0	0	0
chm/windows-ce-5.0/wcevpn5/html	1	0	0	0	0
chm/windows-ce-5.0/wcewave5/html	76	72	76	49	45
learn/unclassified	325	268	259	44	0
learn/windows-ce-5.0	14618	12888	12966	7606	1619
learn/windows-ce-net-4x	6503	5664	6137	3753	827
learn/windows-embedded-ce-6.0	16422	15114	14712	8221	1842
msdn-library/2010-05/windows-ce-5.0	101	100	90	21	0
msdn-library/datadungeon-2000-04/adoce/htm	43	16	1	0	0
msdn-library/datadungeon-2000-04/mobchan/htm	28	18	1	1	0
msdn-library/datadungeon-2000-04/vbce	549	223	21	13	7
msdn-library/datadungeon-2000-04/vcce	1	0	0	0	0
msdn-library/datadungeon-2000-04/wceapc/htm	405	336	3	2	0
msdn-library/datadungeon-2000-04/wceatl/htm	228	69	228	0	0
msdn-library/datadungeon-2000-04/wcecomm/htm	1	0	0	0	0
msdn-library/datadungeon-2000-04/wcecore/htm	2	0	0	0	0
msdn-library/datadungeon-2000-04/wcegloss/htm	25	0	0	0	0
msdn-library/techshelps/CEGUIDE/devdoc/good/wince	519	471	469	383	186
msdn-library/techshelps/DNEMBED/html	7	0	0	0	0
msdn-library/techshelps/VBCE	471	192	21	13	6
msdn-library/techshelps/VCCE	4	0	0	0	0
msdn-library/techshelps/WCEATL	632	563	632	0	0
msdn-library/techshelps/WCEDDK	237	220	228	156	0
msdn-library/techshelps/WCEMFC	1956	1725	1929	0	0
msdn-library/wcedevcon-99/wceapc	875	762	7	4	0
msdn-library/wcedevcon-99/wcecomm/htm	7	1	0	0	0
msdn-library/wcedevcon-99/wcecore/htm	2	0	0	0	0
msdn-library/wcedevcon-99/wceddk	550	442	486	240	1
msdn-library/wcedevcon-99/wcegloss/htm	24	0	0	0	0
msdn-library/wcedevcon-99/wcehpc	48	46	43	0	0
msdn-library/wcedevcon-99/wceppc	22	21	21	5	0
msdn-library/wcedevcon-99/wcesdkg	28	0	0	0	0
msdn-library/wcedevcon-99/wcesdkr	2934	2913	2929	1657	870
msdn-library/wcedevcon-99/wcesvcs/htm	12	0	0	0	0
msdn-library/wcedevcon-99/wceui/htm	1	0	0	0	0
msdn-library/windows-mobile-6.5	27	27	27	21	0
mvb/windows-ce-1.0/PEGDDK	42	40	31	25	0
mvb/windows-ce-1.0/PEGSDK	1467	1334	1329	518	370
mvb/windows-ce-2.0-sdk/MPLATSDK.20	1	0	0	0	0
mvb/windows-ce-2.0-sdk/WINDBG	29	0	0	0	0
