entity	name	kinds	subject	scope	statement	ansi_variant_documented_by_win32	page	page_id	set	license
ceregqueryvalueex	CeRegQueryValueEx	function	Windows CE	this-api	Windows CE supports only the Unicode version of this function.		corpus/chm/windows-ce-3.0/_wcesdk_CeRegQueryValueEx_RAPI_.html	_wcesdk_CeRegQueryValueEx_RAPI_	chm/windows-ce-3.0	ce30-internal-reference
ceregqueryvalueex	CeRegQueryValueEx	function	Windows CE	this-api	Windows CE supports only the Unicode version of this function.		corpus/chm/windows-ce-5.0/wceactsync5/html/wce50lrfCeRegQueryValueExRAPI.html	wce50lrfCeRegQueryValueExRAPI	chm/windows-ce-5.0/wceactsync5/html	ms-media-copyright
ceregqueryvalueex	CeRegQueryValueEx	function	Windows CE	this-api	Windows CE supports only the Unicode version of this function.		corpus/learn/windows-ce-5.0/aa513399(v=msdn.10).html	aa513399(v=msdn.10)	learn/windows-ce-5.0	learn-tou
ceregqueryvalueex	CeRegQueryValueEx	function	Windows CE	this-api	Windows CE supports only the Unicode version of this function.		corpus/msdn-library/wcedevcon-99/wcesdkr/kf_ac_83.html	kf_ac_83	msdn-library/wcedevcon-99/wcesdkr	msdn-library-copyright
ceregsetvalueex	CeRegSetValueEx	function	Windows CE	this-api	Windows CE supports only the Unicode version of this function.		corpus/chm/windows-ce-3.0/_wcesdk_CeRegSetValueEx_RAPI_.html	_wcesdk_CeRegSetValueEx_RAPI_	chm/windows-ce-3.0	ce30-internal-reference
ceregsetvalueex	CeRegSetValueEx	function	Windows CE	this-api	Windows CE supports only the Unicode version of this function.		corpus/chm/windows-ce-5.0/wceactsync5/html/wce50lrfCeRegSetValueExRAPI.html	wce50lrfCeRegSetValueExRAPI	chm/windows-ce-5.0/wceactsync5/html	ms-media-copyright
ceregsetvalueex	CeRegSetValueEx	function	Windows CE	this-api	Windows CE supports only the Unicode version of this function.		corpus/learn/windows-ce-5.0/aa513400(v=msdn.10).html	aa513400(v=msdn.10)	learn/windows-ce-5.0	learn-tou
ceregsetvalueex	CeRegSetValueEx	function	Windows CE	this-api	Windows CE supports only the Unicode version of this function.		corpus/msdn-library/wcedevcon-99/wcesdkr/kf_ac_84.html	kf_ac_84	msdn-library/wcedevcon-99/wcesdkr	msdn-library-copyright
charlower	CharLower	function	Windows CE	this-api	Windows CE supports only the Unicode version of this function.	CharLowerA	corpus/chm/windows-ce-3.0/_wcesdk_win32_CharLower.html	_wcesdk_win32_CharLower	chm/windows-ce-3.0	ce30-internal-reference
charlower	CharLower	function	Windows CE	this-api	Windows CE supports only the Unicode version of this function.	CharLowerA	corpus/chm/windows-ce-5.0/wcecore5/html/wce50lrfCharLower.html	wce50lrfCharLower	chm/windows-ce-5.0/wcecore5/html	ms-media-copyright
charlower	CharLower	function	Windows CE	this-api	Windows CE supports only the Unicode version of this function.	CharLowerA	corpus/learn/windows-ce-5.0/ms885159(v=msdn.10).html	ms885159(v=msdn.10)	learn/windows-ce-5.0	learn-tou
charlower	CharLower	function	Windows Embedded CE	this-api	Windows Embedded CE supports only the Unicode version of this function.	CharLowerA	corpus/learn/windows-embedded-ce-6.0/ee488761(v=winembedded.60).html	ee488761(v=winembedded.60)	learn/windows-embedded-ce-6.0	learn-tou
charlower	CharLower	function	Windows CE	this-api	Windows CE supports only the Unicode version of this function.	CharLowerA	corpus/msdn-library/wcedevcon-99/wcesdkr/kf_c.html	kf_c	msdn-library/wcedevcon-99/wcesdkr	msdn-library-copyright
charlowerbuff	CharLowerBuff	function	Windows CE	this-api	Windows CE supports only the Unicode version of this function.	CharLowerBuffA	corpus/chm/windows-ce-3.0/_wcesdk_win32_CharLowerBuff.html	_wcesdk_win32_CharLowerBuff	chm/windows-ce-3.0	ce30-internal-reference
charlowerbuff	CharLowerBuff	function	Windows CE	this-api	Windows CE supports only the Unicode version of this function.	CharLowerBuffA	corpus/chm/windows-ce-5.0/wcecore5/html/wce50lrfCharLowerBuff.html	wce50lrfCharLowerBuff	chm/windows-ce-5.0/wcecore5/html	ms-media-copyright
charlowerbuff	CharLowerBuff	function	Windows CE	this-api	Windows CE supports only the Unicode version of this function.	CharLowerBuffA	corpus/learn/windows-ce-5.0/ms885160(v=msdn.10).html	ms885160(v=msdn.10)	learn/windows-ce-5.0	learn-tou
charlowerbuff	CharLowerBuff	function	Windows Embedded CE	this-api	Windows Embedded CE supports only the Unicode version of this function.	CharLowerBuffA	corpus/learn/windows-embedded-ce-6.0/ee488766(v=winembedded.60).html	ee488766(v=winembedded.60)	learn/windows-embedded-ce-6.0	learn-tou
charlowerbuff	CharLowerBuff	function	Windows CE	this-api	Windows CE supports only the Unicode version of this function.	CharLowerBuffA	corpus/msdn-library/wcedevcon-99/wcesdkr/kf_c_1.html	kf_c_1	msdn-library/wcedevcon-99/wcesdkr	msdn-library-copyright
charlowerbuff	CharLowerBuff	function	Windows CE	this-api	Windows CE Notes Supports only the Unicode version of this function.	CharLowerBuffA	corpus/mvb/windows-ce-1.0/PEGSDK/AB5C.html	AB5C	mvb/windows-ce-1.0/PEGSDK	ms-media-copyright
charupper	CharUpper	function	Windows CE	this-api	Windows CE supports only the Unicode version of this function.	CharUpperA	corpus/chm/windows-ce-3.0/_wcesdk_Win32_CharUpper.html	_wcesdk_Win32_CharUpper	chm/windows-ce-3.0	ce30-internal-reference
charupper	CharUpper	function	Windows CE	this-api	Windows CE supports only the Unicode version of this function.	CharUpperA	corpus/chm/windows-ce-5.0/wcecore5/html/wce50lrfCharUpper.html	wce50lrfCharUpper	chm/windows-ce-5.0/wcecore5/html	ms-media-copyright
charupper	CharUpper	function	Windows CE	this-api	Windows CE supports only the Unicode version of this function.	CharUpperA	corpus/learn/windows-ce-5.0/ms885164(v=msdn.10).html	ms885164(v=msdn.10)	learn/windows-ce-5.0	learn-tou
charupper	CharUpper	function	Windows Embedded CE	this-api	Windows Embedded CE supports only the Unicode version of this function.	CharUpperA	corpus/learn/windows-embedded-ce-6.0/ee488230(v=winembedded.60).html	ee488230(v=winembedded.60)	learn/windows-embedded-ce-6.0	learn-tou
charupper	CharUpper	function	Windows CE	this-api	Windows CE supports only the Unicode version of this function.	CharUpperA	corpus/msdn-library/wcedevcon-99/wcesdkr/kf_c_4.html	kf_c_4	msdn-library/wcedevcon-99/wcesdkr	msdn-library-copyright
charupperbuff	CharUpperBuff	function	Windows CE	this-api	Windows CE supports only the Unicode version of this function.	CharUpperBuffA	corpus/chm/windows-ce-3.0/_wcesdk_Win32_CharUpperBuff.html	_wcesdk_Win32_CharUpperBuff	chm/windows-ce-3.0	ce30-internal-reference
charupperbuff	CharUpperBuff	function	Windows CE	this-api	Windows CE supports only the Unicode version of this function.	CharUpperBuffA	corpus/chm/windows-ce-5.0/wcecore5/html/wce50lrfCharUpperBuff.html	wce50lrfCharUpperBuff	chm/windows-ce-5.0/wcecore5/html	ms-media-copyright
charupperbuff	CharUpperBuff	function	Windows CE	this-api	Windows CE supports only the Unicode version of this function.	CharUpperBuffA	corpus/learn/windows-ce-5.0/ms885165(v=msdn.10).html	ms885165(v=msdn.10)	learn/windows-ce-5.0	learn-tou
charupperbuff	CharUpperBuff	function	Windows Embedded CE	this-api	Windows Embedded CE supports only the Unicode version of this function.	CharUpperBuffA	corpus/learn/windows-embedded-ce-6.0/ee488447(v=winembedded.60).html	ee488447(v=winembedded.60)	learn/windows-embedded-ce-6.0	learn-tou
charupperbuff	CharUpperBuff	function	Windows CE	this-api	Windows CE supports only the Unicode version of this function.	CharUpperBuffA	corpus/msdn-library/wcedevcon-99/wcesdkr/kf_c_5.html	kf_c_5	msdn-library/wcedevcon-99/wcesdkr	msdn-library-copyright
charupperbuff	CharUpperBuff	function	Windows CE	this-api	Windows CE Notes Supports only the Unicode version of this function.	CharUpperBuffA	corpus/mvb/windows-ce-1.0/PEGSDK/AB9C.html	AB9C	mvb/windows-ce-1.0/PEGSDK	ms-media-copyright
directinputcreate	DirectInputCreate	function	Windows CE	this-api	Windows CE supports only the Unicode version of this function.		corpus/chm/windows-ce-3.0/_wcesdk_com_DirectInputCreate.html	_wcesdk_com_DirectInputCreate	chm/windows-ce-3.0	ce30-internal-reference
directinputcreate	DirectInputCreate	function	Windows CE	this-api	Microsoft Windows CE supports only the Unicode version of this function.		corpus/chm/windows-ce-5.0/wcedcom5/html/wce50lrfDirectInputCreate.html	wce50lrfDirectInputCreate	chm/windows-ce-5.0/wcedcom5/html	ms-media-copyright
directinputcreate	DirectInputCreate	function	Windows CE	this-api	Microsoft Windows CE .NET supports only the Unicode version of this function.		corpus/learn/windows-ce-net-4x/ms886964(v=msdn.10).html	ms886964(v=msdn.10)	learn/windows-ce-net-4x	learn-tou
dnsmodifyrecordsinset_w	DnsModifyRecordsInSet_W	function	Windows CE	system	Windows CE supports only the Unicode encoding, as indicated by the *_W suffix.		corpus/chm/windows-ce-5.0/wcetcpip5/html/wce50lrfDnsModifyRecordsInSet_W.html	wce50lrfDnsModifyRecordsInSet_W	chm/windows-ce-5.0/wcetcpip5/html	ms-media-copyright
dnsmodifyrecordsinset_w	DnsModifyRecordsInSet_W	function	Windows CE	system	Windows CE supports only the Unicode encoding, as indicated by the *_W suffix.		corpus/learn/windows-ce-5.0/aa450335(v=msdn.10).html	aa450335(v=msdn.10)	learn/windows-ce-5.0	learn-tou
dnsmodifyrecordsinset_w	DnsModifyRecordsInSet_W	function	Windows Embedded CE	system	Windows Embedded CE supports only the Unicode encoding, as indicated by the *_W suffix.		corpus/learn/windows-embedded-ce-6.0/ee493441(v=winembedded.60).html	ee493441(v=winembedded.60)	learn/windows-embedded-ce-6.0	learn-tou
enumcalendarinfoproc	EnumCalendarInfoProc	function	Windows CE	this-api	Windows CE supports only the Unicode version of this function.		corpus/chm/windows-ce-3.0/_wcesdk_Win32_EnumCalendarInfoProc.html	_wcesdk_Win32_EnumCalendarInfoProc	chm/windows-ce-3.0	ce30-internal-reference
enumcalendarinfoproc	EnumCalendarInfoProc	function	Windows CE	this-api	Windows CE supports only the Unicode version of this function.		corpus/chm/windows-ce-5.0/wcenls5/html/wce50lrfEnumCalendarInfoProc.html	wce50lrfEnumCalendarInfoProc	chm/windows-ce-5.0/wcenls5/html	ms-media-copyright
enumcalendarinfoproc	EnumCalendarInfoProc	function	Windows CE	this-api	Windows CE supports only the Unicode version of this function.		corpus/learn/windows-ce-5.0/ms904722(v=msdn.10).html	ms904722(v=msdn.10)	learn/windows-ce-5.0	learn-tou
enumcalendarinfoproc	EnumCalendarInfoProc	function	Windows CE	this-api	Windows CE supports only the Unicode version of this function.		corpus/learn/windows-ce-net-4x/ms919182(v=msdn.10).html	ms919182(v=msdn.10)	learn/windows-ce-net-4x	learn-tou
enumcalendarinfoproc	EnumCalendarInfoProc	function	Windows Embedded CE	this-api	Windows Embedded CE supports only the Unicode version of this function.		corpus/learn/windows-embedded-ce-6.0/ee491129(v=winembedded.60).html	ee491129(v=winembedded.60)	learn/windows-embedded-ce-6.0	learn-tou
enumcalendarinfoproc	EnumCalendarInfoProc	function	Windows CE	this-api	Windows CE supports only the Unicode version of this function.		corpus/msdn-library/wcedevcon-99/wcesdkr/kf_de_14.html	kf_de_14	msdn-library/wcedevcon-99/wcesdkr	msdn-library-copyright
enumdateformatsproc	EnumDateFormatsProc	function	Windows CE	this-api	Windows CE supports only the Unicode version of this function.		corpus/chm/windows-ce-3.0/_wcesdk_Win32_EnumDateFormatsProc.html	_wcesdk_Win32_EnumDateFormatsProc	chm/windows-ce-3.0	ce30-internal-reference
enumdateformatsproc	EnumDateFormatsProc	function	Windows CE	this-api	Windows CE supports only the Unicode version of this function.		corpus/chm/windows-ce-5.0/wcenls5/html/wce50lrfEnumDateFormatsProc.html	wce50lrfEnumDateFormatsProc	chm/windows-ce-5.0/wcenls5/html	ms-media-copyright
enumdateformatsproc	EnumDateFormatsProc	function	Windows CE	this-api	Windows CE supports only the Unicode version of this function.		corpus/learn/windows-ce-5.0/ms904740(v=msdn.10).html	ms904740(v=msdn.10)	learn/windows-ce-5.0	learn-tou
enumdateformatsproc	EnumDateFormatsProc	function	Windows CE	this-api	Windows CE supports only the Unicode version of this function.		corpus/learn/windows-ce-net-4x/ms919208(v=msdn.10).html	ms919208(v=msdn.10)	learn/windows-ce-net-4x	learn-tou
enumdateformatsproc	EnumDateFormatsProc	function	Windows Embedded CE	this-api	Windows Embedded CE supports only the Unicode version of this function.		corpus/learn/windows-embedded-ce-6.0/ee491531(v=winembedded.60).html	ee491531(v=winembedded.60)	learn/windows-embedded-ce-6.0	learn-tou
enumdateformatsproc	EnumDateFormatsProc	function	Windows CE	this-api	Windows CE supports only the Unicode version of this function.		corpus/msdn-library/wcedevcon-99/wcesdkr/kf_de_17.html	kf_de_17	msdn-library/wcedevcon-99/wcesdkr	msdn-library-copyright
enumlocalesproc	EnumLocalesProc	function	Windows CE	this-api	Windows CE supports only the Unicode version of this function.		corpus/chm/windows-ce-3.0/_wcesdk_Win32_EnumLocalesProc.html	_wcesdk_Win32_EnumLocalesProc	chm/windows-ce-3.0	ce30-internal-reference
enumlocalesproc	EnumLocalesProc	function	Windows CE	this-api	Windows CE supports only the Unicode version of this function.		corpus/chm/windows-ce-5.0/wcenls5/html/wce50lrfEnumLocalesProc.html	wce50lrfEnumLocalesProc	chm/windows-ce-5.0/wcenls5/html	ms-media-copyright
enumlocalesproc	EnumLocalesProc	function	Windows CE	this-api	Windows CE supports only the Unicode version of this function.		corpus/learn/windows-ce-5.0/ms904848(v=msdn.10).html	ms904848(v=msdn.10)	learn/windows-ce-5.0	learn-tou
enumlocalesproc	EnumLocalesProc	function	Windows CE	this-api	Windows CE supports only the Unicode version of this function.		corpus/learn/windows-ce-net-4x/ms919215(v=msdn.10).html	ms919215(v=msdn.10)	learn/windows-ce-net-4x	learn-tou
enumlocalesproc	EnumLocalesProc	function	Windows Embedded CE	this-api	Windows Embedded CE supports only the Unicode version of this function.		corpus/learn/windows-embedded-ce-6.0/ee491185(v=winembedded.60).html	ee491185(v=winembedded.60)	learn/windows-embedded-ce-6.0	learn-tou
enumlocalesproc	EnumLocalesProc	function	Windows CE	this-api	Windows CE supports only the Unicode version of this function.		corpus/msdn-library/wcedevcon-99/wcesdkr/kf_de_20.html	kf_de_20	msdn-library/wcedevcon-99/wcesdkr	msdn-library-copyright
enumtimeformatsproc	EnumTimeFormatsProc	function	Windows CE	this-api	Windows CE supports only the Unicode version of this function.		corpus/chm/windows-ce-3.0/_wcesdk_Win32_EnumTimeFormatsProc.html	_wcesdk_Win32_EnumTimeFormatsProc	chm/windows-ce-3.0	ce30-internal-reference
enumtimeformatsproc	EnumTimeFormatsProc	function	Windows CE	this-api	Windows CE supports only the Unicode version of this function.		corpus/chm/windows-ce-5.0/wcenls5/html/wce50lrfEnumTimeFormatsProc.html	wce50lrfEnumTimeFormatsProc	chm/windows-ce-5.0/wcenls5/html	ms-media-copyright
enumtimeformatsproc	EnumTimeFormatsProc	function	Windows CE	this-api	Windows CE supports only the Unicode version of this function.		corpus/learn/windows-ce-5.0/ms905083(v=msdn.10).html	ms905083(v=msdn.10)	learn/windows-ce-5.0	learn-tou
enumtimeformatsproc	EnumTimeFormatsProc	function	Windows CE	this-api	Windows CE supports only the Unicode version of this function.		corpus/learn/windows-ce-net-4x/ms919251(v=msdn.10).html	ms919251(v=msdn.10)	learn/windows-ce-net-4x	learn-tou
enumtimeformatsproc	EnumTimeFormatsProc	function	Windows Embedded CE	this-api	Windows Embedded CE supports only the Unicode version of this function.		corpus/learn/windows-embedded-ce-6.0/ee491148(v=winembedded.60).html	ee491148(v=winembedded.60)	learn/windows-embedded-ce-6.0	learn-tou
enumtimeformatsproc	EnumTimeFormatsProc	function	Windows CE	this-api	Windows CE supports only the Unicode version of this function.		corpus/msdn-library/wcedevcon-99/wcesdkr/kf_de_24.html	kf_de_24	msdn-library/wcedevcon-99/wcesdkr	msdn-library-copyright
getcommandline	GetCommandLine	function	Windows CE	this-api	Windows CE supports only the Unicode version of this function.	GetCommandLineA	corpus/chm/windows-ce-3.0/wcesdkrGetCommandLine.html	wcesdkrGetCommandLine	chm/windows-ce-3.0	ce30-internal-reference
getcommandline	GetCommandLine	function	Windows CE	this-api	Windows CE supports only the Unicode version of this function.	GetCommandLineA	corpus/chm/windows-ce-5.0/wcecore5/html/wce50lrfGetCommandLine.html	wce50lrfGetCommandLine	chm/windows-ce-5.0/wcecore5/html	ms-media-copyright
getcommandline	GetCommandLine	function	Windows CE	this-api	Windows CE supports only the Unicode version of this function.	GetCommandLineA	corpus/learn/windows-ce-5.0/ms885605(v=msdn.10).html	ms885605(v=msdn.10)	learn/windows-ce-5.0	learn-tou
getcommandline	GetCommandLine	function	Windows Embedded CE	this-api	Windows Embedded CE supports only the Unicode version of this function.	GetCommandLineA	corpus/learn/windows-embedded-ce-6.0/ee488561(v=winembedded.60).html	ee488561(v=winembedded.60)	learn/windows-embedded-ce-6.0	learn-tou
getstringtypeex	GetStringTypeEx	function	Windows CE	this-api	Windows CE supports only the Unicode version of GetStringTypeEx, which ignores the Locale parameter.		corpus/chm/windows-ce-3.0/_wcesdk_win32_GetStringTypeEx.html	_wcesdk_win32_GetStringTypeEx	chm/windows-ce-3.0	ce30-internal-reference
getstringtypeex	GetStringTypeEx	function	Windows CE	this-api	Windows CE supports only the Unicode version of GetStringTypeEx, which ignores the Locale parameter.		corpus/chm/windows-ce-5.0/wcenls5/html/wce50lrfGetStringTypeEx.html	wce50lrfGetStringTypeEx	chm/windows-ce-5.0/wcenls5/html	ms-media-copyright
getstringtypeex	GetStringTypeEx	function	Windows CE	this-api	Windows CE supports only the Unicode version of GetStringTypeEx, which ignores the Locale parameter.		corpus/learn/windows-ce-5.0/ms905283(v=msdn.10).html	ms905283(v=msdn.10)	learn/windows-ce-5.0	learn-tou
getstringtypeex	GetStringTypeEx	function	Windows CE	this-api	Windows CE supports only the Unicode version of GetStringTypeEx, which ignores the Locale parameter.		corpus/learn/windows-ce-net-4x/ms919331(v=msdn.10).html	ms919331(v=msdn.10)	learn/windows-ce-net-4x	learn-tou
getstringtypeex	GetStringTypeEx	function	Windows Embedded CE	this-api	Windows Embedded CE supports only the Unicode version of GetStringTypeEx, which ignores the Locale parameter.		corpus/learn/windows-embedded-ce-6.0/ee491630(v=winembedded.60).html	ee491630(v=winembedded.60)	learn/windows-embedded-ce-6.0	learn-tou
getstringtypeex	GetStringTypeEx	function	Windows CE	this-api	Windows CE supports only the Unicode version of GetStringTypeEx, which ignores the Locale parameter.		corpus/msdn-library/wcedevcon-99/wcesdkr/kf_g_32.html	kf_g_32	msdn-library/wcedevcon-99/wcesdkr	msdn-library-copyright
ischaralpha	IsCharAlpha	function	Windows CE	this-api	Windows CE supports only the Unicode version of this function.	IsCharAlphaA	corpus/chm/windows-ce-3.0/_wcesdk_IsCharAlpha.html	_wcesdk_IsCharAlpha	chm/windows-ce-3.0	ce30-internal-reference
ischaralpha	IsCharAlpha	function	Windows CE	this-api	Windows CE supports only the Unicode version of this function.	IsCharAlphaA	corpus/chm/windows-ce-5.0/wcecore5/html/wce50lrfIsCharAlpha.html	wce50lrfIsCharAlpha	chm/windows-ce-5.0/wcecore5/html	ms-media-copyright
ischaralpha	IsCharAlpha	function	Windows CE	this-api	Windows CE supports only the Unicode version of this function.	IsCharAlphaA	corpus/learn/windows-ce-5.0/ms885690(v=msdn.10).html	ms885690(v=msdn.10)	learn/windows-ce-5.0	learn-tou
ischaralpha	IsCharAlpha	function	Windows Embedded CE	this-api	Windows Embedded CE supports only the Unicode version of this function.	IsCharAlphaA	corpus/learn/windows-embedded-ce-6.0/ee488793(v=winembedded.60).html	ee488793(v=winembedded.60)	learn/windows-embedded-ce-6.0	learn-tou
ischaralpha	IsCharAlpha	function	Windows CE	this-api	Windows CE supports only the Unicode version of this function.	IsCharAlphaA	corpus/msdn-library/wcedevcon-99/wcesdkr/kf_hi_20.html	kf_hi_20	msdn-library/wcedevcon-99/wcesdkr	msdn-library-copyright
ischaralpha	IsCharAlpha	function	Windows CE	this-api	Windows CE Notes Supports only the Unicode version of this function.	IsCharAlphaA	corpus/mvb/windows-ce-1.0/PEGSDK/AB203I.html	AB203I	mvb/windows-ce-1.0/PEGSDK	ms-media-copyright
ischaralphanumeric	IsCharAlphaNumeric	function	Windows CE	this-api	Windows CE supports only the Unicode version of this function.	IsCharAlphaNumericA	corpus/chm/windows-ce-3.0/_wcesdk_IsCharAlphaNumeric.html	_wcesdk_IsCharAlphaNumeric	chm/windows-ce-3.0	ce30-internal-reference
ischaralphanumeric	IsCharAlphaNumeric	function	Windows CE	this-api	Windows CE supports only the Unicode version of this function.	IsCharAlphaNumericA	corpus/chm/windows-ce-5.0/wcecore5/html/wce50lrfIsCharAlphaNumeric.html	wce50lrfIsCharAlphaNumeric	chm/windows-ce-5.0/wcecore5/html	ms-media-copyright
ischaralphanumeric	IsCharAlphaNumeric	function	Windows CE	this-api	Windows CE supports only the Unicode version of this function.	IsCharAlphaNumericA	corpus/learn/windows-ce-5.0/ms885691(v=msdn.10).html	ms885691(v=msdn.10)	learn/windows-ce-5.0	learn-tou
ischaralphanumeric	IsCharAlphaNumeric	function	Windows Embedded CE	this-api	Windows Embedded CE supports only the Unicode version of this function.	IsCharAlphaNumericA	corpus/learn/windows-embedded-ce-6.0/ee487949(v=winembedded.60).html	ee487949(v=winembedded.60)	learn/windows-embedded-ce-6.0	learn-tou
ischaralphanumeric	IsCharAlphaNumeric	function	Windows CE	this-api	Windows CE supports only the Unicode version of this function.	IsCharAlphaNumericA	corpus/msdn-library/wcedevcon-99/wcesdkr/kf_hi_21.html	kf_hi_21	msdn-library/wcedevcon-99/wcesdkr	msdn-library-copyright
ischaralphanumeric	IsCharAlphaNumeric	function	Windows CE	this-api	Windows CE Notes Supports only the Unicode version of this function.	IsCharAlphaNumericA	corpus/mvb/windows-ce-1.0/PEGSDK/AB207I.html	AB207I	mvb/windows-ce-1.0/PEGSDK	ms-media-copyright
ischarlower	IsCharLower	function	Windows CE	this-api	Windows CE supports only the Unicode version of this function.	IsCharLowerA	corpus/chm/windows-ce-3.0/_wcesdk_Win32_IsCharLower.html	_wcesdk_Win32_IsCharLower	chm/windows-ce-3.0	ce30-internal-reference
ischarlower	IsCharLower	function	Windows CE	this-api	Windows CE supports only the Unicode version of this function.	IsCharLowerA	corpus/chm/windows-ce-5.0/wcecore5/html/wce50lrfIsCharLower.html	wce50lrfIsCharLower	chm/windows-ce-5.0/wcecore5/html	ms-media-copyright
ischarlower	IsCharLower	function	Windows CE	this-api	Windows CE supports only the Unicode version of this function.	IsCharLowerA	corpus/learn/windows-ce-5.0/ms885692(v=msdn.10).html	ms885692(v=msdn.10)	learn/windows-ce-5.0	learn-tou
ischarlower	IsCharLower	function	Windows Embedded CE	this-api	Windows Embedded CE supports only the Unicode version of this function.	IsCharLowerA	corpus/learn/windows-embedded-ce-6.0/ee487984(v=winembedded.60).html	ee487984(v=winembedded.60)	learn/windows-embedded-ce-6.0	learn-tou
ischarlower	IsCharLower	function	Windows CE	this-api	Windows CE supports only the Unicode version of this function.	IsCharLowerA	corpus/msdn-library/wcedevcon-99/wcesdkr/kf_hi_22.html	kf_hi_22	msdn-library/wcedevcon-99/wcesdkr	msdn-library-copyright
ischarlower	IsCharLower	function	Windows CE	this-api	Windows CE Notes Supports only the Unicode version of this function.	IsCharLowerA	corpus/mvb/windows-ce-1.0/PEGSDK/AB211I.html	AB211I	mvb/windows-ce-1.0/PEGSDK	ms-media-copyright
ischarupper	IsCharUpper	function	Windows CE	this-api	Windows CE supports only the Unicode version of this function.	IsCharUpperA	corpus/chm/windows-ce-3.0/_wcesdk_Win32_IsCharUpper.html	_wcesdk_Win32_IsCharUpper	chm/windows-ce-3.0	ce30-internal-reference
ischarupper	IsCharUpper	function	Windows CE	this-api	Windows CE supports only the Unicode version of this function.	IsCharUpperA	corpus/chm/windows-ce-5.0/wcecore5/html/wce50lrfIsCharUpper.html	wce50lrfIsCharUpper	chm/windows-ce-5.0/wcecore5/html	ms-media-copyright
ischarupper	IsCharUpper	function	Windows CE	this-api	Windows CE supports only the Unicode version of this function.	IsCharUpperA	corpus/learn/windows-ce-5.0/ms885693(v=msdn.10).html	ms885693(v=msdn.10)	learn/windows-ce-5.0	learn-tou
ischarupper	IsCharUpper	function	Windows Embedded CE	this-api	Windows Embedded CE supports only the Unicode version of this function.	IsCharUpperA	corpus/learn/windows-embedded-ce-6.0/ee488199(v=winembedded.60).html	ee488199(v=winembedded.60)	learn/windows-embedded-ce-6.0	learn-tou
ischarupper	IsCharUpper	function	Windows CE	this-api	Windows CE supports only the Unicode version of this function.	IsCharUpperA	corpus/msdn-library/wcedevcon-99/wcesdkr/kf_hi_23.html	kf_hi_23	msdn-library/wcedevcon-99/wcesdkr	msdn-library-copyright
ischarupper	IsCharUpper	function	Windows CE	this-api	Windows CE Notes Supports only the Unicode version of this function.	IsCharUpperA	corpus/mvb/windows-ce-1.0/PEGSDK/AB215I.html	AB215I	mvb/windows-ce-1.0/PEGSDK	ms-media-copyright
lcmapstring	LCMapString	function	Windows CE	this-api	Even though Windows CE supports only the Unicode version of this function, the output string is only in WCHAR or CHAR format if the string mapping mode of LCMapString is used.	LCMapStringA	corpus/chm/windows-ce-3.0/_wcesdk_Win32_LCMapString.html	_wcesdk_Win32_LCMapString	chm/windows-ce-3.0	ce30-internal-reference
lcmapstring	LCMapString	function	Windows CE	this-api	Even though Windows CE supports only the Unicode version of this function, the output string is only in WCHAR or CHAR format if the string-mapping mode of LCMapString is used.	LCMapStringA	corpus/chm/windows-ce-5.0/wcenls5/html/wce50lrfLCMapString.html	wce50lrfLCMapString	chm/windows-ce-5.0/wcenls5/html	ms-media-copyright
lcmapstring	LCMapString	function	Windows CE	this-api	Even though Windows CE supports only the Unicode version of this function, the output string is only in WCHAR or CHAR format if the string-mapping mode of LCMapString is used.	LCMapStringA	corpus/learn/windows-ce-5.0/ms906221(v=msdn.10).html	ms906221(v=msdn.10)	learn/windows-ce-5.0	learn-tou
lcmapstring	LCMapString	function	Windows CE	this-api	Even though Windows CE supports only the Unicode version of this function, the output string is only in WCHAR or CHAR format if the string-mapping mode of LCMapString is used.	LCMapStringA	corpus/learn/windows-ce-net-4x/ms921462(v=msdn.10).html	ms921462(v=msdn.10)	learn/windows-ce-net-4x	learn-tou
lcmapstring	LCMapString	function	Windows Embedded CE	this-api	Even though Windows Embedded CE supports only the Unicode version of this function, the output string is only in WCHAR or CHAR format if the string-mapping mode of LCMapString is used.	LCMapStringA	corpus/learn/windows-embedded-ce-6.0/ee491201(v=winembedded.60).html	ee491201(v=winembedded.60)	learn/windows-embedded-ce-6.0	learn-tou
lcmapstring	LCMapString	function	Windows CE	this-api	Even though Windows CE supports only the Unicode version of this function, the output string is only in WCHAR or CHAR format if the string mapping mode of LCMapString is used.	LCMapStringA	corpus/msdn-library/wcedevcon-99/wcesdkr/kf_jl.html	kf_jl	msdn-library/wcedevcon-99/wcesdkr	msdn-library-copyright
outputdebugstring	OutputDebugString	function	Windows CE	this-api	Windows CE supports only the Unicode version of this function.	OutputDebugStringA	corpus/chm/windows-ce-3.0/wcesdkrOutputDebugString.html	wcesdkrOutputDebugString	chm/windows-ce-3.0	ce30-internal-reference
outputdebugstring	OutputDebugString	function	Windows CE	this-api	Windows CE supports only the Unicode version of this function.	OutputDebugStringA	corpus/chm/windows-ce-5.0/wcecore5/html/wce50lrfOutputDebugString.html	wce50lrfOutputDebugString	chm/windows-ce-5.0/wcecore5/html	ms-media-copyright
outputdebugstring	OutputDebugString	function	Windows CE	this-api	Windows CE supports only the Unicode version of this function.	OutputDebugStringA	corpus/learn/windows-ce-5.0/ms886769(v=msdn.10).html	ms886769(v=msdn.10)	learn/windows-ce-5.0	learn-tou
outputdebugstring	OutputDebugString	function	Windows Embedded CE	this-api	Windows Embedded CE supports only the Unicode version of this function.	OutputDebugStringA	corpus/learn/windows-embedded-ce-6.0/ee488209(v=winembedded.60).html	ee488209(v=winembedded.60)	learn/windows-embedded-ce-6.0	learn-tou
outputdebugstring	OutputDebugString	function	Windows CE	this-api	Windows CE supports only the Unicode version of this function.	OutputDebugStringA	corpus/msdn-library/wcedevcon-99/wcesdkr/kf_oq_10.html	kf_oq_10	msdn-library/wcedevcon-99/wcesdkr	msdn-library-copyright
outputdebugstring	OutputDebugString	function	Windows CE	this-api	Windows CE Notes Supports only the Unicode version of this function.	OutputDebugStringA	corpus/mvb/windows-ce-1.0/PEGSDK/AB22L.html	AB22L	mvb/windows-ce-1.0/PEGSDK	ms-media-copyright
registerclipboardformat	RegisterClipboardFormat	function	Windows CE	this-api	Windows CE supports only the Unicode version of RegisterClipboardFormat.	RegisterClipboardFormatA	corpus/chm/windows-ce-3.0/_wcesdk_Win32_RegisterClipboardFormat.html	_wcesdk_Win32_RegisterClipboardFormat	chm/windows-ce-3.0	ce30-internal-reference
registerclipboardformat	RegisterClipboardFormat	function	Windows CE	this-api	Windows CE supports only the Unicode version of RegisterClipboardFormat.	RegisterClipboardFormatA	corpus/chm/windows-ce-5.0/wceui5/html/wce50lrfRegisterClipboardFormat.html	wce50lrfRegisterClipboardFormat	chm/windows-ce-5.0/wceui5/html	ms-media-copyright
registerclipboardformat	RegisterClipboardFormat	function	Windows CE	this-api	Windows CE supports only the Unicode version of RegisterClipboardFormat.	RegisterClipboardFormatA	corpus/learn/windows-ce-5.0/ms913094(v=msdn.10).html	ms913094(v=msdn.10)	learn/windows-ce-5.0	learn-tou
registerclipboardformat	RegisterClipboardFormat	function	Windows Embedded CE	this-api	Windows Embedded CE supports only the Unicode version of RegisterClipboardFormat.	RegisterClipboardFormatA	corpus/learn/windows-embedded-ce-6.0/ee506040(v=winembedded.60).html	ee506040(v=winembedded.60)	learn/windows-embedded-ce-6.0	learn-tou
registerclipboardformat	RegisterClipboardFormat	function	Windows CE	this-api	Windows CE supports only the Unicode version of RegisterClipboardFormat.	RegisterClipboardFormatA	corpus/msdn-library/wcedevcon-99/wcesdkr/uif_pr_23.html	uif_pr_23	msdn-library/wcedevcon-99/wcesdkr	msdn-library-copyright
registerclipboardformat	RegisterClipboardFormat	function	Windows CE	this-api	Windows CE Notes Supports only the Unicode version of RegisterClipboardFormat.	RegisterClipboardFormatA	corpus/mvb/windows-ce-1.0/PEGSDK/AB117M.html	AB117M	mvb/windows-ce-1.0/PEGSDK	ms-media-copyright
regqueryvalueex	RegQueryValueEx	function	Windows CE	this-api	Windows CE supports only the Unicode version of this function.	RegQueryValueExA	corpus/chm/windows-ce-3.0/_wcesdk_Win32_RegQueryValueEx.html	_wcesdk_Win32_RegQueryValueEx	chm/windows-ce-3.0	ce30-internal-reference
regqueryvalueex	RegQueryValueEx	function	Windows CE	this-api	Windows CE supports only the Unicode version of this function.	RegQueryValueExA	corpus/msdn-library/wcedevcon-99/wcesdkr/kf_r_18.html	kf_r_18	msdn-library/wcedevcon-99/wcesdkr	msdn-library-copyright
regsetvalueex	RegSetValueEx	function	Windows CE	this-api	Windows CE supports only the Unicode version of this function.	RegSetValueExA	corpus/chm/windows-ce-3.0/_wcesdk_Win32_RegSetValueEx.html	_wcesdk_Win32_RegSetValueEx	chm/windows-ce-3.0	ce30-internal-reference
regsetvalueex	RegSetValueEx	function	Windows CE	this-api	Windows CE supports only the Unicode version of this function.	RegSetValueExA	corpus/chm/windows-ce-5.0/wceregistry5/html/wce50lrfRegSetValueEx.html	wce50lrfRegSetValueEx	chm/windows-ce-5.0/wceregistry5/html	ms-media-copyright
regsetvalueex	RegSetValueEx	function	Windows CE	this-api	Windows CE supports only the Unicode version of this function.	RegSetValueExA	corpus/learn/windows-ce-5.0/ms891469(v=msdn.10).html	ms891469(v=msdn.10)	learn/windows-ce-5.0	learn-tou
regsetvalueex	RegSetValueEx	function	Windows Embedded CE	this-api	Windows Embedded CE supports only the Unicode version of this function.	RegSetValueExA	corpus/learn/windows-embedded-ce-6.0/ee490645(v=winembedded.60).html	ee490645(v=winembedded.60)	learn/windows-embedded-ce-6.0	learn-tou
regsetvalueex	RegSetValueEx	function	Windows CE	this-api	Windows CE supports only the Unicode version of this function.	RegSetValueExA	corpus/msdn-library/wcedevcon-99/wcesdkr/kf_r_19.html	kf_r_19	msdn-library/wcedevcon-99/wcesdkr	msdn-library-copyright
sysallocstring	SysAllocString	function	Windows CE	system	Windows CE supports only Unicode strings.		corpus/chm/windows-ce-3.0/_wcesdk_oa96_SysAllocString.html	_wcesdk_oa96_SysAllocString	chm/windows-ce-3.0	ce30-internal-reference
sysallocstring	SysAllocString	function	Windows CE	system	Windows CE supports only Unicode strings.		corpus/chm/windows-ce-5.0/wcedcom5/html/wce50lrfSysAllocString.html	wce50lrfSysAllocString	chm/windows-ce-5.0/wcedcom5/html	ms-media-copyright
sysallocstring	SysAllocString	function	Windows CE	system	Windows CE supports only Unicode strings.		corpus/learn/windows-ce-5.0/ms896470(v=msdn.10).html	ms896470(v=msdn.10)	learn/windows-ce-5.0	learn-tou
sysallocstring	SysAllocString	function	Windows CE	system	Windows CE supports only Unicode strings.		corpus/learn/windows-ce-net-4x/ms891285(v=msdn.10).html	ms891285(v=msdn.10)	learn/windows-ce-net-4x	learn-tou
sysallocstring	SysAllocString	function	Windows CE	system	Windows CE supports only Unicode strings.		corpus/msdn-library/wcedevcon-99/wcesdkr/kf_s_73.html	kf_s_73	msdn-library/wcedevcon-99/wcesdkr	msdn-library-copyright
sysallocstringlen	SysAllocStringLen	function	Windows CE	system	Windows CE supports only Unicode strings.		corpus/chm/windows-ce-3.0/_wcesdk_oa96_SysAllocStringLen.html	_wcesdk_oa96_SysAllocStringLen	chm/windows-ce-3.0	ce30-internal-reference
sysallocstringlen	SysAllocStringLen	function	Windows CE	system	Windows CE supports only Unicode strings.		corpus/chm/windows-ce-5.0/wcedcom5/html/wce50lrfSysAllocStringLen.html	wce50lrfSysAllocStringLen	chm/windows-ce-5.0/wcedcom5/html	ms-media-copyright
sysallocstringlen	SysAllocStringLen	function	Windows CE	system	Windows CE supports only Unicode strings.		corpus/learn/windows-ce-5.0/ms896472(v=msdn.10).html	ms896472(v=msdn.10)	learn/windows-ce-5.0	learn-tou
sysallocstringlen	SysAllocStringLen	function	Windows CE	system	Windows CE supports only Unicode strings.		corpus/learn/windows-ce-net-4x/ms891287(v=msdn.10).html	ms891287(v=msdn.10)	learn/windows-ce-net-4x	learn-tou
sysallocstringlen	SysAllocStringLen	function	Windows CE	system	Windows CE supports only Unicode strings.		corpus/msdn-library/wcedevcon-99/wcesdkr/kf_s_75.html	kf_s_75	msdn-library/wcedevcon-99/wcesdkr	msdn-library-copyright
sysreallocstring	SysReAllocString	function	Windows CE	system	Windows CE supports only Unicode strings.		corpus/chm/windows-ce-3.0/_wcesdk_oa96_SysReAllocString.html	_wcesdk_oa96_SysReAllocString	chm/windows-ce-3.0	ce30-internal-reference
sysreallocstring	SysReAllocString	function	Windows CE	system	Windows CE supports only Unicode strings.		corpus/chm/windows-ce-5.0/wcedcom5/html/wce50lrfSysReAllocString.html	wce50lrfSysReAllocString	chm/windows-ce-5.0/wcedcom5/html	ms-media-copyright
sysreallocstring	SysReAllocString	function	Windows CE	system	Windows CE supports only Unicode strings.		corpus/learn/windows-ce-5.0/ms896475(v=msdn.10).html	ms896475(v=msdn.10)	learn/windows-ce-5.0	learn-tou
sysreallocstring	SysReAllocString	function	Windows CE	system	Windows CE supports only Unicode strings.		corpus/learn/windows-ce-net-4x/ms891290(v=msdn.10).html	ms891290(v=msdn.10)	learn/windows-ce-net-4x	learn-tou
sysreallocstring	SysReAllocString	function	Windows CE	system	Windows CE supports only Unicode strings.		corpus/msdn-library/wcedevcon-99/wcesdkr/kf_s_77.html	kf_s_77	msdn-library/wcedevcon-99/wcesdkr	msdn-library-copyright
sysreallocstringlen	SysReAllocStringLen	function	Windows CE	system	Windows CE supports only Unicode strings.		corpus/chm/windows-ce-3.0/_wcesdk_oa96_SysReAllocStringLen.html	_wcesdk_oa96_SysReAllocStringLen	chm/windows-ce-3.0	ce30-internal-reference
sysreallocstringlen	SysReAllocStringLen	function	Windows CE	system	Windows CE supports only Unicode strings.		corpus/chm/windows-ce-5.0/wcedcom5/html/wce50lrfSysReAllocStringLen.html	wce50lrfSysReAllocStringLen	chm/windows-ce-5.0/wcedcom5/html	ms-media-copyright
sysreallocstringlen	SysReAllocStringLen	function	Windows CE	system	Windows CE supports only Unicode strings.		corpus/learn/windows-ce-5.0/ms896476(v=msdn.10).html	ms896476(v=msdn.10)	learn/windows-ce-5.0	learn-tou
sysreallocstringlen	SysReAllocStringLen	function	Windows CE	system	Windows CE supports only Unicode strings.		corpus/learn/windows-ce-net-4x/ms891291(v=msdn.10).html	ms891291(v=msdn.10)	learn/windows-ce-net-4x	learn-tou
sysreallocstringlen	SysReAllocStringLen	function	Windows CE	system	Windows CE supports only Unicode strings.		corpus/msdn-library/wcedevcon-99/wcesdkr/kf_s_78.html	kf_s_78	msdn-library/wcedevcon-99/wcesdkr	msdn-library-copyright
sysstringlen	SysStringLen	function	Windows CE	system	Windows CE supports only Unicode strings.		corpus/chm/windows-ce-3.0/_wcesdk_oa96_SysStringLen.html	_wcesdk_oa96_SysStringLen	chm/windows-ce-3.0	ce30-internal-reference
sysstringlen	SysStringLen	function	Windows CE	system	Windows CE supports only Unicode strings.		corpus/chm/windows-ce-5.0/wcedcom5/html/wce50lrfSysStringLen.html	wce50lrfSysStringLen	chm/windows-ce-5.0/wcedcom5/html	ms-media-copyright
sysstringlen	SysStringLen	function	Windows CE	system	Windows CE supports only Unicode strings.		corpus/learn/windows-ce-5.0/ms896478(v=msdn.10).html	ms896478(v=msdn.10)	learn/windows-ce-5.0	learn-tou
sysstringlen	SysStringLen	function	Windows CE	system	Windows CE supports only Unicode strings.		corpus/learn/windows-ce-net-4x/ms891293(v=msdn.10).html	ms891293(v=msdn.10)	learn/windows-ce-net-4x	learn-tou
sysstringlen	SysStringLen	function	Windows CE	system	Windows CE supports only Unicode strings.		corpus/msdn-library/wcedevcon-99/wcesdkr/kf_s_80.html	kf_s_80	msdn-library/wcedevcon-99/wcesdkr	msdn-library-copyright
systemparametersinfo	SystemParametersInfo	function	Windows CE	this-api	Windows CE supports only the Unicode version of this function.	SystemParametersInfoA	corpus/chm/windows-ce-3.0/_wcesdk_Win32_SystemParametersInfo.html	_wcesdk_Win32_SystemParametersInfo	chm/windows-ce-3.0	ce30-internal-reference
systemparametersinfo	SystemParametersInfo	function	Windows CE	this-api	Windows CE supports only the Unicode version of this function.	SystemParametersInfoA	corpus/chm/windows-ce-5.0/wceui5/html/wce50lrfSystemParametersInfo.html	wce50lrfSystemParametersInfo	chm/windows-ce-5.0/wceui5/html	ms-media-copyright
systemparametersinfo	SystemParametersInfo	function	Windows CE	this-api	Windows CE supports only the Unicode version of this function.	SystemParametersInfoA	corpus/learn/windows-ce-5.0/ms940383(v=msdn.10).html	ms940383(v=msdn.10)	learn/windows-ce-5.0	learn-tou
systemparametersinfo	SystemParametersInfo	function	Windows Embedded CE	this-api	Windows Embedded CE supports only the Unicode version of this function.	SystemParametersInfoA	corpus/learn/windows-embedded-ce-6.0/ee499131(v=winembedded.60).html	ee499131(v=winembedded.60)	learn/windows-embedded-ce-6.0	learn-tou
systemparametersinfo	SystemParametersInfo	function	Windows CE	this-api	Windows CE supports only the Unicode version of this function.	SystemParametersInfoA	corpus/msdn-library/wcedevcon-99/wcesdkr/kf_s_82.html	kf_s_82	msdn-library/wcedevcon-99/wcesdkr	msdn-library-copyright
t	T		Windows CE	system	For Windows CE, which supports only Unicode, the macro forces the compiler to convert ASCII characters to Unicode characters.		corpus/msdn-library/datadungeon-2000-04/wcegloss/htm/gloss_20.content.htm	gloss_20.content	msdn-library/datadungeon-2000-04/wcegloss/htm	msdn-library-copyright
t	T		Windows CE	system	For Windows CE, which supports only Unicode, the macro forces the compiler to convert ANSI characters to Unicode characters.		corpus/msdn-library/techshelps/CEGUIDE/devdoc/good/wince/gloss_71v8.htm	gloss_71v8	msdn-library/techshelps/CEGUIDE/devdoc/good/wince	msdn-library-copyright
t	T		Windows CE	system	For Windows CE, which supports only Unicode, the macro forces the compiler to convert ASCII characters to Unicode characters.		corpus/msdn-library/wcedevcon-99/wcegloss/htm/gloss_18.html	gloss_18	msdn-library/wcedevcon-99/wcegloss/htm	msdn-library-copyright
t	T		Windows CE	system	For Windows CE, which supports only Unicode, the macro forces the compiler to convert ASCII characters to Unicode characters.		corpus/msdn-library/wcedevcon-99/wcesdkg/gloss_18.html	gloss_18	msdn-library/wcedevcon-99/wcesdkg	msdn-library-copyright
wsprintf	wsprintf	function	Windows CE	this-api	Windows CE supports only the Unicode version of wsprintf.	wsprintfA	corpus/chm/windows-ce-3.0/_wcesdk_Win32_wsprintf.html	_wcesdk_Win32_wsprintf	chm/windows-ce-3.0	ce30-internal-reference
wsprintf	wsprintf	function	Windows CE	this-api	Windows CE supports only the Unicode version of wsprintf.	wsprintfA	corpus/chm/windows-ce-5.0/wcecore5/html/wce50lrfwsprintf.html	wce50lrfwsprintf	chm/windows-ce-5.0/wcecore5/html	ms-media-copyright
wsprintf	wsprintf	function	Windows CE	this-api	Windows CE supports only the Unicode version of wsprintf.	wsprintfA	corpus/learn/windows-ce-5.0/aa450993(v=msdn.10).html	aa450993(v=msdn.10)	learn/windows-ce-5.0	learn-tou
wsprintf	wsprintf	function	Windows Embedded CE	this-api	Windows Embedded CE supports only the Unicode version of wsprintf.	wsprintfA	corpus/learn/windows-embedded-ce-6.0/ee487981(v=winembedded.60).html	ee487981(v=winembedded.60)	learn/windows-embedded-ce-6.0	learn-tou
wsprintf	wsprintf	function	Windows CE	this-api	Windows CE supports only the Unicode version of wsprintf.	wsprintfA	corpus/msdn-library/wcedevcon-99/wcesdkr/kf_w_10.html	kf_w_10	msdn-library/wcedevcon-99/wcesdkr	msdn-library-copyright
wsprintf	wsprintf	function	Windows CE	this-api	Windows CE Notes Supports only the Unicode version of this function.	wsprintfA	corpus/mvb/windows-ce-1.0/PEGSDK/AB95P.html	AB95P	mvb/windows-ce-1.0/PEGSDK	ms-media-copyright
wvsprintf	wvsprintf	function	Windows CE	this-api	Windows CE supports only the Unicode version of wvsprintf.	wvsprintfA	corpus/chm/windows-ce-3.0/_wcesdk_Win32_wvsprintf.html	_wcesdk_Win32_wvsprintf	chm/windows-ce-3.0	ce30-internal-reference
wvsprintf	wvsprintf	function	Windows CE	this-api	Windows CE supports only the Unicode version of wvsprintf.	wvsprintfA	corpus/chm/windows-ce-5.0/wcecore5/html/wce50lrfwvsprintf.html	wce50lrfwvsprintf	chm/windows-ce-5.0/wcecore5/html	ms-media-copyright
wvsprintf	wvsprintf	function	Windows CE	this-api	Windows CE supports only the Unicode version of wvsprintf.	wvsprintfA	corpus/learn/windows-ce-5.0/aa450994(v=msdn.10).html	aa450994(v=msdn.10)	learn/windows-ce-5.0	learn-tou
wvsprintf	wvsprintf	function	Windows Embedded CE	this-api	Windows Embedded CE supports only the Unicode version of wvsprintf.	wvsprintfA	corpus/learn/windows-embedded-ce-6.0/ee488164(v=winembedded.60).html	ee488164(v=winembedded.60)	learn/windows-embedded-ce-6.0	learn-tou
wvsprintf	wvsprintf	function	Windows CE	this-api	Windows CE supports only the Unicode version of wvsprintf.	wvsprintfA	corpus/msdn-library/wcedevcon-99/wcesdkr/kf_w_11.html	kf_w_11	msdn-library/wcedevcon-99/wcesdkr	msdn-library-copyright
wvsprintf	wvsprintf	function	Windows CE	this-api	Windows CE Notes Supports only the Unicode version of this function.	wvsprintfA	corpus/mvb/windows-ce-1.0/PEGSDK/AB100P.html	AB100P	mvb/windows-ce-1.0/PEGSDK	ms-media-copyright
